timestamp,hop_id,name,type,op_code,depth,allows_federated,result_ftype,reason_code,input_ftypes,dim1,dim2,is_sparse,input_ftypes_parsed,matrix_size,is_vector,has_input,num_inputs,ftype_category
2025-06-10 05:29:30.788,160,X,DataOp,TRead,45,True,ROW,PROPAGATE_FROM_INPUT,[],1000,100,False,[],100000,False,False,0,ROW
2025-06-10 05:29:30.789,164,sumXsq,DataOp,TWrite,46,True,null,PROPAGATE_FROM_INPUT,"[(hopID:845,name:X,ftype:null)]",-1,-1,False,"[{'hop_id': 845, 'name': 'X', 'ftype': 'null'}]",1,False,True,1,NULL
2025-06-10 05:29:30.802,178,is_row_in_samples,AggUnaryOp,+,127,False,null,UNKNOWN_HOP_TYPE,"[(hopID:963,name:tmp,ftype:null)]",341,1,False,"[{'hop_id': 963, 'name': 'tmp', 'ftype': 'null'}]",341,True,True,1,NULL
2025-06-10 05:29:30.802,178,is_row_in_samples,AggUnaryOp,+,127,False,null,DISALLOWED_OP,"[(hopID:963,name:tmp,ftype:null)]",341,1,False,"[{'hop_id': 963, 'name': 'tmp', 'ftype': 'null'}]",341,True,True,1,NULL
2025-06-10 05:29:30.803,180,X_samples,AggBinaryOp,AGGBINARY,130,True,null,AGGR_BINARY_MIXED_NULL,"[(hopID:963,name:tmp,ftype:null), (hopID:160,name:X,ftype:ROW)]",341,100,False,"[{'hop_id': 963, 'name': 'tmp', 'ftype': 'null'}, {'hop_id': 160, 'name': 'X', 'ftype': 'ROW'}]",34100,False,True,2,NULL
2025-06-10 05:29:30.803,180,X_samples,AggBinaryOp,AGGBINARY,131,True,null,TSMM_PATTERN,"[(hopID:963,name:tmp,ftype:null), (hopID:160,name:X,ftype:ROW)]",341,100,False,"[{'hop_id': 963, 'name': 'tmp', 'ftype': 'null'}, {'hop_id': 160, 'name': 'X', 'ftype': 'ROW'}]",34100,False,True,2,NULL
2025-06-10 05:29:30.803,180,X_samples,AggBinaryOp,AGGBINARY,131,True,null,PROPAGATE_FROM_INPUT,"[(hopID:963,name:tmp,ftype:null), (hopID:160,name:X,ftype:ROW)]",341,100,False,"[{'hop_id': 963, 'name': 'tmp', 'ftype': 'null'}, {'hop_id': 160, 'name': 'X', 'ftype': 'ROW'}]",34100,False,True,2,NULL
2025-06-10 05:29:30.803,181,X_samples,DataOp,TWrite,131,True,null,PROPAGATE_FROM_INPUT,"[(hopID:180,name:X_samples,ftype:null)]",341,100,False,"[{'hop_id': 180, 'name': 'X_samples', 'ftype': 'null'}]",34100,False,True,1,NULL
2025-06-10 05:29:30.804,185,X_samples_sq_norms,DataOp,TWrite,134,True,null,PROPAGATE_FROM_INPUT,"[(hopID:848,name:X_samples,ftype:null)]",341,1,False,"[{'hop_id': 848, 'name': 'X_samples', 'ftype': 'null'}]",341,True,True,1,NULL
2025-06-10 05:29:30.804,201,All_Centroids,DataGenOp,RAND,141,False,null,UNKNOWN_HOP_TYPE,"[(hopID:972,name:1.0,ftype:null), (hopID:998,name:0,ftype:null), (hopID:974,name:uniform,ftype:null), (hopID:993,name:-1,ftype:null), (hopID:998,name:0,ftype:null), (hopID:972,name:1.0,ftype:null), (hopID:850,name:4,ftype:null), (hopID:806,name:100,ftype:null)]",4,100,False,"[{'hop_id': 972, 'name': '1.0', 'ftype': 'null'}, {'hop_id': 998, 'name': '0', 'ftype': 'null'}, {'hop_id': 974, 'name': 'uniform', 'ftype': 'null'}, {'hop_id': 993, 'name': '-1', 'ftype': 'null'}, {'hop_id': 998, 'name': '0', 'ftype': 'null'}, {'hop_id': 972, 'name': '1.0', 'ftype': 'null'}, {'hop_id': 850, 'name': '4', 'ftype': 'null'}, {'hop_id': 806, 'name': '100', 'ftype': 'null'}]",400,False,True,8,NULL
2025-06-10 05:29:30.804,201,All_Centroids,DataGenOp,RAND,141,False,null,DISALLOWED_OP,"[(hopID:972,name:1.0,ftype:null), (hopID:998,name:0,ftype:null), (hopID:974,name:uniform,ftype:null), (hopID:993,name:-1,ftype:null), (hopID:998,name:0,ftype:null), (hopID:972,name:1.0,ftype:null), (hopID:850,name:4,ftype:null), (hopID:806,name:100,ftype:null)]",4,100,False,"[{'hop_id': 972, 'name': '1.0', 'ftype': 'null'}, {'hop_id': 998, 'name': '0', 'ftype': 'null'}, {'hop_id': 974, 'name': 'uniform', 'ftype': 'null'}, {'hop_id': 993, 'name': '-1', 'ftype': 'null'}, {'hop_id': 998, 'name': '0', 'ftype': 'null'}, {'hop_id': 972, 'name': '1.0', 'ftype': 'null'}, {'hop_id': 850, 'name': '4', 'ftype': 'null'}, {'hop_id': 806, 'name': '100', 'ftype': 'null'}]",400,False,True,8,NULL
2025-06-10 05:29:30.804,202,All_Centroids,DataOp,TWrite,141,True,null,PROPAGATE_FROM_INPUT,"[(hopID:201,name:All_Centroids,ftype:null)]",4,100,False,"[{'hop_id': 201, 'name': 'All_Centroids', 'ftype': 'null'}]",400,False,True,1,NULL
2025-06-10 05:29:30.805,203,min_distances,DataOp,TWrite,142,True,null,PROPAGATE_FROM_INPUT,"[(hopID:178,name:is_row_in_samples,ftype:null)]",341,1,False,"[{'hop_id': 178, 'name': 'is_row_in_samples', 'ftype': 'null'}]",341,True,True,1,NULL
2025-06-10 05:29:30.805,204,1,LiteralOp,UNKNOWN,145,False,null,UNKNOWN_HOP_TYPE,[],0,0,False,[],0,False,False,0,NULL
2025-06-10 05:29:30.805,204,1,LiteralOp,UNKNOWN,145,False,null,DISALLOWED_OP,[],0,0,False,[],0,False,False,0,NULL
2025-06-10 05:29:30.805,205,__pred,DataOp,TWrite,146,True,null,UNKNOWN_HOP_TYPE,"[(hopID:204,name:1,ftype:null)]",0,0,False,"[{'hop_id': 204, 'name': '1', 'ftype': 'null'}]",0,False,True,1,NULL
2025-06-10 05:29:30.805,205,__pred,DataOp,TWrite,147,True,null,SCALAR_HOP,"[(hopID:204,name:1,ftype:null)]",0,0,False,"[{'hop_id': 204, 'name': '1', 'ftype': 'null'}]",0,False,True,1,NULL
2025-06-10 05:29:30.805,205,__pred,DataOp,TWrite,147,True,null,PROPAGATE_FROM_INPUT,"[(hopID:204,name:1,ftype:null)]",0,0,False,"[{'hop_id': 204, 'name': '1', 'ftype': 'null'}]",0,False,True,1,NULL
2025-06-10 05:29:30.806,207,__pred,DataOp,TWrite,151,True,null,UNKNOWN_HOP_TYPE,"[(hopID:830,name:4,ftype:null)]",-1,-1,False,"[{'hop_id': 830, 'name': '4', 'ftype': 'null'}]",1,False,True,1,NULL
2025-06-10 05:29:30.806,207,__pred,DataOp,TWrite,152,True,null,SCALAR_HOP,"[(hopID:830,name:4,ftype:null)]",-1,-1,False,"[{'hop_id': 830, 'name': '4', 'ftype': 'null'}]",1,False,True,1,NULL
2025-06-10 05:29:30.806,207,__pred,DataOp,TWrite,152,True,null,PROPAGATE_FROM_INPUT,"[(hopID:830,name:4,ftype:null)]",-1,-1,False,"[{'hop_id': 830, 'name': '4', 'ftype': 'null'}]",1,False,True,1,NULL
2025-06-10 05:29:30.818,208,samples_vs_runs_map,DataOp,TRead,238,True,null,PROPAGATE_FROM_INPUT,[],341,-1,False,[],-341,False,False,0,NULL
2025-06-10 05:29:30.818,209,X_samples_sq_norms,DataOp,TRead,234,True,null,PROPAGATE_FROM_INPUT,[],341,1,False,[],341,True,False,0,NULL
2025-06-10 05:29:30.818,213,is_row_in_samples,DataOp,TRead,231,True,null,PROPAGATE_FROM_INPUT,[],341,1,False,[],341,True,False,0,NULL
2025-06-10 05:29:30.806,214,All_Centroids,DataOp,TRead,155,True,null,PROPAGATE_FROM_INPUT,[],4,100,False,[],400,False,False,0,NULL
2025-06-10 05:29:30.810,217,min_distances,DataOp,TRead,184,True,null,PROPAGATE_FROM_INPUT,[],341,1,False,[],341,True,False,0,NULL
2025-06-10 05:29:30.816,218,X_samples,DataOp,TRead,222,True,null,PROPAGATE_FROM_INPUT,[],341,100,False,[],34100,False,False,0,NULL
2025-06-10 05:29:30.816,219,false,LiteralOp,UNKNOWN,220,False,null,UNKNOWN_HOP_TYPE,[],0,0,False,[],0,False,False,0,NULL
2025-06-10 05:29:30.816,219,false,LiteralOp,UNKNOWN,220,False,null,DISALLOWED_OP,[],0,0,False,[],0,False,False,0,NULL
2025-06-10 05:29:30.810,222,cdf_min_distances,UnaryOp,ucumk+,185,True,null,UNARY_ALLOWED,"[(hopID:217,name:min_distances,ftype:null)]",341,1,False,"[{'hop_id': 217, 'name': 'min_distances', 'ftype': 'null'}]",341,True,True,1,NULL
2025-06-10 05:29:30.811,222,cdf_min_distances,UnaryOp,ucumk+,186,True,null,UNKNOWN_HOP_TYPE,"[(hopID:217,name:min_distances,ftype:null)]",341,1,False,"[{'hop_id': 217, 'name': 'min_distances', 'ftype': 'null'}]",341,True,True,1,NULL
2025-06-10 05:29:30.811,222,cdf_min_distances,UnaryOp,ucumk+,186,True,null,PROPAGATE_FROM_INPUT,"[(hopID:217,name:min_distances,ftype:null)]",341,1,False,"[{'hop_id': 217, 'name': 'min_distances', 'ftype': 'null'}]",341,True,True,1,NULL
2025-06-10 05:29:30.812,226,parsertemp112,BinaryOp,+,197,False,null,UNKNOWN_HOP_TYPE,"[(hopID:809,name:93,ftype:null), (hopID:211,name:i,ftype:null)]",0,0,False,"[{'hop_id': 809, 'name': '93', 'ftype': 'null'}, {'hop_id': 211, 'name': 'i', 'ftype': 'null'}]",0,False,True,2,NULL
2025-06-10 05:29:30.812,226,parsertemp112,BinaryOp,+,197,False,null,DISALLOWED_OP,"[(hopID:809,name:93,ftype:null), (hopID:211,name:i,ftype:null)]",0,0,False,"[{'hop_id': 809, 'name': '93', 'ftype': 'null'}, {'hop_id': 211, 'name': 'i', 'ftype': 'null'}]",0,False,True,2,NULL
2025-06-10 05:29:30.811,229,0.0,LiteralOp,UNKNOWN,191,False,null,UNKNOWN_HOP_TYPE,[],0,0,False,[],0,False,False,0,NULL
2025-06-10 05:29:30.811,229,0.0,LiteralOp,UNKNOWN,191,False,null,DISALLOWED_OP,[],0,0,False,[],0,False,False,0,NULL
2025-06-10 05:29:30.811,230,uniform,LiteralOp,UNKNOWN,193,False,null,UNKNOWN_HOP_TYPE,[],0,0,False,[],0,False,False,0,NULL
2025-06-10 05:29:30.811,230,uniform,LiteralOp,UNKNOWN,193,False,null,DISALLOWED_OP,[],0,0,False,[],0,False,False,0,NULL
2025-06-10 05:29:30.812,234,random_row,DataGenOp,RAND,198,False,null,UNKNOWN_HOP_TYPE,"[(hopID:268,name:1.0,ftype:null), (hopID:229,name:0.0,ftype:null), (hopID:230,name:uniform,ftype:null), (hopID:226,name:parsertemp112,ftype:null), (hopID:268,name:1.0,ftype:null), (hopID:268,name:1.0,ftype:null), (hopID:808,name:1,ftype:null), (hopID:808,name:1,ftype:null)]",1,1,False,"[{'hop_id': 268, 'name': '1.0', 'ftype': 'null'}, {'hop_id': 229, 'name': '0.0', 'ftype': 'null'}, {'hop_id': 230, 'name': 'uniform', 'ftype': 'null'}, {'hop_id': 226, 'name': 'parsertemp112', 'ftype': 'null'}, {'hop_id': 268, 'name': '1.0', 'ftype': 'null'}, {'hop_id': 268, 'name': '1.0', 'ftype': 'null'}, {'hop_id': 808, 'name': '1', 'ftype': 'null'}, {'hop_id': 808, 'name': '1', 'ftype': 'null'}]",1,True,True,8,NULL
2025-06-10 05:29:30.812,234,random_row,DataGenOp,RAND,198,False,null,DISALLOWED_OP,"[(hopID:268,name:1.0,ftype:null), (hopID:229,name:0.0,ftype:null), (hopID:230,name:uniform,ftype:null), (hopID:226,name:parsertemp112,ftype:null), (hopID:268,name:1.0,ftype:null), (hopID:268,name:1.0,ftype:null), (hopID:808,name:1,ftype:null), (hopID:808,name:1,ftype:null)]",1,1,False,"[{'hop_id': 268, 'name': '1.0', 'ftype': 'null'}, {'hop_id': 229, 'name': '0.0', 'ftype': 'null'}, {'hop_id': 230, 'name': 'uniform', 'ftype': 'null'}, {'hop_id': 226, 'name': 'parsertemp112', 'ftype': 'null'}, {'hop_id': 268, 'name': '1.0', 'ftype': 'null'}, {'hop_id': 268, 'name': '1.0', 'ftype': 'null'}, {'hop_id': 808, 'name': '1', 'ftype': 'null'}, {'hop_id': 808, 'name': '1', 'ftype': 'null'}]",1,True,True,8,NULL
2025-06-10 05:29:30.813,237,cdf_min_distances,IndexingOp,UNKNOWN,205,False,null,UNKNOWN_HOP_TYPE,"[(hopID:222,name:cdf_min_distances,ftype:null), (hopID:1005,name:341,ftype:null), (hopID:1005,name:341,ftype:null), (hopID:808,name:1,ftype:null), (hopID:808,name:1,ftype:null)]",1,1,False,"[{'hop_id': 222, 'name': 'cdf_min_distances', 'ftype': 'null'}, {'hop_id': 1005, 'name': '341', 'ftype': 'null'}, {'hop_id': 1005, 'name': '341', 'ftype': 'null'}, {'hop_id': 808, 'name': '1', 'ftype': 'null'}, {'hop_id': 808, 'name': '1', 'ftype': 'null'}]",1,True,True,5,NULL
2025-06-10 05:29:30.813,237,cdf_min_distances,IndexingOp,UNKNOWN,205,False,null,DISALLOWED_OP,"[(hopID:222,name:cdf_min_distances,ftype:null), (hopID:1005,name:341,ftype:null), (hopID:1005,name:341,ftype:null), (hopID:808,name:1,ftype:null), (hopID:808,name:1,ftype:null)]",1,1,False,"[{'hop_id': 222, 'name': 'cdf_min_distances', 'ftype': 'null'}, {'hop_id': 1005, 'name': '341', 'ftype': 'null'}, {'hop_id': 1005, 'name': '341', 'ftype': 'null'}, {'hop_id': 808, 'name': '1', 'ftype': 'null'}, {'hop_id': 808, 'name': '1', 'ftype': 'null'}]",1,True,True,5,NULL
2025-06-10 05:29:30.814,239,parsertemp115,BinaryOp,<,209,False,null,DISALLOWED_OP,"[(hopID:222,name:cdf_min_distances,ftype:null), (hopID:872,name:random_row,ftype:null)]",341,1,False,"[{'hop_id': 222, 'name': 'cdf_min_distances', 'ftype': 'null'}, {'hop_id': 872, 'name': 'random_row', 'ftype': 'null'}]",341,True,True,2,NULL
2025-06-10 05:29:30.814,240,parsertemp116,AggUnaryOp,+,210,False,null,UNKNOWN_HOP_TYPE,"[(hopID:239,name:parsertemp115,ftype:null)]",1,1,False,"[{'hop_id': 239, 'name': 'parsertemp115', 'ftype': 'null'}]",1,True,True,1,NULL
2025-06-10 05:29:30.814,240,parsertemp116,AggUnaryOp,+,210,False,null,DISALLOWED_OP,"[(hopID:239,name:parsertemp115,ftype:null)]",1,1,False,"[{'hop_id': 239, 'name': 'parsertemp115', 'ftype': 'null'}]",1,True,True,1,NULL
2025-06-10 05:29:30.815,243,centroid_ids,BinaryOp,+,213,False,null,DISALLOWED_OP,"[(hopID:863,name:parsertemp116,ftype:null), (hopID:808,name:1,ftype:null)]",1,1,False,"[{'hop_id': 863, 'name': 'parsertemp116', 'ftype': 'null'}, {'hop_id': 808, 'name': '1', 'ftype': 'null'}]",1,True,True,2,NULL
2025-06-10 05:29:30.809,246,parsertemp119,DataGenOp,SEQ,170,False,null,UNKNOWN_HOP_TYPE,"[(hopID:808,name:1,ftype:null), (hopID:808,name:1,ftype:null), (hopID:808,name:1,ftype:null)]",1,1,False,"[{'hop_id': 808, 'name': '1', 'ftype': 'null'}, {'hop_id': 808, 'name': '1', 'ftype': 'null'}, {'hop_id': 808, 'name': '1', 'ftype': 'null'}]",1,True,True,3,NULL
2025-06-10 05:29:30.809,246,parsertemp119,DataGenOp,SEQ,170,False,null,DISALLOWED_OP,"[(hopID:808,name:1,ftype:null), (hopID:808,name:1,ftype:null), (hopID:808,name:1,ftype:null)]",1,1,False,"[{'hop_id': 808, 'name': '1', 'ftype': 'null'}, {'hop_id': 808, 'name': '1', 'ftype': 'null'}, {'hop_id': 808, 'name': '1', 'ftype': 'null'}]",1,True,True,3,NULL
2025-06-10 05:29:30.815,251,parsertemp121,DataGenOp,SEQ,215,False,null,UNKNOWN_HOP_TYPE,"[(hopID:808,name:1,ftype:null), (hopID:854,name:0,ftype:null), (hopID:854,name:0,ftype:null)]",1,1,False,"[{'hop_id': 808, 'name': '1', 'ftype': 'null'}, {'hop_id': 854, 'name': '0', 'ftype': 'null'}, {'hop_id': 854, 'name': '0', 'ftype': 'null'}]",1,True,True,3,NULL
2025-06-10 05:29:30.815,251,parsertemp121,DataGenOp,SEQ,215,False,null,DISALLOWED_OP,"[(hopID:808,name:1,ftype:null), (hopID:854,name:0,ftype:null), (hopID:854,name:0,ftype:null)]",1,1,False,"[{'hop_id': 808, 'name': '1', 'ftype': 'null'}, {'hop_id': 854, 'name': '0', 'ftype': 'null'}, {'hop_id': 854, 'name': '0', 'ftype': 'null'}]",1,True,True,3,NULL
2025-06-10 05:29:30.817,258,centroids,AggBinaryOp,AGGBINARY,223,False,null,AGGR_BINARY_PROPAGATE,"[(hopID:861,name:tmp,ftype:null), (hopID:218,name:X_samples,ftype:null)]",1,100,False,"[{'hop_id': 861, 'name': 'tmp', 'ftype': 'null'}, {'hop_id': 218, 'name': 'X_samples', 'ftype': 'null'}]",100,True,True,2,NULL
2025-06-10 05:29:30.817,258,centroids,AggBinaryOp,AGGBINARY,223,False,null,DISALLOWED_OP,"[(hopID:861,name:tmp,ftype:null), (hopID:218,name:X_samples,ftype:null)]",1,100,False,"[{'hop_id': 861, 'name': 'tmp', 'ftype': 'null'}, {'hop_id': 218, 'name': 'X_samples', 'ftype': 'null'}]",100,True,True,2,NULL
2025-06-10 05:29:30.808,262,parsertemp129,BinaryOp,+,165,False,null,UNKNOWN_HOP_TYPE,"[(hopID:854,name:0,ftype:null), (hopID:211,name:i,ftype:null)]",0,0,False,"[{'hop_id': 854, 'name': '0', 'ftype': 'null'}, {'hop_id': 211, 'name': 'i', 'ftype': 'null'}]",0,False,True,2,NULL
2025-06-10 05:29:30.808,262,parsertemp129,BinaryOp,+,165,False,null,DISALLOWED_OP,"[(hopID:854,name:0,ftype:null), (hopID:211,name:i,ftype:null)]",0,0,False,"[{'hop_id': 854, 'name': '0', 'ftype': 'null'}, {'hop_id': 211, 'name': 'i', 'ftype': 'null'}]",0,False,True,2,NULL
2025-06-10 05:29:30.809,263,parsertemp130,DataGenOp,SEQ,166,False,null,UNKNOWN_HOP_TYPE,"[(hopID:807,name:4,ftype:null), (hopID:211,name:i,ftype:null), (hopID:262,name:parsertemp129,ftype:null)]",4,1,False,"[{'hop_id': 807, 'name': '4', 'ftype': 'null'}, {'hop_id': 211, 'name': 'i', 'ftype': 'null'}, {'hop_id': 262, 'name': 'parsertemp129', 'ftype': 'null'}]",4,True,True,3,NULL
2025-06-10 05:29:30.809,263,parsertemp130,DataGenOp,SEQ,166,False,null,DISALLOWED_OP,"[(hopID:807,name:4,ftype:null), (hopID:211,name:i,ftype:null), (hopID:262,name:parsertemp129,ftype:null)]",4,1,False,"[{'hop_id': 807, 'name': '4', 'ftype': 'null'}, {'hop_id': 211, 'name': 'i', 'ftype': 'null'}, {'hop_id': 262, 'name': 'parsertemp129', 'ftype': 'null'}]",4,True,True,3,NULL
2025-06-10 05:29:30.809,268,1.0,LiteralOp,UNKNOWN,172,False,null,UNKNOWN_HOP_TYPE,[],0,0,False,[],0,False,False,0,NULL
2025-06-10 05:29:30.809,268,1.0,LiteralOp,UNKNOWN,172,False,null,DISALLOWED_OP,[],0,0,False,[],0,False,False,0,NULL
2025-06-10 05:29:30.810,270,true,LiteralOp,UNKNOWN,174,False,null,UNKNOWN_HOP_TYPE,[],-1,-1,False,[],1,False,False,0,NULL
2025-06-10 05:29:30.810,270,true,LiteralOp,UNKNOWN,174,False,null,DISALLOWED_OP,[],-1,-1,False,[],1,False,False,0,NULL
2025-06-10 05:29:30.810,271,centroid_placer,TernaryOp,ctable,175,False,null,UNKNOWN_HOP_TYPE,"[(hopID:263,name:parsertemp130,ftype:null), (hopID:246,name:parsertemp119,ftype:null), (hopID:268,name:1.0,ftype:null), (hopID:807,name:4,ftype:null), (hopID:808,name:1,ftype:null), (hopID:270,name:true,ftype:null)]",4,1,False,"[{'hop_id': 263, 'name': 'parsertemp130', 'ftype': 'null'}, {'hop_id': 246, 'name': 'parsertemp119', 'ftype': 'null'}, {'hop_id': 268, 'name': '1.0', 'ftype': 'null'}, {'hop_id': 807, 'name': '4', 'ftype': 'null'}, {'hop_id': 808, 'name': '1', 'ftype': 'null'}, {'hop_id': 270, 'name': 'true', 'ftype': 'null'}]",4,True,True,6,NULL
2025-06-10 05:29:30.810,271,centroid_placer,TernaryOp,ctable,175,False,null,DISALLOWED_OP,"[(hopID:263,name:parsertemp130,ftype:null), (hopID:246,name:parsertemp119,ftype:null), (hopID:268,name:1.0,ftype:null), (hopID:807,name:4,ftype:null), (hopID:808,name:1,ftype:null), (hopID:270,name:true,ftype:null)]",4,1,False,"[{'hop_id': 263, 'name': 'parsertemp130', 'ftype': 'null'}, {'hop_id': 246, 'name': 'parsertemp119', 'ftype': 'null'}, {'hop_id': 268, 'name': '1.0', 'ftype': 'null'}, {'hop_id': 807, 'name': '4', 'ftype': 'null'}, {'hop_id': 808, 'name': '1', 'ftype': 'null'}, {'hop_id': 270, 'name': 'true', 'ftype': 'null'}]",4,True,True,6,NULL
2025-06-10 05:29:30.817,272,parsertemp134,AggBinaryOp,AGGBINARY,224,False,null,AGGR_BINARY_PROPAGATE,"[(hopID:271,name:centroid_placer,ftype:null), (hopID:258,name:centroids,ftype:null)]",4,100,False,"[{'hop_id': 271, 'name': 'centroid_placer', 'ftype': 'null'}, {'hop_id': 258, 'name': 'centroids', 'ftype': 'null'}]",400,False,True,2,NULL
2025-06-10 05:29:30.817,272,parsertemp134,AggBinaryOp,AGGBINARY,224,False,null,DISALLOWED_OP,"[(hopID:271,name:centroid_placer,ftype:null), (hopID:258,name:centroids,ftype:null)]",4,100,False,"[{'hop_id': 271, 'name': 'centroid_placer', 'ftype': 'null'}, {'hop_id': 258, 'name': 'centroids', 'ftype': 'null'}]",400,False,True,2,NULL
2025-06-10 05:29:30.817,273,All_Centroids,BinaryOp,+,225,False,null,DISALLOWED_OP,"[(hopID:214,name:All_Centroids,ftype:null), (hopID:272,name:parsertemp134,ftype:null)]",4,100,False,"[{'hop_id': 214, 'name': 'All_Centroids', 'ftype': 'null'}, {'hop_id': 272, 'name': 'parsertemp134', 'ftype': 'null'}]",400,False,True,2,NULL
2025-06-10 05:29:30.817,274,All_Centroids,DataOp,TWrite,225,True,null,PROPAGATE_FROM_INPUT,"[(hopID:273,name:All_Centroids,ftype:null)]",4,100,False,"[{'hop_id': 273, 'name': 'All_Centroids', 'ftype': 'null'}]",400,False,True,1,NULL
2025-06-10 05:29:30.819,275,2,LiteralOp,UNKNOWN,242,False,null,UNKNOWN_HOP_TYPE,[],0,0,False,[],0,False,False,0,NULL
2025-06-10 05:29:30.819,275,2,LiteralOp,UNKNOWN,242,False,null,DISALLOWED_OP,[],0,0,False,[],0,False,False,0,NULL
2025-06-10 05:29:30.819,279,parsertemp139,BinaryOp,+,240,False,null,DISALLOWED_OP,"[(hopID:209,name:X_samples_sq_norms,ftype:null), (hopID:868,name:samples_vs_runs_map,ftype:null)]",341,1,False,"[{'hop_id': 209, 'name': 'X_samples_sq_norms', 'ftype': 'null'}, {'hop_id': 868, 'name': 'samples_vs_runs_map', 'ftype': 'null'}]",341,True,True,2,NULL
2025-06-10 05:29:30.819,281,parsertemp140,AggBinaryOp,AGGBINARY,246,False,null,AGGR_BINARY_PROPAGATE,"[(hopID:208,name:samples_vs_runs_map,ftype:null), (hopID:258,name:centroids,ftype:null)]",341,100,False,"[{'hop_id': 208, 'name': 'samples_vs_runs_map', 'ftype': 'null'}, {'hop_id': 258, 'name': 'centroids', 'ftype': 'null'}]",34100,False,True,2,NULL
2025-06-10 05:29:30.819,281,parsertemp140,AggBinaryOp,AGGBINARY,246,False,null,DISALLOWED_OP,"[(hopID:208,name:samples_vs_runs_map,ftype:null), (hopID:258,name:centroids,ftype:null)]",341,100,False,"[{'hop_id': 208, 'name': 'samples_vs_runs_map', 'ftype': 'null'}, {'hop_id': 258, 'name': 'centroids', 'ftype': 'null'}]",34100,False,True,2,NULL
2025-06-10 05:29:30.819,282,parsertemp141,BinaryOp,*,247,False,null,DISALLOWED_OP,"[(hopID:218,name:X_samples,ftype:null), (hopID:281,name:parsertemp140,ftype:null)]",341,100,False,"[{'hop_id': 218, 'name': 'X_samples', 'ftype': 'null'}, {'hop_id': 281, 'name': 'parsertemp140', 'ftype': 'null'}]",34100,False,True,2,NULL
2025-06-10 05:29:30.820,283,parsertemp142,AggUnaryOp,+,248,False,null,UNKNOWN_HOP_TYPE,"[(hopID:282,name:parsertemp141,ftype:null)]",341,1,False,"[{'hop_id': 282, 'name': 'parsertemp141', 'ftype': 'null'}]",341,True,True,1,NULL
2025-06-10 05:29:30.820,283,parsertemp142,AggUnaryOp,+,248,False,null,DISALLOWED_OP,"[(hopID:282,name:parsertemp141,ftype:null)]",341,1,False,"[{'hop_id': 282, 'name': 'parsertemp141', 'ftype': 'null'}]",341,True,True,1,NULL
2025-06-10 05:29:30.817,287,parsertemp145,BinaryOp,==,229,False,null,UNKNOWN_HOP_TYPE,"[(hopID:211,name:i,ftype:null), (hopID:808,name:1,ftype:null)]",0,0,False,"[{'hop_id': 211, 'name': 'i', 'ftype': 'null'}, {'hop_id': 808, 'name': '1', 'ftype': 'null'}]",0,False,True,2,NULL
2025-06-10 05:29:30.817,287,parsertemp145,BinaryOp,==,229,False,null,DISALLOWED_OP,"[(hopID:211,name:i,ftype:null), (hopID:808,name:1,ftype:null)]",0,0,False,"[{'hop_id': 211, 'name': 'i', 'ftype': 'null'}, {'hop_id': 808, 'name': '1', 'ftype': 'null'}]",0,False,True,2,NULL
2025-06-10 05:29:30.820,288,parsertemp146,BinaryOp,*,250,False,null,DISALLOWED_OP,"[(hopID:213,name:is_row_in_samples,ftype:null), (hopID:1001,name:tmp,ftype:null)]",341,1,False,"[{'hop_id': 213, 'name': 'is_row_in_samples', 'ftype': 'null'}, {'hop_id': 1001, 'name': 'tmp', 'ftype': 'null'}]",341,True,True,2,NULL
2025-06-10 05:29:30.820,289,parsertemp147,BinaryOp,min,252,False,null,BINARY_MIN_DISALLOWED,"[(hopID:217,name:min_distances,ftype:null), (hopID:1001,name:tmp,ftype:null)]",341,1,False,"[{'hop_id': 217, 'name': 'min_distances', 'ftype': 'null'}, {'hop_id': 1001, 'name': 'tmp', 'ftype': 'null'}]",341,True,True,2,NULL
2025-06-10 05:29:30.820,289,parsertemp147,BinaryOp,min,252,False,null,DISALLOWED_OP,"[(hopID:217,name:min_distances,ftype:null), (hopID:1001,name:tmp,ftype:null)]",341,1,False,"[{'hop_id': 217, 'name': 'min_distances', 'ftype': 'null'}, {'hop_id': 1001, 'name': 'tmp', 'ftype': 'null'}]",341,True,True,2,NULL
2025-06-10 05:29:30.821,290,min_distances,TernaryOp,ifelse,253,False,null,UNKNOWN_HOP_TYPE,"[(hopID:287,name:parsertemp145,ftype:null), (hopID:288,name:parsertemp146,ftype:null), (hopID:289,name:parsertemp147,ftype:null)]",341,1,False,"[{'hop_id': 287, 'name': 'parsertemp145', 'ftype': 'null'}, {'hop_id': 288, 'name': 'parsertemp146', 'ftype': 'null'}, {'hop_id': 289, 'name': 'parsertemp147', 'ftype': 'null'}]",341,True,True,3,NULL
2025-06-10 05:29:30.821,290,min_distances,TernaryOp,ifelse,253,False,null,DISALLOWED_OP,"[(hopID:287,name:parsertemp145,ftype:null), (hopID:288,name:parsertemp146,ftype:null), (hopID:289,name:parsertemp147,ftype:null)]",341,1,False,"[{'hop_id': 287, 'name': 'parsertemp145', 'ftype': 'null'}, {'hop_id': 288, 'name': 'parsertemp146', 'ftype': 'null'}, {'hop_id': 289, 'name': 'parsertemp147', 'ftype': 'null'}]",341,True,True,3,NULL
2025-06-10 05:29:30.821,291,min_distances,DataOp,TWrite,253,True,null,PROPAGATE_FROM_INPUT,"[(hopID:290,name:min_distances,ftype:null)]",341,1,False,"[{'hop_id': 290, 'name': 'min_distances', 'ftype': 'null'}]",341,True,True,1,NULL
2025-06-10 05:29:30.821,293,1.0,LiteralOp,UNKNOWN,257,False,null,UNKNOWN_HOP_TYPE,[],0,0,False,[],0,False,False,0,NULL
2025-06-10 05:29:30.821,293,1.0,LiteralOp,UNKNOWN,257,False,null,DISALLOWED_OP,[],0,0,False,[],0,False,False,0,NULL
2025-06-10 05:29:30.821,294,0,LiteralOp,UNKNOWN,259,False,null,UNKNOWN_HOP_TYPE,[],0,0,False,[],0,False,False,0,NULL
2025-06-10 05:29:30.821,294,0,LiteralOp,UNKNOWN,259,False,null,DISALLOWED_OP,[],0,0,False,[],0,False,False,0,NULL
2025-06-10 05:29:30.821,295,uniform,LiteralOp,UNKNOWN,261,False,null,UNKNOWN_HOP_TYPE,[],0,0,False,[],0,False,False,0,NULL
2025-06-10 05:29:30.821,295,uniform,LiteralOp,UNKNOWN,261,False,null,DISALLOWED_OP,[],0,0,False,[],0,False,False,0,NULL
2025-06-10 05:29:30.822,296,-1,LiteralOp,UNKNOWN,263,False,null,UNKNOWN_HOP_TYPE,[],0,0,False,[],0,False,False,0,NULL
2025-06-10 05:29:30.822,296,-1,LiteralOp,UNKNOWN,263,False,null,DISALLOWED_OP,[],0,0,False,[],0,False,False,0,NULL
2025-06-10 05:29:30.822,300,termination_code,DataGenOp,RAND,266,False,null,UNKNOWN_HOP_TYPE,"[(hopID:293,name:1.0,ftype:null), (hopID:294,name:0,ftype:null), (hopID:295,name:uniform,ftype:null), (hopID:296,name:-1,ftype:null), (hopID:294,name:0,ftype:null), (hopID:293,name:1.0,ftype:null), (hopID:810,name:1,ftype:null), (hopID:810,name:1,ftype:null)]",1,1,False,"[{'hop_id': 293, 'name': '1.0', 'ftype': 'null'}, {'hop_id': 294, 'name': '0', 'ftype': 'null'}, {'hop_id': 295, 'name': 'uniform', 'ftype': 'null'}, {'hop_id': 296, 'name': '-1', 'ftype': 'null'}, {'hop_id': 294, 'name': '0', 'ftype': 'null'}, {'hop_id': 293, 'name': '1.0', 'ftype': 'null'}, {'hop_id': 810, 'name': '1', 'ftype': 'null'}, {'hop_id': 810, 'name': '1', 'ftype': 'null'}]",1,True,True,8,NULL
2025-06-10 05:29:30.822,300,termination_code,DataGenOp,RAND,266,False,null,DISALLOWED_OP,"[(hopID:293,name:1.0,ftype:null), (hopID:294,name:0,ftype:null), (hopID:295,name:uniform,ftype:null), (hopID:296,name:-1,ftype:null), (hopID:294,name:0,ftype:null), (hopID:293,name:1.0,ftype:null), (hopID:810,name:1,ftype:null), (hopID:810,name:1,ftype:null)]",1,1,False,"[{'hop_id': 293, 'name': '1.0', 'ftype': 'null'}, {'hop_id': 294, 'name': '0', 'ftype': 'null'}, {'hop_id': 295, 'name': 'uniform', 'ftype': 'null'}, {'hop_id': 296, 'name': '-1', 'ftype': 'null'}, {'hop_id': 294, 'name': '0', 'ftype': 'null'}, {'hop_id': 293, 'name': '1.0', 'ftype': 'null'}, {'hop_id': 810, 'name': '1', 'ftype': 'null'}, {'hop_id': 810, 'name': '1', 'ftype': 'null'}]",1,True,True,8,NULL
2025-06-10 05:29:30.822,301,termination_code,DataOp,TWrite,266,True,null,PROPAGATE_FROM_INPUT,"[(hopID:300,name:termination_code,ftype:null)]",1,1,False,"[{'hop_id': 300, 'name': 'termination_code', 'ftype': 'null'}]",1,True,True,1,NULL
2025-06-10 05:29:30.822,310,final_wcss,DataOp,TWrite,267,True,null,PROPAGATE_FROM_INPUT,"[(hopID:300,name:termination_code,ftype:null)]",1,1,False,"[{'hop_id': 300, 'name': 'termination_code', 'ftype': 'null'}]",1,True,True,1,NULL
2025-06-10 05:29:30.822,319,num_iterations,DataOp,TWrite,268,True,null,PROPAGATE_FROM_INPUT,"[(hopID:300,name:termination_code,ftype:null)]",1,1,False,"[{'hop_id': 300, 'name': 'termination_code', 'ftype': 'null'}]",1,True,True,1,NULL
2025-06-10 05:29:30.823,324,1,LiteralOp,UNKNOWN,271,False,null,UNKNOWN_HOP_TYPE,[],0,0,False,[],0,False,False,0,NULL
2025-06-10 05:29:30.823,324,1,LiteralOp,UNKNOWN,271,False,null,DISALLOWED_OP,[],0,0,False,[],0,False,False,0,NULL
2025-06-10 05:29:30.823,325,__pred,DataOp,TWrite,272,True,null,UNKNOWN_HOP_TYPE,"[(hopID:324,name:1,ftype:null)]",0,0,False,"[{'hop_id': 324, 'name': '1', 'ftype': 'null'}]",0,False,True,1,NULL
2025-06-10 05:29:30.823,325,__pred,DataOp,TWrite,273,True,null,SCALAR_HOP,"[(hopID:324,name:1,ftype:null)]",0,0,False,"[{'hop_id': 324, 'name': '1', 'ftype': 'null'}]",0,False,True,1,NULL
2025-06-10 05:29:30.823,325,__pred,DataOp,TWrite,273,True,null,PROPAGATE_FROM_INPUT,"[(hopID:324,name:1,ftype:null)]",0,0,False,"[{'hop_id': 324, 'name': '1', 'ftype': 'null'}]",0,False,True,1,NULL
2025-06-10 05:29:30.823,327,__pred,DataOp,TWrite,277,True,null,UNKNOWN_HOP_TYPE,"[(hopID:831,name:1,ftype:null)]",-1,-1,False,"[{'hop_id': 831, 'name': '1', 'ftype': 'null'}]",1,False,True,1,NULL
2025-06-10 05:29:30.824,327,__pred,DataOp,TWrite,278,True,null,SCALAR_HOP,"[(hopID:831,name:1,ftype:null)]",-1,-1,False,"[{'hop_id': 831, 'name': '1', 'ftype': 'null'}]",1,False,True,1,NULL
2025-06-10 05:29:30.824,327,__pred,DataOp,TWrite,278,True,null,PROPAGATE_FROM_INPUT,"[(hopID:831,name:1,ftype:null)]",-1,-1,False,"[{'hop_id': 831, 'name': '1', 'ftype': 'null'}]",1,False,True,1,NULL
2025-06-10 05:29:30.824,329,All_Centroids,DataOp,TRead,281,True,null,PROPAGATE_FROM_INPUT,[],4,100,False,[],400,False,False,0,NULL
2025-06-10 05:29:30.824,331,1,LiteralOp,UNKNOWN,289,False,null,UNKNOWN_HOP_TYPE,[],0,0,False,[],0,False,False,0,NULL
2025-06-10 05:29:30.824,331,1,LiteralOp,UNKNOWN,289,False,null,DISALLOWED_OP,[],0,0,False,[],0,False,False,0,NULL
2025-06-10 05:29:30.824,332,parsertemp248,BinaryOp,-,290,False,null,UNKNOWN_HOP_TYPE,"[(hopID:328,name:run_index,ftype:null), (hopID:331,name:1,ftype:null)]",0,0,False,"[{'hop_id': 328, 'name': 'run_index', 'ftype': 'null'}, {'hop_id': 331, 'name': '1', 'ftype': 'null'}]",0,False,True,2,NULL
2025-06-10 05:29:30.824,332,parsertemp248,BinaryOp,-,290,False,null,DISALLOWED_OP,"[(hopID:328,name:run_index,ftype:null), (hopID:331,name:1,ftype:null)]",0,0,False,"[{'hop_id': 328, 'name': 'run_index', 'ftype': 'null'}, {'hop_id': 331, 'name': '1', 'ftype': 'null'}]",0,False,True,2,NULL
2025-06-10 05:29:30.824,333,parsertemp249,BinaryOp,*,291,False,null,UNKNOWN_HOP_TYPE,"[(hopID:811,name:4,ftype:null), (hopID:332,name:parsertemp248,ftype:null)]",0,0,False,"[{'hop_id': 811, 'name': '4', 'ftype': 'null'}, {'hop_id': 332, 'name': 'parsertemp248', 'ftype': 'null'}]",0,False,True,2,NULL
2025-06-10 05:29:30.824,333,parsertemp249,BinaryOp,*,291,False,null,DISALLOWED_OP,"[(hopID:811,name:4,ftype:null), (hopID:332,name:parsertemp248,ftype:null)]",0,0,False,"[{'hop_id': 811, 'name': '4', 'ftype': 'null'}, {'hop_id': 332, 'name': 'parsertemp248', 'ftype': 'null'}]",0,False,True,2,NULL
2025-06-10 05:29:30.825,335,parsertemp250,BinaryOp,+,292,False,null,UNKNOWN_HOP_TYPE,"[(hopID:333,name:parsertemp249,ftype:null), (hopID:331,name:1,ftype:null)]",0,0,False,"[{'hop_id': 333, 'name': 'parsertemp249', 'ftype': 'null'}, {'hop_id': 331, 'name': '1', 'ftype': 'null'}]",0,False,True,2,NULL
2025-06-10 05:29:30.825,335,parsertemp250,BinaryOp,+,292,False,null,DISALLOWED_OP,"[(hopID:333,name:parsertemp249,ftype:null), (hopID:331,name:1,ftype:null)]",0,0,False,"[{'hop_id': 333, 'name': 'parsertemp249', 'ftype': 'null'}, {'hop_id': 331, 'name': '1', 'ftype': 'null'}]",0,False,True,2,NULL
2025-06-10 05:29:30.825,337,parsertemp251,BinaryOp,*,294,False,null,UNKNOWN_HOP_TYPE,"[(hopID:811,name:4,ftype:null), (hopID:328,name:run_index,ftype:null)]",0,0,False,"[{'hop_id': 811, 'name': '4', 'ftype': 'null'}, {'hop_id': 328, 'name': 'run_index', 'ftype': 'null'}]",0,False,True,2,NULL
2025-06-10 05:29:30.825,337,parsertemp251,BinaryOp,*,294,False,null,DISALLOWED_OP,"[(hopID:811,name:4,ftype:null), (hopID:328,name:run_index,ftype:null)]",0,0,False,"[{'hop_id': 811, 'name': '4', 'ftype': 'null'}, {'hop_id': 328, 'name': 'run_index', 'ftype': 'null'}]",0,False,True,2,NULL
2025-06-10 05:29:30.825,339,C,IndexingOp,UNKNOWN,297,False,null,UNKNOWN_HOP_TYPE,"[(hopID:329,name:All_Centroids,ftype:null), (hopID:335,name:parsertemp250,ftype:null), (hopID:337,name:parsertemp251,ftype:null), (hopID:331,name:1,ftype:null), (hopID:873,name:100,ftype:null)]",4,100,False,"[{'hop_id': 329, 'name': 'All_Centroids', 'ftype': 'null'}, {'hop_id': 335, 'name': 'parsertemp250', 'ftype': 'null'}, {'hop_id': 337, 'name': 'parsertemp251', 'ftype': 'null'}, {'hop_id': 331, 'name': '1', 'ftype': 'null'}, {'hop_id': 873, 'name': '100', 'ftype': 'null'}]",400,False,True,5,NULL
2025-06-10 05:29:30.825,339,C,IndexingOp,UNKNOWN,297,False,null,DISALLOWED_OP,"[(hopID:329,name:All_Centroids,ftype:null), (hopID:335,name:parsertemp250,ftype:null), (hopID:337,name:parsertemp251,ftype:null), (hopID:331,name:1,ftype:null), (hopID:873,name:100,ftype:null)]",4,100,False,"[{'hop_id': 329, 'name': 'All_Centroids', 'ftype': 'null'}, {'hop_id': 335, 'name': 'parsertemp250', 'ftype': 'null'}, {'hop_id': 337, 'name': 'parsertemp251', 'ftype': 'null'}, {'hop_id': 331, 'name': '1', 'ftype': 'null'}, {'hop_id': 873, 'name': '100', 'ftype': 'null'}]",400,False,True,5,NULL
2025-06-10 05:29:30.825,340,C,DataOp,TWrite,297,True,null,PROPAGATE_FROM_INPUT,"[(hopID:339,name:C,ftype:null)]",4,100,False,"[{'hop_id': 339, 'name': 'C', 'ftype': 'null'}]",400,False,True,1,NULL
2025-06-10 05:29:30.825,341,C_old,DataOp,TWrite,298,True,null,PROPAGATE_FROM_INPUT,"[(hopID:339,name:C,ftype:null)]",4,100,False,"[{'hop_id': 339, 'name': 'C', 'ftype': 'null'}]",400,False,True,1,NULL
2025-06-10 05:29:30.825,342,0,LiteralOp,UNKNOWN,301,False,null,UNKNOWN_HOP_TYPE,[],0,0,False,[],0,False,False,0,NULL
2025-06-10 05:29:30.826,342,0,LiteralOp,UNKNOWN,301,False,null,DISALLOWED_OP,[],0,0,False,[],0,False,False,0,NULL
2025-06-10 05:29:30.826,343,iter_count,DataOp,TWrite,301,True,null,PROPAGATE_FROM_INPUT,"[(hopID:342,name:0,ftype:null)]",0,0,False,"[{'hop_id': 342, 'name': '0', 'ftype': 'null'}]",0,False,True,1,NULL
2025-06-10 05:29:30.826,345,term_code,DataOp,TWrite,302,True,null,PROPAGATE_FROM_INPUT,"[(hopID:342,name:0,ftype:null)]",0,0,False,"[{'hop_id': 342, 'name': '0', 'ftype': 'null'}]",0,False,True,1,NULL
2025-06-10 05:29:30.826,346,Infinity,LiteralOp,UNKNOWN,305,False,null,UNKNOWN_HOP_TYPE,[],0,0,False,[],0,False,False,0,NULL
2025-06-10 05:29:30.826,346,Infinity,LiteralOp,UNKNOWN,305,False,null,DISALLOWED_OP,[],0,0,False,[],0,False,False,0,NULL
2025-06-10 05:29:30.826,347,wcss,DataOp,TWrite,305,True,null,PROPAGATE_FROM_INPUT,"[(hopID:346,name:Infinity,ftype:null)]",0,0,False,"[{'hop_id': 346, 'name': 'Infinity', 'ftype': 'null'}]",0,False,True,1,NULL
2025-06-10 05:29:30.826,348,term_code,DataOp,TRead,308,True,null,PROPAGATE_FROM_INPUT,[],0,0,False,[],0,False,False,0,NULL
2025-06-10 05:29:30.826,349,0,LiteralOp,UNKNOWN,310,False,null,UNKNOWN_HOP_TYPE,[],0,0,False,[],0,False,False,0,NULL
2025-06-10 05:29:30.826,349,0,LiteralOp,UNKNOWN,310,False,null,DISALLOWED_OP,[],0,0,False,[],0,False,False,0,NULL
2025-06-10 05:29:30.826,350,parsertemp449,BinaryOp,==,311,False,null,UNKNOWN_HOP_TYPE,"[(hopID:348,name:term_code,ftype:null), (hopID:349,name:0,ftype:null)]",0,0,False,"[{'hop_id': 348, 'name': 'term_code', 'ftype': 'null'}, {'hop_id': 349, 'name': '0', 'ftype': 'null'}]",0,False,True,2,NULL
2025-06-10 05:29:30.826,350,parsertemp449,BinaryOp,==,311,False,null,DISALLOWED_OP,"[(hopID:348,name:term_code,ftype:null), (hopID:349,name:0,ftype:null)]",0,0,False,"[{'hop_id': 348, 'name': 'term_code', 'ftype': 'null'}, {'hop_id': 349, 'name': '0', 'ftype': 'null'}]",0,False,True,2,NULL
2025-06-10 05:29:30.826,351,__pred,DataOp,TWrite,312,True,null,UNKNOWN_HOP_TYPE,"[(hopID:350,name:parsertemp449,ftype:null)]",0,0,False,"[{'hop_id': 350, 'name': 'parsertemp449', 'ftype': 'null'}]",0,False,True,1,NULL
2025-06-10 05:29:30.826,351,__pred,DataOp,TWrite,313,True,null,SCALAR_HOP,"[(hopID:350,name:parsertemp449,ftype:null)]",0,0,False,"[{'hop_id': 350, 'name': 'parsertemp449', 'ftype': 'null'}]",0,False,True,1,NULL
2025-06-10 05:29:30.827,351,__pred,DataOp,TWrite,313,True,null,PROPAGATE_FROM_INPUT,"[(hopID:350,name:parsertemp449,ftype:null)]",0,0,False,"[{'hop_id': 350, 'name': 'parsertemp449', 'ftype': 'null'}]",0,False,True,1,NULL
2025-06-10 05:29:30.827,352,C,DataOp,TRead,328,True,null,PROPAGATE_FROM_INPUT,[],4,100,False,[],400,False,False,0,NULL
2025-06-10 05:29:30.827,353,sumXsq,DataOp,TRead,318,True,null,PROPAGATE_FROM_INPUT,[],0,0,False,[],0,False,False,0,NULL
2025-06-10 05:29:30.827,354,X,DataOp,TRead,326,True,ROW,PROPAGATE_FROM_INPUT,[],1000,100,False,[],100000,False,False,0,ROW
2025-06-10 05:29:30.827,355,wcss,DataOp,TRead,315,True,null,PROPAGATE_FROM_INPUT,[],-1,-1,False,[],1,False,False,0,NULL
2025-06-10 05:29:30.827,356,-2,LiteralOp,UNKNOWN,324,False,null,UNKNOWN_HOP_TYPE,[],0,0,False,[],0,False,False,0,NULL
2025-06-10 05:29:30.827,356,-2,LiteralOp,UNKNOWN,324,False,null,DISALLOWED_OP,[],0,0,False,[],0,False,False,0,NULL
2025-06-10 05:29:30.827,357,parsertemp295,ReorgOp,r',329,False,null,UNKNOWN_HOP_TYPE,"[(hopID:352,name:C,ftype:null)]",100,4,False,"[{'hop_id': 352, 'name': 'C', 'ftype': 'null'}]",400,False,True,1,NULL
2025-06-10 05:29:30.828,357,parsertemp295,ReorgOp,r',329,False,null,DISALLOWED_OP,"[(hopID:352,name:C,ftype:null)]",100,4,False,"[{'hop_id': 352, 'name': 'C', 'ftype': 'null'}]",400,False,True,1,NULL
2025-06-10 05:29:30.828,358,parsertemp296,AggBinaryOp,AGGBINARY,330,True,null,AGGR_BINARY_MIXED_NULL,"[(hopID:354,name:X,ftype:ROW), (hopID:357,name:parsertemp295,ftype:null)]",1000,4,False,"[{'hop_id': 354, 'name': 'X', 'ftype': 'ROW'}, {'hop_id': 357, 'name': 'parsertemp295', 'ftype': 'null'}]",4000,False,True,2,NULL
2025-06-10 05:29:30.828,358,parsertemp296,AggBinaryOp,AGGBINARY,331,True,ROW,TSMM_PATTERN,"[(hopID:354,name:X,ftype:ROW), (hopID:357,name:parsertemp295,ftype:null)]",1000,4,False,"[{'hop_id': 354, 'name': 'X', 'ftype': 'ROW'}, {'hop_id': 357, 'name': 'parsertemp295', 'ftype': 'null'}]",4000,False,True,2,ROW
2025-06-10 05:29:30.828,358,parsertemp296,AggBinaryOp,AGGBINARY,331,True,ROW,PROPAGATE_FROM_INPUT,"[(hopID:354,name:X,ftype:ROW), (hopID:357,name:parsertemp295,ftype:null)]",1000,4,False,"[{'hop_id': 354, 'name': 'X', 'ftype': 'ROW'}, {'hop_id': 357, 'name': 'parsertemp295', 'ftype': 'null'}]",4000,False,True,2,ROW
2025-06-10 05:29:30.828,359,parsertemp297,BinaryOp,*,332,True,null,BINARY_MIXED_NULL,"[(hopID:356,name:-2,ftype:null), (hopID:358,name:parsertemp296,ftype:ROW)]",1000,4,False,"[{'hop_id': 356, 'name': '-2', 'ftype': 'null'}, {'hop_id': 358, 'name': 'parsertemp296', 'ftype': 'ROW'}]",4000,False,True,2,NULL
2025-06-10 05:29:30.828,359,parsertemp297,BinaryOp,*,333,True,ROW,FIRST_NON_NULL,"[(hopID:356,name:-2,ftype:null), (hopID:358,name:parsertemp296,ftype:ROW)]",1000,4,False,"[{'hop_id': 356, 'name': '-2', 'ftype': 'null'}, {'hop_id': 358, 'name': 'parsertemp296', 'ftype': 'ROW'}]",4000,False,True,2,ROW
2025-06-10 05:29:30.828,359,parsertemp297,BinaryOp,*,333,True,ROW,PROPAGATE_FROM_INPUT,"[(hopID:356,name:-2,ftype:null), (hopID:358,name:parsertemp296,ftype:ROW)]",1000,4,False,"[{'hop_id': 356, 'name': '-2', 'ftype': 'null'}, {'hop_id': 358, 'name': 'parsertemp296', 'ftype': 'ROW'}]",4000,False,True,2,ROW
2025-06-10 05:29:30.828,363,parsertemp300,ReorgOp,r',337,False,null,UNKNOWN_HOP_TYPE,"[(hopID:874,name:C,ftype:null)]",1,4,False,"[{'hop_id': 874, 'name': 'C', 'ftype': 'null'}]",4,True,True,1,NULL
2025-06-10 05:29:30.828,363,parsertemp300,ReorgOp,r',337,False,null,DISALLOWED_OP,"[(hopID:874,name:C,ftype:null)]",1,4,False,"[{'hop_id': 874, 'name': 'C', 'ftype': 'null'}]",4,True,True,1,NULL
2025-06-10 05:29:30.829,364,D,BinaryOp,+,338,True,null,BINARY_MIXED_NULL,"[(hopID:359,name:parsertemp297,ftype:ROW), (hopID:363,name:parsertemp300,ftype:null)]",1000,4,False,"[{'hop_id': 359, 'name': 'parsertemp297', 'ftype': 'ROW'}, {'hop_id': 363, 'name': 'parsertemp300', 'ftype': 'null'}]",4000,False,True,2,NULL
2025-06-10 05:29:30.829,364,D,BinaryOp,+,339,True,ROW,FIRST_NON_NULL,"[(hopID:359,name:parsertemp297,ftype:ROW), (hopID:363,name:parsertemp300,ftype:null)]",1000,4,False,"[{'hop_id': 359, 'name': 'parsertemp297', 'ftype': 'ROW'}, {'hop_id': 363, 'name': 'parsertemp300', 'ftype': 'null'}]",4000,False,True,2,ROW
2025-06-10 05:29:30.829,364,D,BinaryOp,+,339,True,ROW,PROPAGATE_FROM_INPUT,"[(hopID:359,name:parsertemp297,ftype:ROW), (hopID:363,name:parsertemp300,ftype:null)]",1000,4,False,"[{'hop_id': 359, 'name': 'parsertemp297', 'ftype': 'ROW'}, {'hop_id': 363, 'name': 'parsertemp300', 'ftype': 'null'}]",4000,False,True,2,ROW
2025-06-10 05:29:30.829,366,minD,AggUnaryOp,min,340,True,null,AGGR_UNARY_ALLOWED,"[(hopID:364,name:D,ftype:ROW)]",1000,1,False,"[{'hop_id': 364, 'name': 'D', 'ftype': 'ROW'}]",1000,True,True,1,NULL
2025-06-10 05:29:30.829,366,minD,AggUnaryOp,min,341,True,ROW,AGGR_DIRECTION_MISMATCH,"[(hopID:364,name:D,ftype:ROW)]",1000,1,False,"[{'hop_id': 364, 'name': 'D', 'ftype': 'ROW'}]",1000,True,True,1,ROW
2025-06-10 05:29:30.829,366,minD,AggUnaryOp,min,341,True,ROW,PROPAGATE_FROM_INPUT,"[(hopID:364,name:D,ftype:ROW)]",1000,1,False,"[{'hop_id': 364, 'name': 'D', 'ftype': 'ROW'}]",1000,True,True,1,ROW
2025-06-10 05:29:30.827,368,wcss_old,DataOp,TWrite,315,True,null,PROPAGATE_FROM_INPUT,"[(hopID:355,name:wcss,ftype:null)]",-1,-1,False,"[{'hop_id': 355, 'name': 'wcss', 'ftype': 'null'}]",1,False,True,1,NULL
2025-06-10 05:29:30.829,369,parsertemp303,AggUnaryOp,+,342,True,null,AGGR_UNARY_ALLOWED,"[(hopID:366,name:minD,ftype:ROW)]",0,0,False,"[{'hop_id': 366, 'name': 'minD', 'ftype': 'ROW'}]",0,False,True,1,NULL
2025-06-10 05:29:30.829,369,parsertemp303,AggUnaryOp,+,343,True,null,SCALAR_HOP,"[(hopID:366,name:minD,ftype:ROW)]",0,0,False,"[{'hop_id': 366, 'name': 'minD', 'ftype': 'ROW'}]",0,False,True,1,NULL
2025-06-10 05:29:30.829,369,parsertemp303,AggUnaryOp,+,343,True,null,PROPAGATE_FROM_INPUT,"[(hopID:366,name:minD,ftype:ROW)]",0,0,False,"[{'hop_id': 366, 'name': 'minD', 'ftype': 'ROW'}]",0,False,True,1,NULL
2025-06-10 05:29:30.829,370,wcss,BinaryOp,+,344,False,null,UNKNOWN_HOP_TYPE,"[(hopID:353,name:sumXsq,ftype:null), (hopID:369,name:parsertemp303,ftype:null)]",0,0,False,"[{'hop_id': 353, 'name': 'sumXsq', 'ftype': 'null'}, {'hop_id': 369, 'name': 'parsertemp303', 'ftype': 'null'}]",0,False,True,2,NULL
2025-06-10 05:29:30.829,370,wcss,BinaryOp,+,344,False,null,DISALLOWED_OP,"[(hopID:353,name:sumXsq,ftype:null), (hopID:369,name:parsertemp303,ftype:null)]",0,0,False,"[{'hop_id': 353, 'name': 'sumXsq', 'ftype': 'null'}, {'hop_id': 369, 'name': 'parsertemp303', 'ftype': 'null'}]",0,False,True,2,NULL
2025-06-10 05:29:30.829,371,wcss,DataOp,TWrite,344,True,null,PROPAGATE_FROM_INPUT,"[(hopID:370,name:wcss,ftype:null)]",0,0,False,"[{'hop_id': 370, 'name': 'wcss', 'ftype': 'null'}]",0,False,True,1,NULL
2025-06-10 05:29:30.832,411,iter_count,DataOp,TRead,371,True,null,PROPAGATE_FROM_INPUT,[],-1,-1,False,[],1,False,False,0,NULL
2025-06-10 05:29:30.830,413,P,BinaryOp,<=,349,True,null,BINARY_SAME_FTYPE,"[(hopID:364,name:D,ftype:ROW), (hopID:366,name:minD,ftype:ROW)]",1000,4,False,"[{'hop_id': 364, 'name': 'D', 'ftype': 'ROW'}, {'hop_id': 366, 'name': 'minD', 'ftype': 'ROW'}]",4000,False,True,2,NULL
2025-06-10 05:29:30.830,413,P,BinaryOp,<=,350,True,ROW,FIRST_NON_NULL,"[(hopID:364,name:D,ftype:ROW), (hopID:366,name:minD,ftype:ROW)]",1000,4,False,"[{'hop_id': 364, 'name': 'D', 'ftype': 'ROW'}, {'hop_id': 366, 'name': 'minD', 'ftype': 'ROW'}]",4000,False,True,2,ROW
2025-06-10 05:29:30.830,413,P,BinaryOp,<=,350,True,ROW,PROPAGATE_FROM_INPUT,"[(hopID:364,name:D,ftype:ROW), (hopID:366,name:minD,ftype:ROW)]",1000,4,False,"[{'hop_id': 364, 'name': 'D', 'ftype': 'ROW'}, {'hop_id': 366, 'name': 'minD', 'ftype': 'ROW'}]",4000,False,True,2,ROW
2025-06-10 05:29:30.830,414,parsertemp321,AggUnaryOp,+,352,True,null,AGGR_UNARY_ALLOWED,"[(hopID:413,name:P,ftype:ROW)]",1000,1,False,"[{'hop_id': 413, 'name': 'P', 'ftype': 'ROW'}]",1000,True,True,1,NULL
2025-06-10 05:29:30.830,414,parsertemp321,AggUnaryOp,+,353,True,ROW,AGGR_DIRECTION_MISMATCH,"[(hopID:413,name:P,ftype:ROW)]",1000,1,False,"[{'hop_id': 413, 'name': 'P', 'ftype': 'ROW'}]",1000,True,True,1,ROW
2025-06-10 05:29:30.830,414,parsertemp321,AggUnaryOp,+,353,True,ROW,PROPAGATE_FROM_INPUT,"[(hopID:413,name:P,ftype:ROW)]",1000,1,False,"[{'hop_id': 413, 'name': 'P', 'ftype': 'ROW'}]",1000,True,True,1,ROW
2025-06-10 05:29:30.830,415,P,BinaryOp,/,354,True,null,BINARY_SAME_FTYPE,"[(hopID:413,name:P,ftype:ROW), (hopID:414,name:parsertemp321,ftype:ROW)]",1000,4,False,"[{'hop_id': 413, 'name': 'P', 'ftype': 'ROW'}, {'hop_id': 414, 'name': 'parsertemp321', 'ftype': 'ROW'}]",4000,False,True,2,NULL
2025-06-10 05:29:30.830,415,P,BinaryOp,/,355,True,ROW,FIRST_NON_NULL,"[(hopID:413,name:P,ftype:ROW), (hopID:414,name:parsertemp321,ftype:ROW)]",1000,4,False,"[{'hop_id': 413, 'name': 'P', 'ftype': 'ROW'}, {'hop_id': 414, 'name': 'parsertemp321', 'ftype': 'ROW'}]",4000,False,True,2,ROW
2025-06-10 05:29:30.830,415,P,BinaryOp,/,355,True,ROW,PROPAGATE_FROM_INPUT,"[(hopID:413,name:P,ftype:ROW), (hopID:414,name:parsertemp321,ftype:ROW)]",1000,4,False,"[{'hop_id': 413, 'name': 'P', 'ftype': 'ROW'}, {'hop_id': 414, 'name': 'parsertemp321', 'ftype': 'ROW'}]",4000,False,True,2,ROW
2025-06-10 05:29:30.830,416,P_denom,AggUnaryOp,+,356,True,null,AGGR_UNARY_ALLOWED,"[(hopID:415,name:P,ftype:ROW)]",1,4,False,"[{'hop_id': 415, 'name': 'P', 'ftype': 'ROW'}]",4,True,True,1,NULL
2025-06-10 05:29:30.830,416,P_denom,AggUnaryOp,+,357,True,null,AGGR_DIRECTION_MISMATCH,"[(hopID:415,name:P,ftype:ROW)]",1,4,False,"[{'hop_id': 415, 'name': 'P', 'ftype': 'ROW'}]",4,True,True,1,NULL
2025-06-10 05:29:30.830,416,P_denom,AggUnaryOp,+,357,True,null,PROPAGATE_FROM_INPUT,"[(hopID:415,name:P,ftype:ROW)]",1,4,False,"[{'hop_id': 415, 'name': 'P', 'ftype': 'ROW'}]",4,True,True,1,NULL
2025-06-10 05:29:30.831,417,P_denom,DataOp,TWrite,357,True,null,PROPAGATE_FROM_INPUT,"[(hopID:416,name:P_denom,ftype:null)]",1,4,False,"[{'hop_id': 416, 'name': 'P_denom', 'ftype': 'null'}]",4,True,True,1,NULL
2025-06-10 05:29:30.831,418,parsertemp324,ReorgOp,r',362,True,null,UNKNOWN_HOP_TYPE,"[(hopID:415,name:P,ftype:ROW)]",4,1000,False,"[{'hop_id': 415, 'name': 'P', 'ftype': 'ROW'}]",4000,False,True,1,NULL
2025-06-10 05:29:30.831,418,parsertemp324,ReorgOp,r',363,True,COL,REORG_TRANS_COL_ROW,"[(hopID:415,name:P,ftype:ROW)]",4,1000,False,"[{'hop_id': 415, 'name': 'P', 'ftype': 'ROW'}]",4000,False,True,1,COL
2025-06-10 05:29:30.831,418,parsertemp324,ReorgOp,r',363,True,COL,PROPAGATE_FROM_INPUT,"[(hopID:415,name:P,ftype:ROW)]",4,1000,False,"[{'hop_id': 415, 'name': 'P', 'ftype': 'ROW'}]",4000,False,True,1,COL
2025-06-10 05:29:30.831,419,parsertemp325,AggBinaryOp,AGGBINARY,364,True,null,AGGR_BINARY_COL_ROW,"[(hopID:418,name:parsertemp324,ftype:COL), (hopID:354,name:X,ftype:ROW)]",4,100,False,"[{'hop_id': 418, 'name': 'parsertemp324', 'ftype': 'COL'}, {'hop_id': 354, 'name': 'X', 'ftype': 'ROW'}]",400,False,True,2,NULL
2025-06-10 05:29:30.831,419,parsertemp325,AggBinaryOp,AGGBINARY,365,True,null,TSMM_PATTERN,"[(hopID:418,name:parsertemp324,ftype:COL), (hopID:354,name:X,ftype:ROW)]",4,100,False,"[{'hop_id': 418, 'name': 'parsertemp324', 'ftype': 'COL'}, {'hop_id': 354, 'name': 'X', 'ftype': 'ROW'}]",400,False,True,2,NULL
2025-06-10 05:29:30.831,419,parsertemp325,AggBinaryOp,AGGBINARY,365,True,null,PROPAGATE_FROM_INPUT,"[(hopID:418,name:parsertemp324,ftype:COL), (hopID:354,name:X,ftype:ROW)]",4,100,False,"[{'hop_id': 418, 'name': 'parsertemp324', 'ftype': 'COL'}, {'hop_id': 354, 'name': 'X', 'ftype': 'ROW'}]",400,False,True,2,NULL
2025-06-10 05:29:30.831,420,parsertemp326,ReorgOp,r',367,False,null,UNKNOWN_HOP_TYPE,"[(hopID:416,name:P_denom,ftype:null)]",4,1,False,"[{'hop_id': 416, 'name': 'P_denom', 'ftype': 'null'}]",4,True,True,1,NULL
2025-06-10 05:29:30.831,420,parsertemp326,ReorgOp,r',367,False,null,DISALLOWED_OP,"[(hopID:416,name:P_denom,ftype:null)]",4,1,False,"[{'hop_id': 416, 'name': 'P_denom', 'ftype': 'null'}]",4,True,True,1,NULL
2025-06-10 05:29:30.831,421,C_new,BinaryOp,/,368,False,null,DISALLOWED_OP,"[(hopID:419,name:parsertemp325,ftype:null), (hopID:420,name:parsertemp326,ftype:null)]",4,100,False,"[{'hop_id': 419, 'name': 'parsertemp325', 'ftype': 'null'}, {'hop_id': 420, 'name': 'parsertemp326', 'ftype': 'null'}]",400,False,True,2,NULL
2025-06-10 05:29:30.832,422,C_new,DataOp,TWrite,368,True,null,PROPAGATE_FROM_INPUT,"[(hopID:421,name:C_new,ftype:null)]",4,100,False,"[{'hop_id': 421, 'name': 'C_new', 'ftype': 'null'}]",400,False,True,1,NULL
2025-06-10 05:29:30.832,423,1,LiteralOp,UNKNOWN,373,False,null,UNKNOWN_HOP_TYPE,[],0,0,False,[],0,False,False,0,NULL
2025-06-10 05:29:30.832,423,1,LiteralOp,UNKNOWN,373,False,null,DISALLOWED_OP,[],0,0,False,[],0,False,False,0,NULL
2025-06-10 05:29:30.832,424,iter_count,BinaryOp,+,374,False,null,UNKNOWN_HOP_TYPE,"[(hopID:411,name:iter_count,ftype:null), (hopID:423,name:1,ftype:null)]",0,0,False,"[{'hop_id': 411, 'name': 'iter_count', 'ftype': 'null'}, {'hop_id': 423, 'name': '1', 'ftype': 'null'}]",0,False,True,2,NULL
2025-06-10 05:29:30.832,424,iter_count,BinaryOp,+,374,False,null,DISALLOWED_OP,"[(hopID:411,name:iter_count,ftype:null), (hopID:423,name:1,ftype:null)]",0,0,False,"[{'hop_id': 411, 'name': 'iter_count', 'ftype': 'null'}, {'hop_id': 423, 'name': '1', 'ftype': 'null'}]",0,False,True,2,NULL
2025-06-10 05:29:30.832,425,iter_count,DataOp,TWrite,374,True,null,PROPAGATE_FROM_INPUT,"[(hopID:424,name:iter_count,ftype:null)]",0,0,False,"[{'hop_id': 424, 'name': 'iter_count', 'ftype': 'null'}]",0,False,True,1,NULL
2025-06-10 05:29:30.832,427,wcss,DataOp,TRead,379,True,null,PROPAGATE_FROM_INPUT,[],-1,-1,False,[],1,False,False,0,NULL
2025-06-10 05:29:30.832,428,wcss_old,DataOp,TRead,378,True,null,PROPAGATE_FROM_INPUT,[],-1,-1,False,[],1,False,False,0,NULL
2025-06-10 05:29:30.832,429,parsertemp329,BinaryOp,-,380,False,null,UNKNOWN_HOP_TYPE,"[(hopID:428,name:wcss_old,ftype:null), (hopID:427,name:wcss,ftype:null)]",0,0,False,"[{'hop_id': 428, 'name': 'wcss_old', 'ftype': 'null'}, {'hop_id': 427, 'name': 'wcss', 'ftype': 'null'}]",0,False,True,2,NULL
2025-06-10 05:29:30.832,429,parsertemp329,BinaryOp,-,380,False,null,DISALLOWED_OP,"[(hopID:428,name:wcss_old,ftype:null), (hopID:427,name:wcss,ftype:null)]",0,0,False,"[{'hop_id': 428, 'name': 'wcss_old', 'ftype': 'null'}, {'hop_id': 427, 'name': 'wcss', 'ftype': 'null'}]",0,False,True,2,NULL
2025-06-10 05:29:30.833,430,parsertemp330,BinaryOp,*,384,False,null,UNKNOWN_HOP_TYPE,"[(hopID:824,name:1.0E-6,ftype:null), (hopID:427,name:wcss,ftype:null)]",0,0,False,"[{'hop_id': 824, 'name': '1.0E-6', 'ftype': 'null'}, {'hop_id': 427, 'name': 'wcss', 'ftype': 'null'}]",0,False,True,2,NULL
2025-06-10 05:29:30.833,430,parsertemp330,BinaryOp,*,384,False,null,DISALLOWED_OP,"[(hopID:824,name:1.0E-6,ftype:null), (hopID:427,name:wcss,ftype:null)]",0,0,False,"[{'hop_id': 824, 'name': '1.0E-6', 'ftype': 'null'}, {'hop_id': 427, 'name': 'wcss', 'ftype': 'null'}]",0,False,True,2,NULL
2025-06-10 05:29:30.833,431,parsertemp454,BinaryOp,<,385,False,null,UNKNOWN_HOP_TYPE,"[(hopID:429,name:parsertemp329,ftype:null), (hopID:430,name:parsertemp330,ftype:null)]",0,0,False,"[{'hop_id': 429, 'name': 'parsertemp329', 'ftype': 'null'}, {'hop_id': 430, 'name': 'parsertemp330', 'ftype': 'null'}]",0,False,True,2,NULL
2025-06-10 05:29:30.833,431,parsertemp454,BinaryOp,<,385,False,null,DISALLOWED_OP,"[(hopID:429,name:parsertemp329,ftype:null), (hopID:430,name:parsertemp330,ftype:null)]",0,0,False,"[{'hop_id': 429, 'name': 'parsertemp329', 'ftype': 'null'}, {'hop_id': 430, 'name': 'parsertemp330', 'ftype': 'null'}]",0,False,True,2,NULL
2025-06-10 05:29:30.833,432,__pred,DataOp,TWrite,386,True,null,UNKNOWN_HOP_TYPE,"[(hopID:431,name:parsertemp454,ftype:null)]",0,0,False,"[{'hop_id': 431, 'name': 'parsertemp454', 'ftype': 'null'}]",0,False,True,1,NULL
2025-06-10 05:29:30.833,432,__pred,DataOp,TWrite,387,True,null,SCALAR_HOP,"[(hopID:431,name:parsertemp454,ftype:null)]",0,0,False,"[{'hop_id': 431, 'name': 'parsertemp454', 'ftype': 'null'}]",0,False,True,1,NULL
2025-06-10 05:29:30.833,432,__pred,DataOp,TWrite,387,True,null,PROPAGATE_FROM_INPUT,"[(hopID:431,name:parsertemp454,ftype:null)]",0,0,False,"[{'hop_id': 431, 'name': 'parsertemp454', 'ftype': 'null'}]",0,False,True,1,NULL
2025-06-10 05:29:30.833,433,1,LiteralOp,UNKNOWN,390,False,null,UNKNOWN_HOP_TYPE,[],0,0,False,[],0,False,False,0,NULL
2025-06-10 05:29:30.833,433,1,LiteralOp,UNKNOWN,390,False,null,DISALLOWED_OP,[],0,0,False,[],0,False,False,0,NULL
2025-06-10 05:29:30.833,434,term_code,DataOp,TWrite,390,True,null,PROPAGATE_FROM_INPUT,"[(hopID:433,name:1,ftype:null)]",0,0,False,"[{'hop_id': 433, 'name': '1', 'ftype': 'null'}]",0,False,True,1,NULL
2025-06-10 05:29:30.834,436,iter_count,DataOp,TRead,393,True,null,PROPAGATE_FROM_INPUT,[],-1,-1,False,[],1,False,False,0,NULL
2025-06-10 05:29:30.834,437,parsertemp455,BinaryOp,>=,396,False,null,UNKNOWN_HOP_TYPE,"[(hopID:436,name:iter_count,ftype:null), (hopID:825,name:120,ftype:null)]",0,0,False,"[{'hop_id': 436, 'name': 'iter_count', 'ftype': 'null'}, {'hop_id': 825, 'name': '120', 'ftype': 'null'}]",0,False,True,2,NULL
2025-06-10 05:29:30.834,437,parsertemp455,BinaryOp,>=,396,False,null,DISALLOWED_OP,"[(hopID:436,name:iter_count,ftype:null), (hopID:825,name:120,ftype:null)]",0,0,False,"[{'hop_id': 436, 'name': 'iter_count', 'ftype': 'null'}, {'hop_id': 825, 'name': '120', 'ftype': 'null'}]",0,False,True,2,NULL
2025-06-10 05:29:30.834,438,__pred,DataOp,TWrite,397,True,null,UNKNOWN_HOP_TYPE,"[(hopID:437,name:parsertemp455,ftype:null)]",0,0,False,"[{'hop_id': 437, 'name': 'parsertemp455', 'ftype': 'null'}]",0,False,True,1,NULL
2025-06-10 05:29:30.834,438,__pred,DataOp,TWrite,398,True,null,SCALAR_HOP,"[(hopID:437,name:parsertemp455,ftype:null)]",0,0,False,"[{'hop_id': 437, 'name': 'parsertemp455', 'ftype': 'null'}]",0,False,True,1,NULL
2025-06-10 05:29:30.834,438,__pred,DataOp,TWrite,398,True,null,PROPAGATE_FROM_INPUT,"[(hopID:437,name:parsertemp455,ftype:null)]",0,0,False,"[{'hop_id': 437, 'name': 'parsertemp455', 'ftype': 'null'}]",0,False,True,1,NULL
2025-06-10 05:29:30.834,439,2,LiteralOp,UNKNOWN,401,False,null,UNKNOWN_HOP_TYPE,[],0,0,False,[],0,False,False,0,NULL
2025-06-10 05:29:30.834,439,2,LiteralOp,UNKNOWN,401,False,null,DISALLOWED_OP,[],0,0,False,[],0,False,False,0,NULL
2025-06-10 05:29:30.834,440,term_code,DataOp,TWrite,401,True,null,PROPAGATE_FROM_INPUT,"[(hopID:439,name:2,ftype:null)]",0,0,False,"[{'hop_id': 439, 'name': '2', 'ftype': 'null'}]",0,False,True,1,NULL
2025-06-10 05:29:30.834,441,P_denom,DataOp,TRead,406,True,null,PROPAGATE_FROM_INPUT,[],1,4,False,[],4,True,False,0,NULL
2025-06-10 05:29:30.834,442,0,LiteralOp,UNKNOWN,408,False,null,UNKNOWN_HOP_TYPE,[],0,0,False,[],0,False,False,0,NULL
2025-06-10 05:29:30.834,442,0,LiteralOp,UNKNOWN,408,False,null,DISALLOWED_OP,[],0,0,False,[],0,False,False,0,NULL
2025-06-10 05:29:30.834,443,parsertemp333,BinaryOp,<=,409,False,null,DISALLOWED_OP,"[(hopID:441,name:P_denom,ftype:null), (hopID:442,name:0,ftype:null)]",1,4,False,"[{'hop_id': 441, 'name': 'P_denom', 'ftype': 'null'}, {'hop_id': 442, 'name': '0', 'ftype': 'null'}]",4,True,True,2,NULL
2025-06-10 05:29:30.835,444,parsertemp334,AggUnaryOp,+,410,False,null,UNKNOWN_HOP_TYPE,"[(hopID:443,name:parsertemp333,ftype:null)]",0,0,False,"[{'hop_id': 443, 'name': 'parsertemp333', 'ftype': 'null'}]",0,False,True,1,NULL
2025-06-10 05:29:30.835,444,parsertemp334,AggUnaryOp,+,410,False,null,DISALLOWED_OP,"[(hopID:443,name:parsertemp333,ftype:null)]",0,0,False,"[{'hop_id': 443, 'name': 'parsertemp333', 'ftype': 'null'}]",0,False,True,1,NULL
2025-06-10 05:29:30.835,446,parsertemp456,BinaryOp,>,411,False,null,UNKNOWN_HOP_TYPE,"[(hopID:444,name:parsertemp334,ftype:null), (hopID:442,name:0,ftype:null)]",0,0,False,"[{'hop_id': 444, 'name': 'parsertemp334', 'ftype': 'null'}, {'hop_id': 442, 'name': '0', 'ftype': 'null'}]",0,False,True,2,NULL
2025-06-10 05:29:30.835,446,parsertemp456,BinaryOp,>,411,False,null,DISALLOWED_OP,"[(hopID:444,name:parsertemp334,ftype:null), (hopID:442,name:0,ftype:null)]",0,0,False,"[{'hop_id': 444, 'name': 'parsertemp334', 'ftype': 'null'}, {'hop_id': 442, 'name': '0', 'ftype': 'null'}]",0,False,True,2,NULL
2025-06-10 05:29:30.835,447,__pred,DataOp,TWrite,412,True,null,UNKNOWN_HOP_TYPE,"[(hopID:446,name:parsertemp456,ftype:null)]",0,0,False,"[{'hop_id': 446, 'name': 'parsertemp456', 'ftype': 'null'}]",0,False,True,1,NULL
2025-06-10 05:29:30.835,447,__pred,DataOp,TWrite,413,True,null,SCALAR_HOP,"[(hopID:446,name:parsertemp456,ftype:null)]",0,0,False,"[{'hop_id': 446, 'name': 'parsertemp456', 'ftype': 'null'}]",0,False,True,1,NULL
2025-06-10 05:29:30.835,447,__pred,DataOp,TWrite,413,True,null,PROPAGATE_FROM_INPUT,"[(hopID:446,name:parsertemp456,ftype:null)]",0,0,False,"[{'hop_id': 446, 'name': 'parsertemp456', 'ftype': 'null'}]",0,False,True,1,NULL
2025-06-10 05:29:30.835,448,3,LiteralOp,UNKNOWN,416,False,null,UNKNOWN_HOP_TYPE,[],0,0,False,[],0,False,False,0,NULL
2025-06-10 05:29:30.835,448,3,LiteralOp,UNKNOWN,416,False,null,DISALLOWED_OP,[],0,0,False,[],0,False,False,0,NULL
2025-06-10 05:29:30.835,449,term_code,DataOp,TWrite,416,True,null,PROPAGATE_FROM_INPUT,"[(hopID:448,name:3,ftype:null)]",0,0,False,"[{'hop_id': 448, 'name': '3', 'ftype': 'null'}]",0,False,True,1,NULL
2025-06-10 05:29:30.835,450,C,DataOp,TRead,418,True,null,PROPAGATE_FROM_INPUT,[],4,100,False,[],400,False,False,0,NULL
2025-06-10 05:29:30.835,451,C_old,DataOp,TWrite,418,True,null,PROPAGATE_FROM_INPUT,"[(hopID:450,name:C,ftype:null)]",4,100,False,"[{'hop_id': 450, 'name': 'C', 'ftype': 'null'}]",400,False,True,1,NULL
2025-06-10 05:29:30.836,452,C_new,DataOp,TRead,420,True,null,PROPAGATE_FROM_INPUT,[],4,100,False,[],400,False,False,0,NULL
2025-06-10 05:29:30.836,453,C,DataOp,TWrite,420,True,null,PROPAGATE_FROM_INPUT,"[(hopID:452,name:C_new,ftype:null)]",4,100,False,"[{'hop_id': 452, 'name': 'C_new', 'ftype': 'null'}]",400,False,True,1,NULL
2025-06-10 05:29:30.836,472,C,DataOp,TRead,422,True,null,PROPAGATE_FROM_INPUT,[],4,100,False,[],400,False,False,0,NULL
2025-06-10 05:29:30.836,473,final_wcss,DataOp,TRead,425,True,null,PROPAGATE_FROM_INPUT,[],1,1,False,[],1,True,False,0,NULL
2025-06-10 05:29:30.837,474,num_iterations,DataOp,TRead,438,True,null,PROPAGATE_FROM_INPUT,[],1,1,False,[],1,True,False,0,NULL
2025-06-10 05:29:30.837,475,term_code,DataOp,TRead,434,True,null,PROPAGATE_FROM_INPUT,[],0,0,False,[],0,False,False,0,NULL
2025-06-10 05:29:30.837,476,iter_count,DataOp,TRead,439,True,null,PROPAGATE_FROM_INPUT,[],-1,-1,False,[],1,False,False,0,NULL
2025-06-10 05:29:30.837,477,termination_code,DataOp,TRead,433,True,null,PROPAGATE_FROM_INPUT,[],1,1,False,[],1,True,False,0,NULL
2025-06-10 05:29:30.836,480,wcss,DataOp,TRead,426,True,null,PROPAGATE_FROM_INPUT,[],-1,-1,False,[],1,False,False,0,NULL
2025-06-10 05:29:30.836,482,1,LiteralOp,UNKNOWN,429,False,null,UNKNOWN_HOP_TYPE,[],0,0,False,[],0,False,False,0,NULL
2025-06-10 05:29:30.836,482,1,LiteralOp,UNKNOWN,429,False,null,DISALLOWED_OP,[],0,0,False,[],0,False,False,0,NULL
2025-06-10 05:29:30.836,491,All_Centroids,DataOp,TWrite,422,True,null,PROPAGATE_FROM_INPUT,"[(hopID:472,name:C,ftype:null)]",4,100,False,"[{'hop_id': 472, 'name': 'C', 'ftype': 'null'}]",400,False,True,1,NULL
2025-06-10 05:29:30.836,494,final_wcss,LeftIndexingOp,UNKNOWN,430,False,null,UNKNOWN_HOP_TYPE,"[(hopID:473,name:final_wcss,ftype:null), (hopID:480,name:wcss,ftype:null), (hopID:478,name:run_index,ftype:null), (hopID:478,name:run_index,ftype:null), (hopID:482,name:1,ftype:null), (hopID:482,name:1,ftype:null)]",1,1,False,"[{'hop_id': 473, 'name': 'final_wcss', 'ftype': 'null'}, {'hop_id': 480, 'name': 'wcss', 'ftype': 'null'}, {'hop_id': 478, 'name': 'run_index', 'ftype': 'null'}, {'hop_id': 478, 'name': 'run_index', 'ftype': 'null'}, {'hop_id': 482, 'name': '1', 'ftype': 'null'}, {'hop_id': 482, 'name': '1', 'ftype': 'null'}]",1,True,True,6,NULL
2025-06-10 05:29:30.836,494,final_wcss,LeftIndexingOp,UNKNOWN,430,False,null,DISALLOWED_OP,"[(hopID:473,name:final_wcss,ftype:null), (hopID:480,name:wcss,ftype:null), (hopID:478,name:run_index,ftype:null), (hopID:478,name:run_index,ftype:null), (hopID:482,name:1,ftype:null), (hopID:482,name:1,ftype:null)]",1,1,False,"[{'hop_id': 473, 'name': 'final_wcss', 'ftype': 'null'}, {'hop_id': 480, 'name': 'wcss', 'ftype': 'null'}, {'hop_id': 478, 'name': 'run_index', 'ftype': 'null'}, {'hop_id': 478, 'name': 'run_index', 'ftype': 'null'}, {'hop_id': 482, 'name': '1', 'ftype': 'null'}, {'hop_id': 482, 'name': '1', 'ftype': 'null'}]",1,True,True,6,NULL
2025-06-10 05:29:30.836,495,final_wcss,DataOp,TWrite,430,True,null,PROPAGATE_FROM_INPUT,"[(hopID:494,name:final_wcss,ftype:null)]",1,1,False,"[{'hop_id': 494, 'name': 'final_wcss', 'ftype': 'null'}]",1,True,True,1,NULL
2025-06-10 05:29:30.837,498,termination_code,LeftIndexingOp,UNKNOWN,435,False,null,UNKNOWN_HOP_TYPE,"[(hopID:477,name:termination_code,ftype:null), (hopID:475,name:term_code,ftype:null), (hopID:478,name:run_index,ftype:null), (hopID:478,name:run_index,ftype:null), (hopID:482,name:1,ftype:null), (hopID:482,name:1,ftype:null)]",1,1,False,"[{'hop_id': 477, 'name': 'termination_code', 'ftype': 'null'}, {'hop_id': 475, 'name': 'term_code', 'ftype': 'null'}, {'hop_id': 478, 'name': 'run_index', 'ftype': 'null'}, {'hop_id': 478, 'name': 'run_index', 'ftype': 'null'}, {'hop_id': 482, 'name': '1', 'ftype': 'null'}, {'hop_id': 482, 'name': '1', 'ftype': 'null'}]",1,True,True,6,NULL
2025-06-10 05:29:30.837,498,termination_code,LeftIndexingOp,UNKNOWN,435,False,null,DISALLOWED_OP,"[(hopID:477,name:termination_code,ftype:null), (hopID:475,name:term_code,ftype:null), (hopID:478,name:run_index,ftype:null), (hopID:478,name:run_index,ftype:null), (hopID:482,name:1,ftype:null), (hopID:482,name:1,ftype:null)]",1,1,False,"[{'hop_id': 477, 'name': 'termination_code', 'ftype': 'null'}, {'hop_id': 475, 'name': 'term_code', 'ftype': 'null'}, {'hop_id': 478, 'name': 'run_index', 'ftype': 'null'}, {'hop_id': 478, 'name': 'run_index', 'ftype': 'null'}, {'hop_id': 482, 'name': '1', 'ftype': 'null'}, {'hop_id': 482, 'name': '1', 'ftype': 'null'}]",1,True,True,6,NULL
2025-06-10 05:29:30.837,499,termination_code,DataOp,TWrite,435,True,null,PROPAGATE_FROM_INPUT,"[(hopID:498,name:termination_code,ftype:null)]",1,1,False,"[{'hop_id': 498, 'name': 'termination_code', 'ftype': 'null'}]",1,True,True,1,NULL
2025-06-10 05:29:30.837,502,num_iterations,LeftIndexingOp,UNKNOWN,440,False,null,UNKNOWN_HOP_TYPE,"[(hopID:474,name:num_iterations,ftype:null), (hopID:476,name:iter_count,ftype:null), (hopID:478,name:run_index,ftype:null), (hopID:478,name:run_index,ftype:null), (hopID:482,name:1,ftype:null), (hopID:482,name:1,ftype:null)]",1,1,False,"[{'hop_id': 474, 'name': 'num_iterations', 'ftype': 'null'}, {'hop_id': 476, 'name': 'iter_count', 'ftype': 'null'}, {'hop_id': 478, 'name': 'run_index', 'ftype': 'null'}, {'hop_id': 478, 'name': 'run_index', 'ftype': 'null'}, {'hop_id': 482, 'name': '1', 'ftype': 'null'}, {'hop_id': 482, 'name': '1', 'ftype': 'null'}]",1,True,True,6,NULL
2025-06-10 05:29:30.837,502,num_iterations,LeftIndexingOp,UNKNOWN,440,False,null,DISALLOWED_OP,"[(hopID:474,name:num_iterations,ftype:null), (hopID:476,name:iter_count,ftype:null), (hopID:478,name:run_index,ftype:null), (hopID:478,name:run_index,ftype:null), (hopID:482,name:1,ftype:null), (hopID:482,name:1,ftype:null)]",1,1,False,"[{'hop_id': 474, 'name': 'num_iterations', 'ftype': 'null'}, {'hop_id': 476, 'name': 'iter_count', 'ftype': 'null'}, {'hop_id': 478, 'name': 'run_index', 'ftype': 'null'}, {'hop_id': 478, 'name': 'run_index', 'ftype': 'null'}, {'hop_id': 482, 'name': '1', 'ftype': 'null'}, {'hop_id': 482, 'name': '1', 'ftype': 'null'}]",1,True,True,6,NULL
2025-06-10 05:29:30.837,503,num_iterations,DataOp,TWrite,440,True,null,PROPAGATE_FROM_INPUT,"[(hopID:502,name:num_iterations,ftype:null)]",1,1,False,"[{'hop_id': 502, 'name': 'num_iterations', 'ftype': 'null'}]",1,True,True,1,NULL
2025-06-10 05:29:30.839,504,termination_code,DataOp,TRead,460,True,null,PROPAGATE_FROM_INPUT,[],1,1,False,[],1,True,False,0,NULL
2025-06-10 05:29:30.838,506,1.0,LiteralOp,UNKNOWN,445,False,null,UNKNOWN_HOP_TYPE,[],0,0,False,[],0,False,False,0,NULL
2025-06-10 05:29:30.838,506,1.0,LiteralOp,UNKNOWN,445,False,null,DISALLOWED_OP,[],0,0,False,[],0,False,False,0,NULL
2025-06-10 05:29:30.838,507,0,LiteralOp,UNKNOWN,447,False,null,UNKNOWN_HOP_TYPE,[],0,0,False,[],0,False,False,0,NULL
2025-06-10 05:29:30.838,507,0,LiteralOp,UNKNOWN,447,False,null,DISALLOWED_OP,[],0,0,False,[],0,False,False,0,NULL
2025-06-10 05:29:30.838,508,uniform,LiteralOp,UNKNOWN,449,False,null,UNKNOWN_HOP_TYPE,[],0,0,False,[],0,False,False,0,NULL
2025-06-10 05:29:30.838,508,uniform,LiteralOp,UNKNOWN,449,False,null,DISALLOWED_OP,[],0,0,False,[],0,False,False,0,NULL
2025-06-10 05:29:30.838,509,-1,LiteralOp,UNKNOWN,451,False,null,UNKNOWN_HOP_TYPE,[],0,0,False,[],0,False,False,0,NULL
2025-06-10 05:29:30.838,509,-1,LiteralOp,UNKNOWN,451,False,null,DISALLOWED_OP,[],0,0,False,[],0,False,False,0,NULL
2025-06-10 05:29:30.838,512,3,LiteralOp,UNKNOWN,455,False,null,UNKNOWN_HOP_TYPE,[],0,0,False,[],0,False,False,0,NULL
2025-06-10 05:29:30.839,512,3,LiteralOp,UNKNOWN,455,False,null,DISALLOWED_OP,[],0,0,False,[],0,False,False,0,NULL
2025-06-10 05:29:30.839,513,termination_bitmap,DataGenOp,RAND,456,False,null,UNKNOWN_HOP_TYPE,"[(hopID:506,name:1.0,ftype:null), (hopID:507,name:0,ftype:null), (hopID:508,name:uniform,ftype:null), (hopID:509,name:-1,ftype:null), (hopID:507,name:0,ftype:null), (hopID:506,name:1.0,ftype:null), (hopID:814,name:1,ftype:null), (hopID:512,name:3,ftype:null)]",1,3,False,"[{'hop_id': 506, 'name': '1.0', 'ftype': 'null'}, {'hop_id': 507, 'name': '0', 'ftype': 'null'}, {'hop_id': 508, 'name': 'uniform', 'ftype': 'null'}, {'hop_id': 509, 'name': '-1', 'ftype': 'null'}, {'hop_id': 507, 'name': '0', 'ftype': 'null'}, {'hop_id': 506, 'name': '1.0', 'ftype': 'null'}, {'hop_id': 814, 'name': '1', 'ftype': 'null'}, {'hop_id': 512, 'name': '3', 'ftype': 'null'}]",3,True,True,8,NULL
2025-06-10 05:29:30.839,513,termination_bitmap,DataGenOp,RAND,456,False,null,DISALLOWED_OP,"[(hopID:506,name:1.0,ftype:null), (hopID:507,name:0,ftype:null), (hopID:508,name:uniform,ftype:null), (hopID:509,name:-1,ftype:null), (hopID:507,name:0,ftype:null), (hopID:506,name:1.0,ftype:null), (hopID:814,name:1,ftype:null), (hopID:512,name:3,ftype:null)]",1,3,False,"[{'hop_id': 506, 'name': '1.0', 'ftype': 'null'}, {'hop_id': 507, 'name': '0', 'ftype': 'null'}, {'hop_id': 508, 'name': 'uniform', 'ftype': 'null'}, {'hop_id': 509, 'name': '-1', 'ftype': 'null'}, {'hop_id': 507, 'name': '0', 'ftype': 'null'}, {'hop_id': 506, 'name': '1.0', 'ftype': 'null'}, {'hop_id': 814, 'name': '1', 'ftype': 'null'}, {'hop_id': 512, 'name': '3', 'ftype': 'null'}]",3,True,True,8,NULL
2025-06-10 05:29:30.839,518,termination_bitmap_raw,TernaryOp,ctable,461,False,null,UNKNOWN_HOP_TYPE,"[(hopID:876,name:seq(1, 1),ftype:null), (hopID:504,name:termination_code,ftype:null), (hopID:506,name:1.0,ftype:null)]",-1,-1,False,"[{'hop_id': 504, 'name': 'termination_code', 'ftype': 'null'}, {'hop_id': 506, 'name': '1.0', 'ftype': 'null'}]",1,False,True,2,NULL
2025-06-10 05:29:30.839,518,termination_bitmap_raw,TernaryOp,ctable,461,False,null,DISALLOWED_OP,"[(hopID:876,name:seq(1, 1),ftype:null), (hopID:504,name:termination_code,ftype:null), (hopID:506,name:1.0,ftype:null)]",-1,-1,False,"[{'hop_id': 504, 'name': 'termination_code', 'ftype': 'null'}, {'hop_id': 506, 'name': '1.0', 'ftype': 'null'}]",1,False,True,2,NULL
2025-06-10 05:29:30.840,522,parsertemp349,UnaryOp,ncol,463,False,null,UNARY_METADATA_OP,"[(hopID:518,name:termination_bitmap_raw,ftype:null)]",0,0,False,"[{'hop_id': 518, 'name': 'termination_bitmap_raw', 'ftype': 'null'}]",0,False,True,1,NULL
2025-06-10 05:29:30.840,522,parsertemp349,UnaryOp,ncol,463,False,null,DISALLOWED_OP,"[(hopID:518,name:termination_bitmap_raw,ftype:null)]",0,0,False,"[{'hop_id': 518, 'name': 'termination_bitmap_raw', 'ftype': 'null'}]",0,False,True,1,NULL
2025-06-10 05:29:30.840,523,termination_bitmap,LeftIndexingOp,UNKNOWN,464,False,null,UNKNOWN_HOP_TYPE,"[(hopID:513,name:termination_bitmap,ftype:null), (hopID:518,name:termination_bitmap_raw,ftype:null), (hopID:814,name:1,ftype:null), (hopID:814,name:1,ftype:null), (hopID:814,name:1,ftype:null), (hopID:522,name:parsertemp349,ftype:null)]",1,3,False,"[{'hop_id': 513, 'name': 'termination_bitmap', 'ftype': 'null'}, {'hop_id': 518, 'name': 'termination_bitmap_raw', 'ftype': 'null'}, {'hop_id': 814, 'name': '1', 'ftype': 'null'}, {'hop_id': 814, 'name': '1', 'ftype': 'null'}, {'hop_id': 814, 'name': '1', 'ftype': 'null'}, {'hop_id': 522, 'name': 'parsertemp349', 'ftype': 'null'}]",3,True,True,6,NULL
2025-06-10 05:29:30.840,523,termination_bitmap,LeftIndexingOp,UNKNOWN,464,False,null,DISALLOWED_OP,"[(hopID:513,name:termination_bitmap,ftype:null), (hopID:518,name:termination_bitmap_raw,ftype:null), (hopID:814,name:1,ftype:null), (hopID:814,name:1,ftype:null), (hopID:814,name:1,ftype:null), (hopID:522,name:parsertemp349,ftype:null)]",1,3,False,"[{'hop_id': 513, 'name': 'termination_bitmap', 'ftype': 'null'}, {'hop_id': 518, 'name': 'termination_bitmap_raw', 'ftype': 'null'}, {'hop_id': 814, 'name': '1', 'ftype': 'null'}, {'hop_id': 814, 'name': '1', 'ftype': 'null'}, {'hop_id': 814, 'name': '1', 'ftype': 'null'}, {'hop_id': 522, 'name': 'parsertemp349', 'ftype': 'null'}]",3,True,True,6,NULL
2025-06-10 05:29:30.840,524,termination_bitmap,DataOp,TWrite,464,True,null,PROPAGATE_FROM_INPUT,"[(hopID:523,name:termination_bitmap,ftype:null)]",1,3,False,"[{'hop_id': 523, 'name': 'termination_bitmap', 'ftype': 'null'}]",3,True,True,1,NULL
2025-06-10 05:29:30.840,565,termination_stats,IndexingOp,UNKNOWN,468,False,null,UNKNOWN_HOP_TYPE,"[(hopID:523,name:termination_bitmap,ftype:null), (hopID:814,name:1,ftype:null), (hopID:814,name:1,ftype:null), (hopID:814,name:1,ftype:null), (hopID:814,name:1,ftype:null)]",1,1,False,"[{'hop_id': 523, 'name': 'termination_bitmap', 'ftype': 'null'}, {'hop_id': 814, 'name': '1', 'ftype': 'null'}, {'hop_id': 814, 'name': '1', 'ftype': 'null'}, {'hop_id': 814, 'name': '1', 'ftype': 'null'}, {'hop_id': 814, 'name': '1', 'ftype': 'null'}]",1,True,True,5,NULL
2025-06-10 05:29:30.840,565,termination_stats,IndexingOp,UNKNOWN,468,False,null,DISALLOWED_OP,"[(hopID:523,name:termination_bitmap,ftype:null), (hopID:814,name:1,ftype:null), (hopID:814,name:1,ftype:null), (hopID:814,name:1,ftype:null), (hopID:814,name:1,ftype:null)]",1,1,False,"[{'hop_id': 523, 'name': 'termination_bitmap', 'ftype': 'null'}, {'hop_id': 814, 'name': '1', 'ftype': 'null'}, {'hop_id': 814, 'name': '1', 'ftype': 'null'}, {'hop_id': 814, 'name': '1', 'ftype': 'null'}, {'hop_id': 814, 'name': '1', 'ftype': 'null'}]",1,True,True,5,NULL
2025-06-10 05:29:30.840,566,num_successful_runs,UnaryOp,castdts,469,True,null,UNARY_ALLOWED,"[(hopID:565,name:termination_stats,ftype:null)]",0,0,False,"[{'hop_id': 565, 'name': 'termination_stats', 'ftype': 'null'}]",0,False,True,1,NULL
2025-06-10 05:29:30.840,566,num_successful_runs,UnaryOp,castdts,470,True,null,SCALAR_HOP,"[(hopID:565,name:termination_stats,ftype:null)]",0,0,False,"[{'hop_id': 565, 'name': 'termination_stats', 'ftype': 'null'}]",0,False,True,1,NULL
2025-06-10 05:29:30.840,566,num_successful_runs,UnaryOp,castdts,470,True,null,PROPAGATE_FROM_INPUT,"[(hopID:565,name:termination_stats,ftype:null)]",0,0,False,"[{'hop_id': 565, 'name': 'termination_stats', 'ftype': 'null'}]",0,False,True,1,NULL
2025-06-10 05:29:30.841,567,num_successful_runs,DataOp,TWrite,470,True,null,PROPAGATE_FROM_INPUT,"[(hopID:566,name:num_successful_runs,ftype:null)]",0,0,False,"[{'hop_id': 566, 'name': 'num_successful_runs', 'ftype': 'null'}]",0,False,True,1,NULL
2025-06-10 05:29:30.841,568,num_successful_runs,DataOp,TRead,473,True,null,PROPAGATE_FROM_INPUT,[],0,0,False,[],0,False,False,0,NULL
2025-06-10 05:29:30.841,569,0,LiteralOp,UNKNOWN,475,False,null,UNKNOWN_HOP_TYPE,[],0,0,False,[],0,False,False,0,NULL
2025-06-10 05:29:30.841,569,0,LiteralOp,UNKNOWN,475,False,null,DISALLOWED_OP,[],0,0,False,[],0,False,False,0,NULL
2025-06-10 05:29:30.841,570,parsertemp463,BinaryOp,>,476,False,null,UNKNOWN_HOP_TYPE,"[(hopID:568,name:num_successful_runs,ftype:null), (hopID:569,name:0,ftype:null)]",0,0,False,"[{'hop_id': 568, 'name': 'num_successful_runs', 'ftype': 'null'}, {'hop_id': 569, 'name': '0', 'ftype': 'null'}]",0,False,True,2,NULL
2025-06-10 05:29:30.841,570,parsertemp463,BinaryOp,>,476,False,null,DISALLOWED_OP,"[(hopID:568,name:num_successful_runs,ftype:null), (hopID:569,name:0,ftype:null)]",0,0,False,"[{'hop_id': 568, 'name': 'num_successful_runs', 'ftype': 'null'}, {'hop_id': 569, 'name': '0', 'ftype': 'null'}]",0,False,True,2,NULL
2025-06-10 05:29:30.841,571,__pred,DataOp,TWrite,477,True,null,UNKNOWN_HOP_TYPE,"[(hopID:570,name:parsertemp463,ftype:null)]",0,0,False,"[{'hop_id': 570, 'name': 'parsertemp463', 'ftype': 'null'}]",0,False,True,1,NULL
2025-06-10 05:29:30.841,571,__pred,DataOp,TWrite,478,True,null,SCALAR_HOP,"[(hopID:570,name:parsertemp463,ftype:null)]",0,0,False,"[{'hop_id': 570, 'name': 'parsertemp463', 'ftype': 'null'}]",0,False,True,1,NULL
2025-06-10 05:29:30.841,571,__pred,DataOp,TWrite,478,True,null,PROPAGATE_FROM_INPUT,"[(hopID:570,name:parsertemp463,ftype:null)]",0,0,False,"[{'hop_id': 570, 'name': 'parsertemp463', 'ftype': 'null'}]",0,False,True,1,NULL
2025-06-10 05:29:30.842,572,termination_bitmap,DataOp,TRead,503,True,null,PROPAGATE_FROM_INPUT,[],1,3,False,[],3,True,False,0,NULL
2025-06-10 05:29:30.842,574,final_wcss,DataOp,TRead,493,True,null,PROPAGATE_FROM_INPUT,[],1,1,False,[],1,True,False,0,NULL
2025-06-10 05:29:30.842,575,Infinity,LiteralOp,UNKNOWN,495,False,null,UNKNOWN_HOP_TYPE,[],0,0,False,[],0,False,False,0,NULL
2025-06-10 05:29:30.842,575,Infinity,LiteralOp,UNKNOWN,495,False,null,DISALLOWED_OP,[],0,0,False,[],0,False,False,0,NULL
2025-06-10 05:29:30.842,576,0,LiteralOp,UNKNOWN,497,False,null,UNKNOWN_HOP_TYPE,[],0,0,False,[],0,False,False,0,NULL
2025-06-10 05:29:30.842,576,0,LiteralOp,UNKNOWN,497,False,null,DISALLOWED_OP,[],0,0,False,[],0,False,False,0,NULL
2025-06-10 05:29:30.842,577,parsertemp362,ParameterizedBuiltinOp,REPLACE,498,False,null,UNKNOWN_HOP_TYPE,"[(hopID:574,name:final_wcss,ftype:null), (hopID:575,name:Infinity,ftype:null), (hopID:576,name:0,ftype:null)]",1,1,False,"[{'hop_id': 574, 'name': 'final_wcss', 'ftype': 'null'}, {'hop_id': 575, 'name': 'Infinity', 'ftype': 'null'}, {'hop_id': 576, 'name': '0', 'ftype': 'null'}]",1,True,True,3,NULL
2025-06-10 05:29:30.842,577,parsertemp362,ParameterizedBuiltinOp,REPLACE,498,False,null,DISALLOWED_OP,"[(hopID:574,name:final_wcss,ftype:null), (hopID:575,name:Infinity,ftype:null), (hopID:576,name:0,ftype:null)]",1,1,False,"[{'hop_id': 574, 'name': 'final_wcss', 'ftype': 'null'}, {'hop_id': 575, 'name': 'Infinity', 'ftype': 'null'}, {'hop_id': 576, 'name': '0', 'ftype': 'null'}]",1,True,True,3,NULL
2025-06-10 05:29:30.842,578,1,LiteralOp,UNKNOWN,505,False,null,UNKNOWN_HOP_TYPE,[],-1,-1,False,[],1,False,False,0,NULL
2025-06-10 05:29:30.842,578,1,LiteralOp,UNKNOWN,505,False,null,DISALLOWED_OP,[],-1,-1,False,[],1,False,False,0,NULL
2025-06-10 05:29:30.843,582,termination_bitmap,IndexingOp,UNKNOWN,506,False,null,UNKNOWN_HOP_TYPE,"[(hopID:572,name:termination_bitmap,ftype:null), (hopID:578,name:1,ftype:null), (hopID:578,name:1,ftype:null), (hopID:578,name:1,ftype:null), (hopID:578,name:1,ftype:null)]",1,1,False,"[{'hop_id': 572, 'name': 'termination_bitmap', 'ftype': 'null'}, {'hop_id': 578, 'name': '1', 'ftype': 'null'}, {'hop_id': 578, 'name': '1', 'ftype': 'null'}, {'hop_id': 578, 'name': '1', 'ftype': 'null'}, {'hop_id': 578, 'name': '1', 'ftype': 'null'}]",1,True,True,5,NULL
2025-06-10 05:29:30.843,582,termination_bitmap,IndexingOp,UNKNOWN,506,False,null,DISALLOWED_OP,"[(hopID:572,name:termination_bitmap,ftype:null), (hopID:578,name:1,ftype:null), (hopID:578,name:1,ftype:null), (hopID:578,name:1,ftype:null), (hopID:578,name:1,ftype:null)]",1,1,False,"[{'hop_id': 572, 'name': 'termination_bitmap', 'ftype': 'null'}, {'hop_id': 578, 'name': '1', 'ftype': 'null'}, {'hop_id': 578, 'name': '1', 'ftype': 'null'}, {'hop_id': 578, 'name': '1', 'ftype': 'null'}, {'hop_id': 578, 'name': '1', 'ftype': 'null'}]",1,True,True,5,NULL
2025-06-10 05:29:30.843,583,final_wcss_successful,BinaryOp,*,513,False,null,DISALLOWED_OP,"[(hopID:577,name:parsertemp362,ftype:null), (hopID:879,name:termination_bitmap,ftype:null)]",1,1,False,"[{'hop_id': 577, 'name': 'parsertemp362', 'ftype': 'null'}, {'hop_id': 879, 'name': 'termination_bitmap', 'ftype': 'null'}]",1,True,True,2,NULL
2025-06-10 05:29:30.843,586,10,LiteralOp,UNKNOWN,517,False,null,UNKNOWN_HOP_TYPE,[],0,0,False,[],0,False,False,0,NULL
2025-06-10 05:29:30.843,586,10,LiteralOp,UNKNOWN,517,False,null,DISALLOWED_OP,[],0,0,False,[],0,False,False,0,NULL
2025-06-10 05:29:30.843,587,parsertemp365,BinaryOp,*,518,False,null,UNKNOWN_HOP_TYPE,"[(hopID:586,name:10,ftype:null), (hopID:889,name:parsertemp362,ftype:null)]",0,0,False,"[{'hop_id': 586, 'name': '10', 'ftype': 'null'}, {'hop_id': 889, 'name': 'parsertemp362', 'ftype': 'null'}]",0,False,True,2,NULL
2025-06-10 05:29:30.843,587,parsertemp365,BinaryOp,*,518,False,null,DISALLOWED_OP,"[(hopID:586,name:10,ftype:null), (hopID:889,name:parsertemp362,ftype:null)]",0,0,False,"[{'hop_id': 586, 'name': '10', 'ftype': 'null'}, {'hop_id': 889, 'name': 'parsertemp362', 'ftype': 'null'}]",0,False,True,2,NULL
2025-06-10 05:29:30.843,589,parsertemp366,BinaryOp,+,519,False,null,UNKNOWN_HOP_TYPE,"[(hopID:587,name:parsertemp365,ftype:null), (hopID:586,name:10,ftype:null)]",0,0,False,"[{'hop_id': 587, 'name': 'parsertemp365', 'ftype': 'null'}, {'hop_id': 586, 'name': '10', 'ftype': 'null'}]",0,False,True,2,NULL
2025-06-10 05:29:30.843,589,parsertemp366,BinaryOp,+,519,False,null,DISALLOWED_OP,"[(hopID:587,name:parsertemp365,ftype:null), (hopID:586,name:10,ftype:null)]",0,0,False,"[{'hop_id': 587, 'name': 'parsertemp365', 'ftype': 'null'}, {'hop_id': 586, 'name': '10', 'ftype': 'null'}]",0,False,True,2,NULL
2025-06-10 05:29:30.844,596,parsertemp367,BinaryOp,-,521,False,null,DISALLOWED_OP,"[(hopID:578,name:1,ftype:null), (hopID:582,name:termination_bitmap,ftype:null)]",1,1,False,"[{'hop_id': 578, 'name': '1', 'ftype': 'null'}, {'hop_id': 582, 'name': 'termination_bitmap', 'ftype': 'null'}]",1,True,True,2,NULL
2025-06-10 05:29:30.844,610,parsertemp377,BinaryOp,+,526,False,null,UNKNOWN_HOP_TYPE,"[(hopID:899,name:final_wcss_successful,ftype:null), (hopID:578,name:1,ftype:null)]",0,0,False,"[{'hop_id': 899, 'name': 'final_wcss_successful', 'ftype': 'null'}, {'hop_id': 578, 'name': '1', 'ftype': 'null'}]",0,False,True,2,NULL
2025-06-10 05:29:30.844,610,parsertemp377,BinaryOp,+,526,False,null,DISALLOWED_OP,"[(hopID:899,name:final_wcss_successful,ftype:null), (hopID:578,name:1,ftype:null)]",0,0,False,"[{'hop_id': 899, 'name': 'final_wcss_successful', 'ftype': 'null'}, {'hop_id': 578, 'name': '1', 'ftype': 'null'}]",0,False,True,2,NULL
2025-06-10 05:29:30.844,611,best_index,UnaryOp,castvti,527,True,null,UNARY_ALLOWED,"[(hopID:610,name:parsertemp377,ftype:null)]",0,0,False,"[{'hop_id': 610, 'name': 'parsertemp377', 'ftype': 'null'}]",0,False,True,1,NULL
2025-06-10 05:29:30.844,611,best_index,UnaryOp,castvti,528,True,null,SCALAR_HOP,"[(hopID:610,name:parsertemp377,ftype:null)]",0,0,False,"[{'hop_id': 610, 'name': 'parsertemp377', 'ftype': 'null'}]",0,False,True,1,NULL
2025-06-10 05:29:30.844,611,best_index,UnaryOp,castvti,528,True,null,PROPAGATE_FROM_INPUT,"[(hopID:610,name:parsertemp377,ftype:null)]",0,0,False,"[{'hop_id': 610, 'name': 'parsertemp377', 'ftype': 'null'}]",0,False,True,1,NULL
2025-06-10 05:29:30.846,631,X,DataOp,TRead,550,True,ROW,PROPAGATE_FROM_INPUT,[],1000,100,False,[],100000,False,False,0,ROW
2025-06-10 05:29:30.841,632,All_Centroids,DataOp,TRead,481,True,null,PROPAGATE_FROM_INPUT,[],4,100,False,[],400,False,False,0,NULL
2025-06-10 05:29:30.844,636,parsertemp386,BinaryOp,-,529,False,null,UNKNOWN_HOP_TYPE,"[(hopID:611,name:best_index,ftype:null), (hopID:578,name:1,ftype:null)]",0,0,False,"[{'hop_id': 611, 'name': 'best_index', 'ftype': 'null'}, {'hop_id': 578, 'name': '1', 'ftype': 'null'}]",0,False,True,2,NULL
2025-06-10 05:29:30.844,636,parsertemp386,BinaryOp,-,529,False,null,DISALLOWED_OP,"[(hopID:611,name:best_index,ftype:null), (hopID:578,name:1,ftype:null)]",0,0,False,"[{'hop_id': 611, 'name': 'best_index', 'ftype': 'null'}, {'hop_id': 578, 'name': '1', 'ftype': 'null'}]",0,False,True,2,NULL
2025-06-10 05:29:30.844,637,parsertemp387,BinaryOp,*,530,False,null,UNKNOWN_HOP_TYPE,"[(hopID:815,name:4,ftype:null), (hopID:636,name:parsertemp386,ftype:null)]",0,0,False,"[{'hop_id': 815, 'name': '4', 'ftype': 'null'}, {'hop_id': 636, 'name': 'parsertemp386', 'ftype': 'null'}]",0,False,True,2,NULL
2025-06-10 05:29:30.845,637,parsertemp387,BinaryOp,*,530,False,null,DISALLOWED_OP,"[(hopID:815,name:4,ftype:null), (hopID:636,name:parsertemp386,ftype:null)]",0,0,False,"[{'hop_id': 815, 'name': '4', 'ftype': 'null'}, {'hop_id': 636, 'name': 'parsertemp386', 'ftype': 'null'}]",0,False,True,2,NULL
2025-06-10 05:29:30.845,639,parsertemp388,BinaryOp,+,531,False,null,UNKNOWN_HOP_TYPE,"[(hopID:637,name:parsertemp387,ftype:null), (hopID:578,name:1,ftype:null)]",0,0,False,"[{'hop_id': 637, 'name': 'parsertemp387', 'ftype': 'null'}, {'hop_id': 578, 'name': '1', 'ftype': 'null'}]",0,False,True,2,NULL
2025-06-10 05:29:30.845,639,parsertemp388,BinaryOp,+,531,False,null,DISALLOWED_OP,"[(hopID:637,name:parsertemp387,ftype:null), (hopID:578,name:1,ftype:null)]",0,0,False,"[{'hop_id': 637, 'name': 'parsertemp387', 'ftype': 'null'}, {'hop_id': 578, 'name': '1', 'ftype': 'null'}]",0,False,True,2,NULL
2025-06-10 05:29:30.845,641,parsertemp389,BinaryOp,*,533,False,null,UNKNOWN_HOP_TYPE,"[(hopID:815,name:4,ftype:null), (hopID:611,name:best_index,ftype:null)]",0,0,False,"[{'hop_id': 815, 'name': '4', 'ftype': 'null'}, {'hop_id': 611, 'name': 'best_index', 'ftype': 'null'}]",0,False,True,2,NULL
2025-06-10 05:29:30.845,641,parsertemp389,BinaryOp,*,533,False,null,DISALLOWED_OP,"[(hopID:815,name:4,ftype:null), (hopID:611,name:best_index,ftype:null)]",0,0,False,"[{'hop_id': 815, 'name': '4', 'ftype': 'null'}, {'hop_id': 611, 'name': 'best_index', 'ftype': 'null'}]",0,False,True,2,NULL
2025-06-10 05:29:30.845,643,C,IndexingOp,UNKNOWN,536,False,null,UNKNOWN_HOP_TYPE,"[(hopID:632,name:All_Centroids,ftype:null), (hopID:639,name:parsertemp388,ftype:null), (hopID:641,name:parsertemp389,ftype:null), (hopID:578,name:1,ftype:null), (hopID:900,name:100,ftype:null)]",4,100,False,"[{'hop_id': 632, 'name': 'All_Centroids', 'ftype': 'null'}, {'hop_id': 639, 'name': 'parsertemp388', 'ftype': 'null'}, {'hop_id': 641, 'name': 'parsertemp389', 'ftype': 'null'}, {'hop_id': 578, 'name': '1', 'ftype': 'null'}, {'hop_id': 900, 'name': '100', 'ftype': 'null'}]",400,False,True,5,NULL
2025-06-10 05:29:30.845,643,C,IndexingOp,UNKNOWN,536,False,null,DISALLOWED_OP,"[(hopID:632,name:All_Centroids,ftype:null), (hopID:639,name:parsertemp388,ftype:null), (hopID:641,name:parsertemp389,ftype:null), (hopID:578,name:1,ftype:null), (hopID:900,name:100,ftype:null)]",4,100,False,"[{'hop_id': 632, 'name': 'All_Centroids', 'ftype': 'null'}, {'hop_id': 639, 'name': 'parsertemp388', 'ftype': 'null'}, {'hop_id': 641, 'name': 'parsertemp389', 'ftype': 'null'}, {'hop_id': 578, 'name': '1', 'ftype': 'null'}, {'hop_id': 900, 'name': '100', 'ftype': 'null'}]",400,False,True,5,NULL
2025-06-10 05:29:30.845,644,C,DataOp,TWrite,536,True,null,PROPAGATE_FROM_INPUT,"[(hopID:643,name:C,ftype:null)]",4,100,False,"[{'hop_id': 643, 'name': 'C', 'ftype': 'null'}]",400,False,True,1,NULL
2025-06-10 05:29:30.846,645,-2,LiteralOp,UNKNOWN,548,False,null,UNKNOWN_HOP_TYPE,[],0,0,False,[],0,False,False,0,NULL
2025-06-10 05:29:30.846,645,-2,LiteralOp,UNKNOWN,548,False,null,DISALLOWED_OP,[],0,0,False,[],0,False,False,0,NULL
2025-06-10 05:29:30.846,646,parsertemp390,ReorgOp,r',552,False,null,UNKNOWN_HOP_TYPE,"[(hopID:643,name:C,ftype:null)]",100,4,False,"[{'hop_id': 643, 'name': 'C', 'ftype': 'null'}]",400,False,True,1,NULL
2025-06-10 05:29:30.846,646,parsertemp390,ReorgOp,r',552,False,null,DISALLOWED_OP,"[(hopID:643,name:C,ftype:null)]",100,4,False,"[{'hop_id': 643, 'name': 'C', 'ftype': 'null'}]",400,False,True,1,NULL
2025-06-10 05:29:30.846,647,parsertemp391,AggBinaryOp,AGGBINARY,553,True,null,AGGR_BINARY_MIXED_NULL,"[(hopID:631,name:X,ftype:ROW), (hopID:646,name:parsertemp390,ftype:null)]",1000,4,False,"[{'hop_id': 631, 'name': 'X', 'ftype': 'ROW'}, {'hop_id': 646, 'name': 'parsertemp390', 'ftype': 'null'}]",4000,False,True,2,NULL
2025-06-10 05:29:30.846,647,parsertemp391,AggBinaryOp,AGGBINARY,554,True,ROW,TSMM_PATTERN,"[(hopID:631,name:X,ftype:ROW), (hopID:646,name:parsertemp390,ftype:null)]",1000,4,False,"[{'hop_id': 631, 'name': 'X', 'ftype': 'ROW'}, {'hop_id': 646, 'name': 'parsertemp390', 'ftype': 'null'}]",4000,False,True,2,ROW
2025-06-10 05:29:30.846,647,parsertemp391,AggBinaryOp,AGGBINARY,554,True,ROW,PROPAGATE_FROM_INPUT,"[(hopID:631,name:X,ftype:ROW), (hopID:646,name:parsertemp390,ftype:null)]",1000,4,False,"[{'hop_id': 631, 'name': 'X', 'ftype': 'ROW'}, {'hop_id': 646, 'name': 'parsertemp390', 'ftype': 'null'}]",4000,False,True,2,ROW
2025-06-10 05:29:30.847,648,parsertemp392,BinaryOp,*,555,True,null,BINARY_MIXED_NULL,"[(hopID:645,name:-2,ftype:null), (hopID:647,name:parsertemp391,ftype:ROW)]",1000,4,False,"[{'hop_id': 645, 'name': '-2', 'ftype': 'null'}, {'hop_id': 647, 'name': 'parsertemp391', 'ftype': 'ROW'}]",4000,False,True,2,NULL
2025-06-10 05:29:30.847,648,parsertemp392,BinaryOp,*,556,True,ROW,FIRST_NON_NULL,"[(hopID:645,name:-2,ftype:null), (hopID:647,name:parsertemp391,ftype:ROW)]",1000,4,False,"[{'hop_id': 645, 'name': '-2', 'ftype': 'null'}, {'hop_id': 647, 'name': 'parsertemp391', 'ftype': 'ROW'}]",4000,False,True,2,ROW
2025-06-10 05:29:30.847,648,parsertemp392,BinaryOp,*,556,True,ROW,PROPAGATE_FROM_INPUT,"[(hopID:645,name:-2,ftype:null), (hopID:647,name:parsertemp391,ftype:ROW)]",1000,4,False,"[{'hop_id': 645, 'name': '-2', 'ftype': 'null'}, {'hop_id': 647, 'name': 'parsertemp391', 'ftype': 'ROW'}]",4000,False,True,2,ROW
2025-06-10 05:29:30.847,652,parsertemp395,ReorgOp,r',560,False,null,UNKNOWN_HOP_TYPE,"[(hopID:901,name:C,ftype:null)]",1,4,False,"[{'hop_id': 901, 'name': 'C', 'ftype': 'null'}]",4,True,True,1,NULL
2025-06-10 05:29:30.847,652,parsertemp395,ReorgOp,r',560,False,null,DISALLOWED_OP,"[(hopID:901,name:C,ftype:null)]",1,4,False,"[{'hop_id': 901, 'name': 'C', 'ftype': 'null'}]",4,True,True,1,NULL
2025-06-10 05:29:30.847,653,D,BinaryOp,+,561,True,null,BINARY_MIXED_NULL,"[(hopID:648,name:parsertemp392,ftype:ROW), (hopID:652,name:parsertemp395,ftype:null)]",1000,4,False,"[{'hop_id': 648, 'name': 'parsertemp392', 'ftype': 'ROW'}, {'hop_id': 652, 'name': 'parsertemp395', 'ftype': 'null'}]",4000,False,True,2,NULL
2025-06-10 05:29:30.847,653,D,BinaryOp,+,562,True,ROW,FIRST_NON_NULL,"[(hopID:648,name:parsertemp392,ftype:ROW), (hopID:652,name:parsertemp395,ftype:null)]",1000,4,False,"[{'hop_id': 648, 'name': 'parsertemp392', 'ftype': 'ROW'}, {'hop_id': 652, 'name': 'parsertemp395', 'ftype': 'null'}]",4000,False,True,2,ROW
2025-06-10 05:29:30.847,653,D,BinaryOp,+,562,True,ROW,PROPAGATE_FROM_INPUT,"[(hopID:648,name:parsertemp392,ftype:ROW), (hopID:652,name:parsertemp395,ftype:null)]",1000,4,False,"[{'hop_id': 648, 'name': 'parsertemp392', 'ftype': 'ROW'}, {'hop_id': 652, 'name': 'parsertemp395', 'ftype': 'null'}]",4000,False,True,2,ROW
2025-06-10 05:29:30.847,654,parsertemp397,AggUnaryOp,min,564,True,null,AGGR_UNARY_ALLOWED,"[(hopID:653,name:D,ftype:ROW)]",1000,1,False,"[{'hop_id': 653, 'name': 'D', 'ftype': 'ROW'}]",1000,True,True,1,NULL
2025-06-10 05:29:30.848,654,parsertemp397,AggUnaryOp,min,565,True,ROW,AGGR_DIRECTION_MISMATCH,"[(hopID:653,name:D,ftype:ROW)]",1000,1,False,"[{'hop_id': 653, 'name': 'D', 'ftype': 'ROW'}]",1000,True,True,1,ROW
2025-06-10 05:29:30.848,654,parsertemp397,AggUnaryOp,min,565,True,ROW,PROPAGATE_FROM_INPUT,"[(hopID:653,name:D,ftype:ROW)]",1000,1,False,"[{'hop_id': 653, 'name': 'D', 'ftype': 'ROW'}]",1000,True,True,1,ROW
2025-06-10 05:29:30.848,655,P,BinaryOp,<=,566,True,null,BINARY_SAME_FTYPE,"[(hopID:653,name:D,ftype:ROW), (hopID:654,name:parsertemp397,ftype:ROW)]",1000,4,False,"[{'hop_id': 653, 'name': 'D', 'ftype': 'ROW'}, {'hop_id': 654, 'name': 'parsertemp397', 'ftype': 'ROW'}]",4000,False,True,2,NULL
2025-06-10 05:29:30.848,655,P,BinaryOp,<=,567,True,ROW,FIRST_NON_NULL,"[(hopID:653,name:D,ftype:ROW), (hopID:654,name:parsertemp397,ftype:ROW)]",1000,4,False,"[{'hop_id': 653, 'name': 'D', 'ftype': 'ROW'}, {'hop_id': 654, 'name': 'parsertemp397', 'ftype': 'ROW'}]",4000,False,True,2,ROW
2025-06-10 05:29:30.848,655,P,BinaryOp,<=,567,True,ROW,PROPAGATE_FROM_INPUT,"[(hopID:653,name:D,ftype:ROW), (hopID:654,name:parsertemp397,ftype:ROW)]",1000,4,False,"[{'hop_id': 653, 'name': 'D', 'ftype': 'ROW'}, {'hop_id': 654, 'name': 'parsertemp397', 'ftype': 'ROW'}]",4000,False,True,2,ROW
2025-06-10 05:29:30.848,656,parsertemp399,ReorgOp,r',568,True,null,UNKNOWN_HOP_TYPE,"[(hopID:655,name:P,ftype:ROW)]",4,1000,False,"[{'hop_id': 655, 'name': 'P', 'ftype': 'ROW'}]",4000,False,True,1,NULL
2025-06-10 05:29:30.848,656,parsertemp399,ReorgOp,r',569,True,COL,REORG_TRANS_COL_ROW,"[(hopID:655,name:P,ftype:ROW)]",4,1000,False,"[{'hop_id': 655, 'name': 'P', 'ftype': 'ROW'}]",4000,False,True,1,COL
2025-06-10 05:29:30.848,656,parsertemp399,ReorgOp,r',569,True,COL,PROPAGATE_FROM_INPUT,"[(hopID:655,name:P,ftype:ROW)]",4,1000,False,"[{'hop_id': 655, 'name': 'P', 'ftype': 'ROW'}]",4000,False,True,1,COL
2025-06-10 05:29:30.848,657,parsertemp400,UnaryOp,ucumk+,570,True,null,UNARY_ALLOWED,"[(hopID:656,name:parsertemp399,ftype:COL)]",4,1000,False,"[{'hop_id': 656, 'name': 'parsertemp399', 'ftype': 'COL'}]",4000,False,True,1,NULL
2025-06-10 05:29:30.848,657,parsertemp400,UnaryOp,ucumk+,571,True,null,UNKNOWN_HOP_TYPE,"[(hopID:656,name:parsertemp399,ftype:COL)]",4,1000,False,"[{'hop_id': 656, 'name': 'parsertemp399', 'ftype': 'COL'}]",4000,False,True,1,NULL
2025-06-10 05:29:30.848,657,parsertemp400,UnaryOp,ucumk+,571,True,null,PROPAGATE_FROM_INPUT,"[(hopID:656,name:parsertemp399,ftype:COL)]",4,1000,False,"[{'hop_id': 656, 'name': 'parsertemp399', 'ftype': 'COL'}]",4000,False,True,1,NULL
2025-06-10 05:29:30.849,658,aggr_P,ReorgOp,r',572,False,null,UNKNOWN_HOP_TYPE,"[(hopID:657,name:parsertemp400,ftype:null)]",1000,4,False,"[{'hop_id': 657, 'name': 'parsertemp400', 'ftype': 'null'}]",4000,False,True,1,NULL
2025-06-10 05:29:30.849,658,aggr_P,ReorgOp,r',572,False,null,DISALLOWED_OP,"[(hopID:657,name:parsertemp400,ftype:null)]",1000,4,False,"[{'hop_id': 657, 'name': 'parsertemp400', 'ftype': 'null'}]",4000,False,True,1,NULL
2025-06-10 05:29:30.849,660,parsertemp402,BinaryOp,==,573,False,null,DISALLOWED_OP,"[(hopID:658,name:aggr_P,ftype:null), (hopID:576,name:0,ftype:null)]",1000,4,False,"[{'hop_id': 658, 'name': 'aggr_P', 'ftype': 'null'}, {'hop_id': 576, 'name': '0', 'ftype': 'null'}]",4000,False,True,2,NULL
2025-06-10 05:29:30.849,661,parsertemp403,AggUnaryOp,+,574,False,null,UNKNOWN_HOP_TYPE,"[(hopID:660,name:parsertemp402,ftype:null)]",1000,1,False,"[{'hop_id': 660, 'name': 'parsertemp402', 'ftype': 'null'}]",1000,True,True,1,NULL
2025-06-10 05:29:30.849,661,parsertemp403,AggUnaryOp,+,574,False,null,DISALLOWED_OP,"[(hopID:660,name:parsertemp402,ftype:null)]",1000,1,False,"[{'hop_id': 660, 'name': 'parsertemp402', 'ftype': 'null'}]",1000,True,True,1,NULL
2025-06-10 05:29:30.849,663,Y,BinaryOp,+,575,False,null,DISALLOWED_OP,"[(hopID:661,name:parsertemp403,ftype:null), (hopID:578,name:1,ftype:null)]",1000,1,False,"[{'hop_id': 661, 'name': 'parsertemp403', 'ftype': 'null'}, {'hop_id': 578, 'name': '1', 'ftype': 'null'}]",1000,True,True,2,NULL
2025-06-10 05:29:30.849,664,Y,DataOp,TWrite,575,True,null,PROPAGATE_FROM_INPUT,"[(hopID:663,name:Y,ftype:null)]",1000,1,False,"[{'hop_id': 663, 'name': 'Y', 'ftype': 'null'}]",1000,True,True,1,NULL
2025-06-10 05:29:30.849,688,parsertemp468,UnaryOp,print,579,False,null,UNARY_DISALLOWED_OP,"[(hopID:687,name:K-means: No output is produced. Try increasing the number of iterations and/or lower eps.,ftype:null)]",-1,-1,False,[],1,False,False,0,NULL
2025-06-10 05:29:30.850,688,parsertemp468,UnaryOp,print,579,False,null,DISALLOWED_OP,"[(hopID:687,name:K-means: No output is produced. Try increasing the number of iterations and/or lower eps.,ftype:null)]",-1,-1,False,[],1,False,False,0,NULL
2025-06-10 05:29:30.850,689,1.0,LiteralOp,UNKNOWN,583,False,null,UNKNOWN_HOP_TYPE,[],0,0,False,[],0,False,False,0,NULL
2025-06-10 05:29:30.850,689,1.0,LiteralOp,UNKNOWN,583,False,null,DISALLOWED_OP,[],0,0,False,[],0,False,False,0,NULL
2025-06-10 05:29:30.850,690,0,LiteralOp,UNKNOWN,585,False,null,UNKNOWN_HOP_TYPE,[],0,0,False,[],0,False,False,0,NULL
2025-06-10 05:29:30.850,690,0,LiteralOp,UNKNOWN,585,False,null,DISALLOWED_OP,[],0,0,False,[],0,False,False,0,NULL
2025-06-10 05:29:30.850,691,uniform,LiteralOp,UNKNOWN,587,False,null,UNKNOWN_HOP_TYPE,[],0,0,False,[],0,False,False,0,NULL
2025-06-10 05:29:30.850,691,uniform,LiteralOp,UNKNOWN,587,False,null,DISALLOWED_OP,[],0,0,False,[],0,False,False,0,NULL
2025-06-10 05:29:30.850,692,-1,LiteralOp,UNKNOWN,589,False,null,UNKNOWN_HOP_TYPE,[],0,0,False,[],0,False,False,0,NULL
2025-06-10 05:29:30.850,692,-1,LiteralOp,UNKNOWN,589,False,null,DISALLOWED_OP,[],0,0,False,[],0,False,False,0,NULL
2025-06-10 05:29:30.850,695,C,DataGenOp,RAND,594,False,null,UNKNOWN_HOP_TYPE,"[(hopID:689,name:1.0,ftype:null), (hopID:690,name:0,ftype:null), (hopID:691,name:uniform,ftype:null), (hopID:692,name:-1,ftype:null), (hopID:690,name:0,ftype:null), (hopID:689,name:1.0,ftype:null), (hopID:816,name:4,ftype:null), (hopID:817,name:1000,ftype:null)]",4,1000,False,"[{'hop_id': 689, 'name': '1.0', 'ftype': 'null'}, {'hop_id': 690, 'name': '0', 'ftype': 'null'}, {'hop_id': 691, 'name': 'uniform', 'ftype': 'null'}, {'hop_id': 692, 'name': '-1', 'ftype': 'null'}, {'hop_id': 690, 'name': '0', 'ftype': 'null'}, {'hop_id': 689, 'name': '1.0', 'ftype': 'null'}, {'hop_id': 816, 'name': '4', 'ftype': 'null'}, {'hop_id': 817, 'name': '1000', 'ftype': 'null'}]",4000,False,True,8,NULL
2025-06-10 05:29:30.850,695,C,DataGenOp,RAND,594,False,null,DISALLOWED_OP,"[(hopID:689,name:1.0,ftype:null), (hopID:690,name:0,ftype:null), (hopID:691,name:uniform,ftype:null), (hopID:692,name:-1,ftype:null), (hopID:690,name:0,ftype:null), (hopID:689,name:1.0,ftype:null), (hopID:816,name:4,ftype:null), (hopID:817,name:1000,ftype:null)]",4,1000,False,"[{'hop_id': 689, 'name': '1.0', 'ftype': 'null'}, {'hop_id': 690, 'name': '0', 'ftype': 'null'}, {'hop_id': 691, 'name': 'uniform', 'ftype': 'null'}, {'hop_id': 692, 'name': '-1', 'ftype': 'null'}, {'hop_id': 690, 'name': '0', 'ftype': 'null'}, {'hop_id': 689, 'name': '1.0', 'ftype': 'null'}, {'hop_id': 816, 'name': '4', 'ftype': 'null'}, {'hop_id': 817, 'name': '1000', 'ftype': 'null'}]",4000,False,True,8,NULL
2025-06-10 05:29:30.850,696,C,DataOp,TWrite,594,True,null,PROPAGATE_FROM_INPUT,"[(hopID:695,name:C,ftype:null)]",4,1000,False,"[{'hop_id': 695, 'name': 'C', 'ftype': 'null'}]",4000,False,True,1,NULL
2025-06-10 05:29:30.851,703,1,LiteralOp,UNKNOWN,598,False,null,UNKNOWN_HOP_TYPE,[],0,0,False,[],0,False,False,0,NULL
2025-06-10 05:29:30.851,703,1,LiteralOp,UNKNOWN,598,False,null,DISALLOWED_OP,[],0,0,False,[],0,False,False,0,NULL
2025-06-10 05:29:30.851,704,Y,DataGenOp,RAND,599,False,null,UNKNOWN_HOP_TYPE,"[(hopID:689,name:1.0,ftype:null), (hopID:692,name:-1,ftype:null), (hopID:691,name:uniform,ftype:null), (hopID:692,name:-1,ftype:null), (hopID:692,name:-1,ftype:null), (hopID:689,name:1.0,ftype:null), (hopID:703,name:1,ftype:null), (hopID:817,name:1000,ftype:null)]",1,1000,False,"[{'hop_id': 689, 'name': '1.0', 'ftype': 'null'}, {'hop_id': 692, 'name': '-1', 'ftype': 'null'}, {'hop_id': 691, 'name': 'uniform', 'ftype': 'null'}, {'hop_id': 692, 'name': '-1', 'ftype': 'null'}, {'hop_id': 692, 'name': '-1', 'ftype': 'null'}, {'hop_id': 689, 'name': '1.0', 'ftype': 'null'}, {'hop_id': 703, 'name': '1', 'ftype': 'null'}, {'hop_id': 817, 'name': '1000', 'ftype': 'null'}]",1000,True,True,8,NULL
2025-06-10 05:29:30.851,704,Y,DataGenOp,RAND,599,False,null,DISALLOWED_OP,"[(hopID:689,name:1.0,ftype:null), (hopID:692,name:-1,ftype:null), (hopID:691,name:uniform,ftype:null), (hopID:692,name:-1,ftype:null), (hopID:692,name:-1,ftype:null), (hopID:689,name:1.0,ftype:null), (hopID:703,name:1,ftype:null), (hopID:817,name:1000,ftype:null)]",1,1000,False,"[{'hop_id': 689, 'name': '1.0', 'ftype': 'null'}, {'hop_id': 692, 'name': '-1', 'ftype': 'null'}, {'hop_id': 691, 'name': 'uniform', 'ftype': 'null'}, {'hop_id': 692, 'name': '-1', 'ftype': 'null'}, {'hop_id': 692, 'name': '-1', 'ftype': 'null'}, {'hop_id': 689, 'name': '1.0', 'ftype': 'null'}, {'hop_id': 703, 'name': '1', 'ftype': 'null'}, {'hop_id': 817, 'name': '1000', 'ftype': 'null'}]",1000,True,True,8,NULL
2025-06-10 05:29:30.851,705,Y,DataOp,TWrite,599,True,null,PROPAGATE_FROM_INPUT,"[(hopID:704,name:Y,ftype:null)]",1,1000,False,"[{'hop_id': 704, 'name': 'Y', 'ftype': 'null'}]",1000,True,True,1,NULL
2025-06-10 05:29:30.694,708,localhost:39841/target/testTemp/functions/privacy/fedplanning/FederatedKMeansPlanningTest/in/X1,LiteralOp,UNKNOWN,5,False,null,UNKNOWN_HOP_TYPE,[],0,0,False,[],0,False,False,0,NULL
2025-06-10 05:29:30.694,708,localhost:39841/target/testTemp/functions/privacy/fedplanning/FederatedKMeansPlanningTest/in/X1,LiteralOp,UNKNOWN,5,False,null,DISALLOWED_OP,[],0,0,False,[],0,False,False,0,NULL
2025-06-10 05:29:30.695,709,localhost:33003/target/testTemp/functions/privacy/fedplanning/FederatedKMeansPlanningTest/in/X2,LiteralOp,UNKNOWN,7,False,null,UNKNOWN_HOP_TYPE,[],0,0,False,[],0,False,False,0,NULL
2025-06-10 05:29:30.695,709,localhost:33003/target/testTemp/functions/privacy/fedplanning/FederatedKMeansPlanningTest/in/X2,LiteralOp,UNKNOWN,7,False,null,DISALLOWED_OP,[],0,0,False,[],0,False,False,0,NULL
2025-06-10 05:29:30.696,710,parsertemp424,NaryOp,LIST,8,False,null,UNKNOWN_HOP_TYPE,"[(hopID:708,name:localhost:39841/target/testTemp/functions/privacy/fedplanning/FederatedKMeansPlanningTest/in/X1,ftype:null), (hopID:709,name:localhost:33003/target/testTemp/functions/privacy/fedplanning/FederatedKMeansPlanningTest/in/X2,ftype:null)]",2,1,False,"[{'hop_id': 708, 'name': 'localhost:39841/target/testTemp/functions/privacy/fedplanning/FederatedKMeansPlanningTest/in/X1', 'ftype': 'null'}, {'hop_id': 709, 'name': 'localhost:33003/target/testTemp/functions/privacy/fedplanning/FederatedKMeansPlanningTest/in/X2', 'ftype': 'null'}]",2,True,True,2,NULL
2025-06-10 05:29:30.696,710,parsertemp424,NaryOp,LIST,8,False,null,DISALLOWED_OP,"[(hopID:708,name:localhost:39841/target/testTemp/functions/privacy/fedplanning/FederatedKMeansPlanningTest/in/X1,ftype:null), (hopID:709,name:localhost:33003/target/testTemp/functions/privacy/fedplanning/FederatedKMeansPlanningTest/in/X2,ftype:null)]",2,1,False,"[{'hop_id': 708, 'name': 'localhost:39841/target/testTemp/functions/privacy/fedplanning/FederatedKMeansPlanningTest/in/X1', 'ftype': 'null'}, {'hop_id': 709, 'name': 'localhost:33003/target/testTemp/functions/privacy/fedplanning/FederatedKMeansPlanningTest/in/X2', 'ftype': 'null'}]",2,True,True,2,NULL
2025-06-10 05:29:30.698,736,0,LiteralOp,UNKNOWN,12,False,null,UNKNOWN_HOP_TYPE,[],0,0,False,[],0,False,False,0,NULL
2025-06-10 05:29:30.698,736,0,LiteralOp,UNKNOWN,12,False,null,DISALLOWED_OP,[],0,0,False,[],0,False,False,0,NULL
2025-06-10 05:29:30.699,738,parsertemp425,NaryOp,LIST,13,False,null,UNKNOWN_HOP_TYPE,"[(hopID:736,name:0,ftype:null), (hopID:736,name:0,ftype:null)]",2,1,False,"[{'hop_id': 736, 'name': '0', 'ftype': 'null'}, {'hop_id': 736, 'name': '0', 'ftype': 'null'}]",2,True,True,2,NULL
2025-06-10 05:29:30.699,738,parsertemp425,NaryOp,LIST,13,False,null,DISALLOWED_OP,"[(hopID:736,name:0,ftype:null), (hopID:736,name:0,ftype:null)]",2,1,False,"[{'hop_id': 736, 'name': '0', 'ftype': 'null'}, {'hop_id': 736, 'name': '0', 'ftype': 'null'}]",2,True,True,2,NULL
2025-06-10 05:29:30.703,743,1000,LiteralOp,UNKNOWN,24,False,null,UNKNOWN_HOP_TYPE,[],0,0,False,[],0,False,False,0,NULL
2025-06-10 05:29:30.703,743,1000,LiteralOp,UNKNOWN,24,False,null,DISALLOWED_OP,[],0,0,False,[],0,False,False,0,NULL
2025-06-10 05:29:30.701,746,100,LiteralOp,UNKNOWN,18,False,null,UNKNOWN_HOP_TYPE,[],0,0,False,[],0,False,False,0,NULL
2025-06-10 05:29:30.701,746,100,LiteralOp,UNKNOWN,18,False,null,DISALLOWED_OP,[],0,0,False,[],0,False,False,0,NULL
2025-06-10 05:29:30.701,747,parsertemp427,NaryOp,LIST,19,False,null,UNKNOWN_HOP_TYPE,"[(hopID:787,name:500.0,ftype:null), (hopID:746,name:100,ftype:null)]",2,1,False,"[{'hop_id': 787, 'name': '500.0', 'ftype': 'null'}, {'hop_id': 746, 'name': '100', 'ftype': 'null'}]",2,True,True,2,NULL
2025-06-10 05:29:30.702,747,parsertemp427,NaryOp,LIST,19,False,null,DISALLOWED_OP,"[(hopID:787,name:500.0,ftype:null), (hopID:746,name:100,ftype:null)]",2,1,False,"[{'hop_id': 787, 'name': '500.0', 'ftype': 'null'}, {'hop_id': 746, 'name': '100', 'ftype': 'null'}]",2,True,True,2,NULL
2025-06-10 05:29:30.702,756,parsertemp429,NaryOp,LIST,21,False,null,UNKNOWN_HOP_TYPE,"[(hopID:787,name:500.0,ftype:null), (hopID:736,name:0,ftype:null)]",2,1,False,"[{'hop_id': 787, 'name': '500.0', 'ftype': 'null'}, {'hop_id': 736, 'name': '0', 'ftype': 'null'}]",2,True,True,2,NULL
2025-06-10 05:29:30.702,756,parsertemp429,NaryOp,LIST,21,False,null,DISALLOWED_OP,"[(hopID:787,name:500.0,ftype:null), (hopID:736,name:0,ftype:null)]",2,1,False,"[{'hop_id': 787, 'name': '500.0', 'ftype': 'null'}, {'hop_id': 736, 'name': '0', 'ftype': 'null'}]",2,True,True,2,NULL
2025-06-10 05:29:30.704,761,parsertemp430,NaryOp,LIST,25,False,null,UNKNOWN_HOP_TYPE,"[(hopID:743,name:1000,ftype:null), (hopID:746,name:100,ftype:null)]",2,1,False,"[{'hop_id': 743, 'name': '1000', 'ftype': 'null'}, {'hop_id': 746, 'name': '100', 'ftype': 'null'}]",2,True,True,2,NULL
2025-06-10 05:29:30.704,761,parsertemp430,NaryOp,LIST,25,False,null,DISALLOWED_OP,"[(hopID:743,name:1000,ftype:null), (hopID:746,name:100,ftype:null)]",2,1,False,"[{'hop_id': 743, 'name': '1000', 'ftype': 'null'}, {'hop_id': 746, 'name': '100', 'ftype': 'null'}]",2,True,True,2,NULL
2025-06-10 05:29:30.704,762,parsertemp431,NaryOp,LIST,26,False,null,UNKNOWN_HOP_TYPE,"[(hopID:738,name:parsertemp425,ftype:null), (hopID:747,name:parsertemp427,ftype:null), (hopID:756,name:parsertemp429,ftype:null), (hopID:761,name:parsertemp430,ftype:null)]",4,1,False,"[{'hop_id': 738, 'name': 'parsertemp425', 'ftype': 'null'}, {'hop_id': 747, 'name': 'parsertemp427', 'ftype': 'null'}, {'hop_id': 756, 'name': 'parsertemp429', 'ftype': 'null'}, {'hop_id': 761, 'name': 'parsertemp430', 'ftype': 'null'}]",4,True,True,4,NULL
2025-06-10 05:29:30.704,762,parsertemp431,NaryOp,LIST,26,False,null,DISALLOWED_OP,"[(hopID:738,name:parsertemp425,ftype:null), (hopID:747,name:parsertemp427,ftype:null), (hopID:756,name:parsertemp429,ftype:null), (hopID:761,name:parsertemp430,ftype:null)]",4,1,False,"[{'hop_id': 738, 'name': 'parsertemp425', 'ftype': 'null'}, {'hop_id': 747, 'name': 'parsertemp427', 'ftype': 'null'}, {'hop_id': 756, 'name': 'parsertemp429', 'ftype': 'null'}, {'hop_id': 761, 'name': 'parsertemp430', 'ftype': 'null'}]",4,True,True,4,NULL
2025-06-10 05:29:30.705,763,matrix,LiteralOp,UNKNOWN,28,False,null,UNKNOWN_HOP_TYPE,[],0,0,False,[],0,False,False,0,NULL
2025-06-10 05:29:30.705,763,matrix,LiteralOp,UNKNOWN,28,False,null,DISALLOWED_OP,[],0,0,False,[],0,False,False,0,NULL
2025-06-10 05:29:30.784,764,X,DataOp,Fed,28,True,ROW,DERIVED_FROM_FED_RANGES,"[(hopID:710,name:parsertemp424,ftype:null), (hopID:762,name:parsertemp431,ftype:null), (hopID:763,name:matrix,ftype:null)]",1000,100,False,"[{'hop_id': 710, 'name': 'parsertemp424', 'ftype': 'null'}, {'hop_id': 762, 'name': 'parsertemp431', 'ftype': 'null'}, {'hop_id': 763, 'name': 'matrix', 'ftype': 'null'}]",100000,False,True,3,ROW
2025-06-10 05:29:30.784,767,4,LiteralOp,UNKNOWN,30,False,null,UNKNOWN_HOP_TYPE,[],0,0,False,[],0,False,False,0,NULL
2025-06-10 05:29:30.784,767,4,LiteralOp,UNKNOWN,30,False,null,DISALLOWED_OP,[],0,0,False,[],0,False,False,0,NULL
2025-06-10 05:29:30.785,768,1,LiteralOp,UNKNOWN,32,False,null,UNKNOWN_HOP_TYPE,[],0,0,False,[],0,False,False,0,NULL
2025-06-10 05:29:30.785,768,1,LiteralOp,UNKNOWN,32,False,null,DISALLOWED_OP,[],0,0,False,[],0,False,False,0,NULL
2025-06-10 05:29:30.785,769,120,LiteralOp,UNKNOWN,34,False,null,UNKNOWN_HOP_TYPE,[],0,0,False,[],0,False,False,0,NULL
2025-06-10 05:29:30.785,769,120,LiteralOp,UNKNOWN,34,False,null,DISALLOWED_OP,[],0,0,False,[],0,False,False,0,NULL
2025-06-10 05:29:30.786,770,93,LiteralOp,UNKNOWN,36,False,null,UNKNOWN_HOP_TYPE,[],0,0,False,[],0,False,False,0,NULL
2025-06-10 05:29:30.786,770,93,LiteralOp,UNKNOWN,36,False,null,DISALLOWED_OP,[],0,0,False,[],0,False,False,0,NULL
2025-06-10 05:29:30.786,771,1.0E-6,LiteralOp,UNKNOWN,38,False,null,UNKNOWN_HOP_TYPE,[],0,0,False,[],0,False,False,0,NULL
2025-06-10 05:29:30.786,771,1.0E-6,LiteralOp,UNKNOWN,38,False,null,DISALLOWED_OP,[],0,0,False,[],0,False,False,0,NULL
2025-06-10 05:29:30.787,772,false,LiteralOp,UNKNOWN,40,False,null,UNKNOWN_HOP_TYPE,[],0,0,False,[],0,False,False,0,NULL
2025-06-10 05:29:30.787,772,false,LiteralOp,UNKNOWN,40,False,null,DISALLOWED_OP,[],0,0,False,[],0,False,False,0,NULL
2025-06-10 05:29:30.787,773,50,LiteralOp,UNKNOWN,42,False,null,UNKNOWN_HOP_TYPE,[],0,0,False,[],0,False,False,0,NULL
2025-06-10 05:29:30.787,773,50,LiteralOp,UNKNOWN,42,False,null,DISALLOWED_OP,[],0,0,False,[],0,False,False,0,NULL
2025-06-10 05:29:30.851,774,.builtinNS::m_kmeans,FunctionOp,m_kmeans,600,True,null,UNKNOWN_HOP_TYPE,"[(hopID:764,name:X,ftype:ROW), (hopID:767,name:4,ftype:null), (hopID:768,name:1,ftype:null), (hopID:769,name:120,ftype:null), (hopID:770,name:93,ftype:null), (hopID:771,name:1.0E-6,ftype:null), (hopID:772,name:false,ftype:null), (hopID:773,name:50,ftype:null)]",-1,-1,False,"[{'hop_id': 764, 'name': 'X', 'ftype': 'ROW'}, {'hop_id': 767, 'name': '4', 'ftype': 'null'}, {'hop_id': 768, 'name': '1', 'ftype': 'null'}, {'hop_id': 769, 'name': '120', 'ftype': 'null'}, {'hop_id': 770, 'name': '93', 'ftype': 'null'}, {'hop_id': 771, 'name': '1.0E-6', 'ftype': 'null'}, {'hop_id': 772, 'name': 'false', 'ftype': 'null'}, {'hop_id': 773, 'name': '50', 'ftype': 'null'}]",1,False,True,8,NULL
2025-06-10 05:29:30.851,774,.builtinNS::m_kmeans,FunctionOp,m_kmeans,601,True,null,PROPAGATE_FROM_INPUT,"[(hopID:764,name:X,ftype:ROW), (hopID:767,name:4,ftype:null), (hopID:768,name:1,ftype:null), (hopID:769,name:120,ftype:null), (hopID:770,name:93,ftype:null), (hopID:771,name:1.0E-6,ftype:null), (hopID:772,name:false,ftype:null), (hopID:773,name:50,ftype:null)]",-1,-1,False,"[{'hop_id': 764, 'name': 'X', 'ftype': 'ROW'}, {'hop_id': 767, 'name': '4', 'ftype': 'null'}, {'hop_id': 768, 'name': '1', 'ftype': 'null'}, {'hop_id': 769, 'name': '120', 'ftype': 'null'}, {'hop_id': 770, 'name': '93', 'ftype': 'null'}, {'hop_id': 771, 'name': '1.0E-6', 'ftype': 'null'}, {'hop_id': 772, 'name': 'false', 'ftype': 'null'}, {'hop_id': 773, 'name': '50', 'ftype': 'null'}]",1,False,True,8,NULL
2025-06-10 05:29:30.851,775,C,DataOp,TRead,603,True,null,PROPAGATE_FROM_INPUT,[],4,-1,False,[],-4,False,False,0,NULL
2025-06-10 05:29:30.851,776,target/testTemp/functions/privacy/fedplanning/FederatedKMeansPlanningTest/out/Z,LiteralOp,UNKNOWN,605,False,null,UNKNOWN_HOP_TYPE,[],0,0,False,[],0,False,False,0,NULL
2025-06-10 05:29:30.851,776,target/testTemp/functions/privacy/fedplanning/FederatedKMeansPlanningTest/out/Z,LiteralOp,UNKNOWN,605,False,null,DISALLOWED_OP,[],0,0,False,[],0,False,False,0,NULL
2025-06-10 05:29:30.852,777,false,LiteralOp,UNKNOWN,607,False,null,UNKNOWN_HOP_TYPE,[],0,0,False,[],0,False,False,0,NULL
2025-06-10 05:29:30.852,777,false,LiteralOp,UNKNOWN,607,False,null,DISALLOWED_OP,[],0,0,False,[],0,False,False,0,NULL
2025-06-10 05:29:30.852,778,:,LiteralOp,UNKNOWN,609,False,null,UNKNOWN_HOP_TYPE,[],0,0,False,[],0,False,False,0,NULL
2025-06-10 05:29:30.852,778,:,LiteralOp,UNKNOWN,609,False,null,DISALLOWED_OP,[],0,0,False,[],0,False,False,0,NULL
2025-06-10 05:29:30.852,779,text,LiteralOp,UNKNOWN,611,False,null,UNKNOWN_HOP_TYPE,[],0,0,False,[],0,False,False,0,NULL
2025-06-10 05:29:30.852,779,text,LiteralOp,UNKNOWN,611,False,null,DISALLOWED_OP,[],0,0,False,[],0,False,False,0,NULL
2025-06-10 05:29:30.852,781,",",LiteralOp,UNKNOWN,613,False,null,UNKNOWN_HOP_TYPE,[],0,0,False,[],0,False,False,0,NULL
2025-06-10 05:29:30.852,781,",",LiteralOp,UNKNOWN,613,False,null,DISALLOWED_OP,[],0,0,False,[],0,False,False,0,NULL
2025-06-10 05:29:30.852,782,C,DataOp,PWrite,614,False,null,UNKNOWN_HOP_TYPE,"[(hopID:775,name:C,ftype:null), (hopID:776,name:target/testTemp/functions/privacy/fedplanning/FederatedKMeansPlanningTest/out/Z,ftype:null), (hopID:777,name:false,ftype:null), (hopID:778,name::,ftype:null), (hopID:779,name:text,ftype:null), (hopID:777,name:false,ftype:null), (hopID:781,name:,,ftype:null)]",4,-1,False,"[{'hop_id': 775, 'name': 'C', 'ftype': 'null'}, {'hop_id': 776, 'name': 'target/testTemp/functions/privacy/fedplanning/FederatedKMeansPlanningTest/out/Z', 'ftype': 'null'}, {'hop_id': 777, 'name': 'false', 'ftype': 'null'}, {'hop_id': 778, 'name': ':', 'ftype': 'null'}, {'hop_id': 779, 'name': 'text', 'ftype': 'null'}, {'hop_id': 777, 'name': 'false', 'ftype': 'null'}, {'hop_id': 781, 'name': ',', 'ftype': 'null'}]",-4,False,True,7,NULL
2025-06-10 05:29:30.852,782,C,DataOp,PWrite,614,False,null,DISALLOWED_OP,"[(hopID:775,name:C,ftype:null), (hopID:776,name:target/testTemp/functions/privacy/fedplanning/FederatedKMeansPlanningTest/out/Z,ftype:null), (hopID:777,name:false,ftype:null), (hopID:778,name::,ftype:null), (hopID:779,name:text,ftype:null), (hopID:777,name:false,ftype:null), (hopID:781,name:,,ftype:null)]",4,-1,False,"[{'hop_id': 775, 'name': 'C', 'ftype': 'null'}, {'hop_id': 776, 'name': 'target/testTemp/functions/privacy/fedplanning/FederatedKMeansPlanningTest/out/Z', 'ftype': 'null'}, {'hop_id': 777, 'name': 'false', 'ftype': 'null'}, {'hop_id': 778, 'name': ':', 'ftype': 'null'}, {'hop_id': 779, 'name': 'text', 'ftype': 'null'}, {'hop_id': 777, 'name': 'false', 'ftype': 'null'}, {'hop_id': 781, 'name': ',', 'ftype': 'null'}]",-4,False,True,7,NULL
2025-06-10 05:29:30.700,787,500.0,LiteralOp,UNKNOWN,16,False,null,UNKNOWN_HOP_TYPE,[],0,0,False,[],0,False,False,0,NULL
2025-06-10 05:29:30.700,787,500.0,LiteralOp,UNKNOWN,16,False,null,DISALLOWED_OP,[],0,0,False,[],0,False,False,0,NULL
2025-06-10 05:29:30.804,806,100,LiteralOp,UNKNOWN,140,False,null,UNKNOWN_HOP_TYPE,[],-1,-1,False,[],1,False,False,0,NULL
2025-06-10 05:29:30.804,806,100,LiteralOp,UNKNOWN,140,False,null,DISALLOWED_OP,[],-1,-1,False,[],1,False,False,0,NULL
2025-06-10 05:29:30.806,807,4,LiteralOp,UNKNOWN,160,False,null,UNKNOWN_HOP_TYPE,[],-1,-1,False,[],1,False,False,0,NULL
2025-06-10 05:29:30.806,807,4,LiteralOp,UNKNOWN,160,False,null,DISALLOWED_OP,[],-1,-1,False,[],1,False,False,0,NULL
2025-06-10 05:29:30.809,808,1,LiteralOp,UNKNOWN,169,False,null,UNKNOWN_HOP_TYPE,[],-1,-1,False,[],1,False,False,0,NULL
2025-06-10 05:29:30.809,808,1,LiteralOp,UNKNOWN,169,False,null,DISALLOWED_OP,[],-1,-1,False,[],1,False,False,0,NULL
2025-06-10 05:29:30.811,809,93,LiteralOp,UNKNOWN,196,False,null,UNKNOWN_HOP_TYPE,[],-1,-1,False,[],1,False,False,0,NULL
2025-06-10 05:29:30.812,809,93,LiteralOp,UNKNOWN,196,False,null,DISALLOWED_OP,[],-1,-1,False,[],1,False,False,0,NULL
2025-06-10 05:29:30.822,810,1,LiteralOp,UNKNOWN,265,False,null,UNKNOWN_HOP_TYPE,[],-1,-1,False,[],1,False,False,0,NULL
2025-06-10 05:29:30.822,810,1,LiteralOp,UNKNOWN,265,False,null,DISALLOWED_OP,[],-1,-1,False,[],1,False,False,0,NULL
2025-06-10 05:29:30.824,811,4,LiteralOp,UNKNOWN,285,False,null,UNKNOWN_HOP_TYPE,[],-1,-1,False,[],1,False,False,0,NULL
2025-06-10 05:29:30.824,811,4,LiteralOp,UNKNOWN,285,False,null,DISALLOWED_OP,[],-1,-1,False,[],1,False,False,0,NULL
2025-06-10 05:29:30.838,814,1,LiteralOp,UNKNOWN,453,False,null,UNKNOWN_HOP_TYPE,[],-1,-1,False,[],1,False,False,0,NULL
2025-06-10 05:29:30.838,814,1,LiteralOp,UNKNOWN,453,False,null,DISALLOWED_OP,[],-1,-1,False,[],1,False,False,0,NULL
2025-06-10 05:29:30.842,815,4,LiteralOp,UNKNOWN,485,False,null,UNKNOWN_HOP_TYPE,[],-1,-1,False,[],1,False,False,0,NULL
2025-06-10 05:29:30.842,815,4,LiteralOp,UNKNOWN,485,False,null,DISALLOWED_OP,[],-1,-1,False,[],1,False,False,0,NULL
2025-06-10 05:29:30.850,816,4,LiteralOp,UNKNOWN,591,False,null,UNKNOWN_HOP_TYPE,[],-1,-1,False,[],1,False,False,0,NULL
2025-06-10 05:29:30.850,816,4,LiteralOp,UNKNOWN,591,False,null,DISALLOWED_OP,[],-1,-1,False,[],1,False,False,0,NULL
2025-06-10 05:29:30.850,817,1000,LiteralOp,UNKNOWN,593,False,null,UNKNOWN_HOP_TYPE,[],-1,-1,False,[],1,False,False,0,NULL
2025-06-10 05:29:30.850,817,1000,LiteralOp,UNKNOWN,593,False,null,DISALLOWED_OP,[],-1,-1,False,[],1,False,False,0,NULL
2025-06-10 05:29:30.832,824,1.0E-6,LiteralOp,UNKNOWN,383,False,null,UNKNOWN_HOP_TYPE,[],-1,-1,False,[],1,False,False,0,NULL
2025-06-10 05:29:30.833,824,1.0E-6,LiteralOp,UNKNOWN,383,False,null,DISALLOWED_OP,[],-1,-1,False,[],1,False,False,0,NULL
2025-06-10 05:29:30.834,825,120,LiteralOp,UNKNOWN,395,False,null,UNKNOWN_HOP_TYPE,[],-1,-1,False,[],1,False,False,0,NULL
2025-06-10 05:29:30.834,825,120,LiteralOp,UNKNOWN,395,False,null,DISALLOWED_OP,[],-1,-1,False,[],1,False,False,0,NULL
2025-06-10 05:29:30.805,830,4,LiteralOp,UNKNOWN,150,False,null,UNKNOWN_HOP_TYPE,[],-1,-1,False,[],1,False,False,0,NULL
2025-06-10 05:29:30.805,830,4,LiteralOp,UNKNOWN,150,False,null,DISALLOWED_OP,[],-1,-1,False,[],1,False,False,0,NULL
2025-06-10 05:29:30.823,831,1,LiteralOp,UNKNOWN,276,False,null,UNKNOWN_HOP_TYPE,[],-1,-1,False,[],1,False,False,0,NULL
2025-06-10 05:29:30.823,831,1,LiteralOp,UNKNOWN,276,False,null,DISALLOWED_OP,[],-1,-1,False,[],1,False,False,0,NULL
2025-06-10 05:29:30.789,845,X,AggUnaryOp,sq+,46,False,null,AGGR_UNARY_DISALLOWED,"[(hopID:160,name:X,ftype:ROW)]",-1,-1,False,"[{'hop_id': 160, 'name': 'X', 'ftype': 'ROW'}]",1,False,True,1,NULL
2025-06-10 05:29:30.789,845,X,AggUnaryOp,sq+,46,False,null,DISALLOWED_OP,"[(hopID:160,name:X,ftype:ROW)]",-1,-1,False,"[{'hop_id': 160, 'name': 'X', 'ftype': 'ROW'}]",1,False,True,1,NULL
2025-06-10 05:29:30.803,848,X_samples,AggUnaryOp,sq+,134,False,null,UNKNOWN_HOP_TYPE,"[(hopID:180,name:X_samples,ftype:null)]",341,1,False,"[{'hop_id': 180, 'name': 'X_samples', 'ftype': 'null'}]",341,True,True,1,NULL
2025-06-10 05:29:30.803,848,X_samples,AggUnaryOp,sq+,134,False,null,DISALLOWED_OP,"[(hopID:180,name:X_samples,ftype:null)]",341,1,False,"[{'hop_id': 180, 'name': 'X_samples', 'ftype': 'null'}]",341,True,True,1,NULL
2025-06-10 05:29:30.804,850,4,LiteralOp,UNKNOWN,138,False,null,UNKNOWN_HOP_TYPE,[],0,0,False,[],0,False,False,0,NULL
2025-06-10 05:29:30.804,850,4,LiteralOp,UNKNOWN,138,False,null,DISALLOWED_OP,[],0,0,False,[],0,False,False,0,NULL
2025-06-10 05:29:30.808,854,0,LiteralOp,UNKNOWN,164,False,null,UNKNOWN_HOP_TYPE,[],0,0,False,[],0,False,False,0,NULL
2025-06-10 05:29:30.808,854,0,LiteralOp,UNKNOWN,164,False,null,DISALLOWED_OP,[],0,0,False,[],0,False,False,0,NULL
2025-06-10 05:29:30.816,858,cols,LiteralOp,UNKNOWN,218,False,null,UNKNOWN_HOP_TYPE,[],-1,-1,False,[],1,False,False,0,NULL
2025-06-10 05:29:30.816,858,cols,LiteralOp,UNKNOWN,218,False,null,DISALLOWED_OP,[],-1,-1,False,[],1,False,False,0,NULL
2025-06-10 05:29:30.816,861,tmp,ParameterizedBuiltinOp,REXPAND,221,False,null,UNKNOWN_HOP_TYPE,"[(hopID:862,name:tmp,ftype:null), (hopID:1005,name:341,ftype:null), (hopID:858,name:cols,ftype:null), (hopID:219,name:false,ftype:null), (hopID:270,name:true,ftype:null)]",1,341,False,"[{'hop_id': 862, 'name': 'tmp', 'ftype': 'null'}, {'hop_id': 1005, 'name': '341', 'ftype': 'null'}, {'hop_id': 858, 'name': 'cols', 'ftype': 'null'}, {'hop_id': 219, 'name': 'false', 'ftype': 'null'}, {'hop_id': 270, 'name': 'true', 'ftype': 'null'}]",341,True,True,5,NULL
2025-06-10 05:29:30.816,861,tmp,ParameterizedBuiltinOp,REXPAND,221,False,null,DISALLOWED_OP,"[(hopID:862,name:tmp,ftype:null), (hopID:1005,name:341,ftype:null), (hopID:858,name:cols,ftype:null), (hopID:219,name:false,ftype:null), (hopID:270,name:true,ftype:null)]",1,341,False,"[{'hop_id': 862, 'name': 'tmp', 'ftype': 'null'}, {'hop_id': 1005, 'name': '341', 'ftype': 'null'}, {'hop_id': 858, 'name': 'cols', 'ftype': 'null'}, {'hop_id': 219, 'name': 'false', 'ftype': 'null'}, {'hop_id': 270, 'name': 'true', 'ftype': 'null'}]",341,True,True,5,NULL
2025-06-10 05:29:30.815,862,tmp,TernaryOp,+*,216,False,null,UNKNOWN_HOP_TYPE,"[(hopID:243,name:centroid_ids,ftype:null), (hopID:1005,name:341,ftype:null), (hopID:251,name:parsertemp121,ftype:null)]",1,1,False,"[{'hop_id': 243, 'name': 'centroid_ids', 'ftype': 'null'}, {'hop_id': 1005, 'name': '341', 'ftype': 'null'}, {'hop_id': 251, 'name': 'parsertemp121', 'ftype': 'null'}]",1,True,True,3,NULL
2025-06-10 05:29:30.815,862,tmp,TernaryOp,+*,216,False,null,DISALLOWED_OP,"[(hopID:243,name:centroid_ids,ftype:null), (hopID:1005,name:341,ftype:null), (hopID:251,name:parsertemp121,ftype:null)]",1,1,False,"[{'hop_id': 243, 'name': 'centroid_ids', 'ftype': 'null'}, {'hop_id': 1005, 'name': '341', 'ftype': 'null'}, {'hop_id': 251, 'name': 'parsertemp121', 'ftype': 'null'}]",1,True,True,3,NULL
2025-06-10 05:29:30.815,863,parsertemp116,UnaryOp,castdtm,211,True,null,UNARY_ALLOWED,"[(hopID:240,name:parsertemp116,ftype:null)]",1,1,False,"[{'hop_id': 240, 'name': 'parsertemp116', 'ftype': 'null'}]",1,True,True,1,NULL
2025-06-10 05:29:30.815,863,parsertemp116,UnaryOp,castdtm,212,True,null,UNKNOWN_HOP_TYPE,"[(hopID:240,name:parsertemp116,ftype:null)]",1,1,False,"[{'hop_id': 240, 'name': 'parsertemp116', 'ftype': 'null'}]",1,True,True,1,NULL
2025-06-10 05:29:30.815,863,parsertemp116,UnaryOp,castdtm,212,True,null,PROPAGATE_FROM_INPUT,"[(hopID:240,name:parsertemp116,ftype:null)]",1,1,False,"[{'hop_id': 240, 'name': 'parsertemp116', 'ftype': 'null'}]",1,True,True,1,NULL
2025-06-10 05:29:30.813,865,cdf_min_distances,UnaryOp,castdts,206,True,null,UNARY_ALLOWED,"[(hopID:237,name:cdf_min_distances,ftype:null)]",0,0,False,"[{'hop_id': 237, 'name': 'cdf_min_distances', 'ftype': 'null'}]",0,False,True,1,NULL
2025-06-10 05:29:30.814,865,cdf_min_distances,UnaryOp,castdts,207,True,null,SCALAR_HOP,"[(hopID:237,name:cdf_min_distances,ftype:null)]",0,0,False,"[{'hop_id': 237, 'name': 'cdf_min_distances', 'ftype': 'null'}]",0,False,True,1,NULL
2025-06-10 05:29:30.814,865,cdf_min_distances,UnaryOp,castdts,207,True,null,PROPAGATE_FROM_INPUT,"[(hopID:237,name:cdf_min_distances,ftype:null)]",0,0,False,"[{'hop_id': 237, 'name': 'cdf_min_distances', 'ftype': 'null'}]",0,False,True,1,NULL
2025-06-10 05:29:30.818,868,samples_vs_runs_map,BinaryOp,*,239,False,null,DISALLOWED_OP,"[(hopID:870,name:centroids,ftype:null), (hopID:208,name:samples_vs_runs_map,ftype:null)]",341,-1,False,"[{'hop_id': 870, 'name': 'centroids', 'ftype': 'null'}, {'hop_id': 208, 'name': 'samples_vs_runs_map', 'ftype': 'null'}]",-341,False,True,2,NULL
2025-06-10 05:29:30.818,870,centroids,AggUnaryOp,sq+,237,False,null,UNKNOWN_HOP_TYPE,"[(hopID:258,name:centroids,ftype:null)]",-1,-1,False,"[{'hop_id': 258, 'name': 'centroids', 'ftype': 'null'}]",1,False,True,1,NULL
2025-06-10 05:29:30.818,870,centroids,AggUnaryOp,sq+,237,False,null,DISALLOWED_OP,"[(hopID:258,name:centroids,ftype:null)]",-1,-1,False,"[{'hop_id': 258, 'name': 'centroids', 'ftype': 'null'}]",1,False,True,1,NULL
2025-06-10 05:29:30.812,871,random_row,UnaryOp,castdts,199,True,null,UNARY_ALLOWED,"[(hopID:234,name:random_row,ftype:null)]",0,0,False,"[{'hop_id': 234, 'name': 'random_row', 'ftype': 'null'}]",0,False,True,1,NULL
2025-06-10 05:29:30.813,871,random_row,UnaryOp,castdts,200,True,null,SCALAR_HOP,"[(hopID:234,name:random_row,ftype:null)]",0,0,False,"[{'hop_id': 234, 'name': 'random_row', 'ftype': 'null'}]",0,False,True,1,NULL
2025-06-10 05:29:30.813,871,random_row,UnaryOp,castdts,200,True,null,PROPAGATE_FROM_INPUT,"[(hopID:234,name:random_row,ftype:null)]",0,0,False,"[{'hop_id': 234, 'name': 'random_row', 'ftype': 'null'}]",0,False,True,1,NULL
2025-06-10 05:29:30.814,872,random_row,BinaryOp,*,208,False,null,UNKNOWN_HOP_TYPE,"[(hopID:871,name:random_row,ftype:null), (hopID:865,name:cdf_min_distances,ftype:null)]",0,0,False,"[{'hop_id': 871, 'name': 'random_row', 'ftype': 'null'}, {'hop_id': 865, 'name': 'cdf_min_distances', 'ftype': 'null'}]",0,False,True,2,NULL
2025-06-10 05:29:30.814,872,random_row,BinaryOp,*,208,False,null,DISALLOWED_OP,"[(hopID:871,name:random_row,ftype:null), (hopID:865,name:cdf_min_distances,ftype:null)]",0,0,False,"[{'hop_id': 871, 'name': 'random_row', 'ftype': 'null'}, {'hop_id': 865, 'name': 'cdf_min_distances', 'ftype': 'null'}]",0,False,True,2,NULL
2025-06-10 05:29:30.825,873,100,LiteralOp,UNKNOWN,296,False,null,UNKNOWN_HOP_TYPE,[],-1,-1,False,[],1,False,False,0,NULL
2025-06-10 05:29:30.825,873,100,LiteralOp,UNKNOWN,296,False,null,DISALLOWED_OP,[],-1,-1,False,[],1,False,False,0,NULL
2025-06-10 05:29:30.828,874,C,AggUnaryOp,sq+,336,False,null,UNKNOWN_HOP_TYPE,"[(hopID:352,name:C,ftype:null)]",4,1,False,"[{'hop_id': 352, 'name': 'C', 'ftype': 'null'}]",4,True,True,1,NULL
2025-06-10 05:29:30.828,874,C,AggUnaryOp,sq+,336,False,null,DISALLOWED_OP,"[(hopID:352,name:C,ftype:null)]",4,1,False,"[{'hop_id': 352, 'name': 'C', 'ftype': 'null'}]",4,True,True,1,NULL
2025-06-10 05:29:30.843,879,termination_bitmap,UnaryOp,castdts,507,True,null,UNARY_ALLOWED,"[(hopID:582,name:termination_bitmap,ftype:null)]",0,0,False,"[{'hop_id': 582, 'name': 'termination_bitmap', 'ftype': 'null'}]",0,False,True,1,NULL
2025-06-10 05:29:30.843,879,termination_bitmap,UnaryOp,castdts,508,True,null,SCALAR_HOP,"[(hopID:582,name:termination_bitmap,ftype:null)]",0,0,False,"[{'hop_id': 582, 'name': 'termination_bitmap', 'ftype': 'null'}]",0,False,True,1,NULL
2025-06-10 05:29:30.843,879,termination_bitmap,UnaryOp,castdts,508,True,null,PROPAGATE_FROM_INPUT,"[(hopID:582,name:termination_bitmap,ftype:null)]",0,0,False,"[{'hop_id': 582, 'name': 'termination_bitmap', 'ftype': 'null'}]",0,False,True,1,NULL
2025-06-10 05:29:30.844,881,parsertemp369,UnaryOp,castdts,523,True,null,UNARY_ALLOWED,"[(hopID:882,name:tmp,ftype:null)]",0,0,False,"[{'hop_id': 882, 'name': 'tmp', 'ftype': 'null'}]",0,False,True,1,NULL
2025-06-10 05:29:30.844,881,parsertemp369,UnaryOp,castdts,524,True,null,SCALAR_HOP,"[(hopID:882,name:tmp,ftype:null)]",0,0,False,"[{'hop_id': 882, 'name': 'tmp', 'ftype': 'null'}]",0,False,True,1,NULL
2025-06-10 05:29:30.844,881,parsertemp369,UnaryOp,castdts,524,True,null,PROPAGATE_FROM_INPUT,"[(hopID:882,name:tmp,ftype:null)]",0,0,False,"[{'hop_id': 882, 'name': 'tmp', 'ftype': 'null'}]",0,False,True,1,NULL
2025-06-10 05:29:30.844,882,tmp,TernaryOp,+*,522,False,null,UNKNOWN_HOP_TYPE,"[(hopID:583,name:final_wcss_successful,ftype:null), (hopID:589,name:parsertemp366,ftype:null), (hopID:596,name:parsertemp367,ftype:null)]",1,1,False,"[{'hop_id': 583, 'name': 'final_wcss_successful', 'ftype': 'null'}, {'hop_id': 589, 'name': 'parsertemp366', 'ftype': 'null'}, {'hop_id': 596, 'name': 'parsertemp367', 'ftype': 'null'}]",1,True,True,3,NULL
2025-06-10 05:29:30.844,882,tmp,TernaryOp,+*,522,False,null,DISALLOWED_OP,"[(hopID:583,name:final_wcss_successful,ftype:null), (hopID:589,name:parsertemp366,ftype:null), (hopID:596,name:parsertemp367,ftype:null)]",1,1,False,"[{'hop_id': 583, 'name': 'final_wcss_successful', 'ftype': 'null'}, {'hop_id': 589, 'name': 'parsertemp366', 'ftype': 'null'}, {'hop_id': 596, 'name': 'parsertemp367', 'ftype': 'null'}]",1,True,True,3,NULL
2025-06-10 05:29:30.842,888,parsertemp362,UnaryOp,castdts,499,True,null,UNARY_ALLOWED,"[(hopID:577,name:parsertemp362,ftype:null)]",0,0,False,"[{'hop_id': 577, 'name': 'parsertemp362', 'ftype': 'null'}]",0,False,True,1,NULL
2025-06-10 05:29:30.842,888,parsertemp362,UnaryOp,castdts,500,True,null,SCALAR_HOP,"[(hopID:577,name:parsertemp362,ftype:null)]",0,0,False,"[{'hop_id': 577, 'name': 'parsertemp362', 'ftype': 'null'}]",0,False,True,1,NULL
2025-06-10 05:29:30.842,888,parsertemp362,UnaryOp,castdts,500,True,null,PROPAGATE_FROM_INPUT,"[(hopID:577,name:parsertemp362,ftype:null)]",0,0,False,"[{'hop_id': 577, 'name': 'parsertemp362', 'ftype': 'null'}]",0,False,True,1,NULL
2025-06-10 05:29:30.843,889,parsertemp362,BinaryOp,*,509,False,null,UNKNOWN_HOP_TYPE,"[(hopID:888,name:parsertemp362,ftype:null), (hopID:879,name:termination_bitmap,ftype:null)]",0,0,False,"[{'hop_id': 888, 'name': 'parsertemp362', 'ftype': 'null'}, {'hop_id': 879, 'name': 'termination_bitmap', 'ftype': 'null'}]",0,False,True,2,NULL
2025-06-10 05:29:30.843,889,parsertemp362,BinaryOp,*,509,False,null,DISALLOWED_OP,"[(hopID:888,name:parsertemp362,ftype:null), (hopID:879,name:termination_bitmap,ftype:null)]",0,0,False,"[{'hop_id': 888, 'name': 'parsertemp362', 'ftype': 'null'}, {'hop_id': 879, 'name': 'termination_bitmap', 'ftype': 'null'}]",0,False,True,2,NULL
2025-06-10 05:29:30.844,899,final_wcss_successful,BinaryOp,!=,525,False,null,UNKNOWN_HOP_TYPE,"[(hopID:889,name:parsertemp362,ftype:null), (hopID:881,name:parsertemp369,ftype:null)]",0,0,False,"[{'hop_id': 889, 'name': 'parsertemp362', 'ftype': 'null'}, {'hop_id': 881, 'name': 'parsertemp369', 'ftype': 'null'}]",0,False,True,2,NULL
2025-06-10 05:29:30.844,899,final_wcss_successful,BinaryOp,!=,525,False,null,DISALLOWED_OP,"[(hopID:889,name:parsertemp362,ftype:null), (hopID:881,name:parsertemp369,ftype:null)]",0,0,False,"[{'hop_id': 889, 'name': 'parsertemp362', 'ftype': 'null'}, {'hop_id': 881, 'name': 'parsertemp369', 'ftype': 'null'}]",0,False,True,2,NULL
2025-06-10 05:29:30.845,900,100,LiteralOp,UNKNOWN,535,False,null,UNKNOWN_HOP_TYPE,[],-1,-1,False,[],1,False,False,0,NULL
2025-06-10 05:29:30.845,900,100,LiteralOp,UNKNOWN,535,False,null,DISALLOWED_OP,[],-1,-1,False,[],1,False,False,0,NULL
2025-06-10 05:29:30.847,901,C,AggUnaryOp,sq+,559,False,null,UNKNOWN_HOP_TYPE,"[(hopID:643,name:C,ftype:null)]",4,1,False,"[{'hop_id': 643, 'name': 'C', 'ftype': 'null'}]",4,True,True,1,NULL
2025-06-10 05:29:30.847,901,C,AggUnaryOp,sq+,559,False,null,DISALLOWED_OP,"[(hopID:643,name:C,ftype:null)]",4,1,False,"[{'hop_id': 643, 'name': 'C', 'ftype': 'null'}]",4,True,True,1,NULL
2025-06-10 05:29:30.802,921,is_row_in_samples,DataOp,TWrite,127,True,null,PROPAGATE_FROM_INPUT,"[(hopID:178,name:is_row_in_samples,ftype:null)]",341,1,False,"[{'hop_id': 178, 'name': 'is_row_in_samples', 'ftype': 'null'}]",341,True,True,1,NULL
2025-06-10 05:29:30.792,961,341,LiteralOp,UNKNOWN,70,False,null,UNKNOWN_HOP_TYPE,[],0,0,False,[],0,False,False,0,NULL
2025-06-10 05:29:30.792,961,341,LiteralOp,UNKNOWN,70,False,null,DISALLOWED_OP,[],0,0,False,[],0,False,False,0,NULL
2025-06-10 05:29:30.802,963,tmp,ParameterizedBuiltinOp,REXPAND,126,False,null,UNKNOWN_HOP_TYPE,"[(hopID:964,name:tmp,ftype:null), (hopID:980,name:1000,ftype:null), (hopID:983,name:cols,ftype:null), (hopID:984,name:false,ftype:null), (hopID:985,name:true,ftype:null)]",341,1000,False,"[{'hop_id': 964, 'name': 'tmp', 'ftype': 'null'}, {'hop_id': 980, 'name': '1000', 'ftype': 'null'}, {'hop_id': 983, 'name': 'cols', 'ftype': 'null'}, {'hop_id': 984, 'name': 'false', 'ftype': 'null'}, {'hop_id': 985, 'name': 'true', 'ftype': 'null'}]",341000,False,True,5,NULL
2025-06-10 05:29:30.802,963,tmp,ParameterizedBuiltinOp,REXPAND,126,False,null,DISALLOWED_OP,"[(hopID:964,name:tmp,ftype:null), (hopID:980,name:1000,ftype:null), (hopID:983,name:cols,ftype:null), (hopID:984,name:false,ftype:null), (hopID:985,name:true,ftype:null)]",341,1000,False,"[{'hop_id': 964, 'name': 'tmp', 'ftype': 'null'}, {'hop_id': 980, 'name': '1000', 'ftype': 'null'}, {'hop_id': 983, 'name': 'cols', 'ftype': 'null'}, {'hop_id': 984, 'name': 'false', 'ftype': 'null'}, {'hop_id': 985, 'name': 'true', 'ftype': 'null'}]",341000,False,True,5,NULL
2025-06-10 05:29:30.801,964,tmp,TernaryOp,+*,119,False,null,UNKNOWN_HOP_TYPE,"[(hopID:965,name:parsertemp16,ftype:null), (hopID:981,name:1001,ftype:null), (hopID:982,name:parsertemp18,ftype:null)]",341,1,False,"[{'hop_id': 965, 'name': 'parsertemp16', 'ftype': 'null'}, {'hop_id': 981, 'name': '1001', 'ftype': 'null'}, {'hop_id': 982, 'name': 'parsertemp18', 'ftype': 'null'}]",341,True,True,3,NULL
2025-06-10 05:29:30.801,964,tmp,TernaryOp,+*,119,False,null,DISALLOWED_OP,"[(hopID:965,name:parsertemp16,ftype:null), (hopID:981,name:1001,ftype:null), (hopID:982,name:parsertemp18,ftype:null)]",341,1,False,"[{'hop_id': 965, 'name': 'parsertemp16', 'ftype': 'null'}, {'hop_id': 981, 'name': '1001', 'ftype': 'null'}, {'hop_id': 982, 'name': 'parsertemp18', 'ftype': 'null'}]",341,True,True,3,NULL
2025-06-10 05:29:30.800,965,parsertemp16,BinaryOp,*,114,False,null,DISALLOWED_OP,"[(hopID:966,name:sample_rec_ids,ftype:null), (hopID:979,name:is_sample_rec_id_within_range,ftype:null)]",341,1,False,"[{'hop_id': 966, 'name': 'sample_rec_ids', 'ftype': 'null'}, {'hop_id': 979, 'name': 'is_sample_rec_id_within_range', 'ftype': 'null'}]",341,True,True,2,NULL
2025-06-10 05:29:30.795,966,sample_rec_ids,UnaryOp,ucumk+,82,True,null,UNARY_ALLOWED,"[(hopID:967,name:sample_rec_ids,ftype:null)]",341,1,False,"[{'hop_id': 967, 'name': 'sample_rec_ids', 'ftype': 'null'}]",341,True,True,1,NULL
2025-06-10 05:29:30.795,966,sample_rec_ids,UnaryOp,ucumk+,83,True,null,UNKNOWN_HOP_TYPE,"[(hopID:967,name:sample_rec_ids,ftype:null)]",341,1,False,"[{'hop_id': 967, 'name': 'sample_rec_ids', 'ftype': 'null'}]",341,True,True,1,NULL
2025-06-10 05:29:30.795,966,sample_rec_ids,UnaryOp,ucumk+,83,True,null,PROPAGATE_FROM_INPUT,"[(hopID:967,name:sample_rec_ids,ftype:null)]",341,1,False,"[{'hop_id': 967, 'name': 'sample_rec_ids', 'ftype': 'null'}]",341,True,True,1,NULL
2025-06-10 05:29:30.795,967,sample_rec_ids,UnaryOp,round,81,False,null,UNARY_DISALLOWED_OP,"[(hopID:968,name:parsertemp12,ftype:null)]",341,1,False,"[{'hop_id': 968, 'name': 'parsertemp12', 'ftype': 'null'}]",341,True,True,1,NULL
2025-06-10 05:29:30.795,967,sample_rec_ids,UnaryOp,round,81,False,null,DISALLOWED_OP,"[(hopID:968,name:parsertemp12,ftype:null)]",341,1,False,"[{'hop_id': 968, 'name': 'parsertemp12', 'ftype': 'null'}]",341,True,True,1,NULL
2025-06-10 05:29:30.794,968,parsertemp12,BinaryOp,+,80,False,null,DISALLOWED_OP,"[(hopID:969,name:parsertemp11,ftype:null), (hopID:978,name:0.5,ftype:null)]",341,1,False,"[{'hop_id': 969, 'name': 'parsertemp11', 'ftype': 'null'}, {'hop_id': 978, 'name': '0.5', 'ftype': 'null'}]",341,True,True,2,NULL
2025-06-10 05:29:30.794,969,parsertemp11,BinaryOp,/,77,False,null,DISALLOWED_OP,"[(hopID:970,name:parsertemp7,ftype:null), (hopID:977,name:-0.2231435513142097,ftype:null)]",341,1,False,"[{'hop_id': 970, 'name': 'parsertemp7', 'ftype': 'null'}, {'hop_id': 977, 'name': '-0.2231435513142097', 'ftype': 'null'}]",341,True,True,2,NULL
2025-06-10 05:29:30.793,970,parsertemp7,UnaryOp,log,74,False,null,UNARY_DISALLOWED_OP,"[(hopID:971,name:sample_rec_ids,ftype:null)]",341,1,False,"[{'hop_id': 971, 'name': 'sample_rec_ids', 'ftype': 'null'}]",341,True,True,1,NULL
2025-06-10 05:29:30.793,970,parsertemp7,UnaryOp,log,74,False,null,DISALLOWED_OP,"[(hopID:971,name:sample_rec_ids,ftype:null)]",341,1,False,"[{'hop_id': 971, 'name': 'sample_rec_ids', 'ftype': 'null'}]",341,True,True,1,NULL
2025-06-10 05:29:30.792,971,sample_rec_ids,DataGenOp,RAND,73,False,null,UNKNOWN_HOP_TYPE,"[(hopID:972,name:1.0,ftype:null), (hopID:973,name:0.0,ftype:null), (hopID:974,name:uniform,ftype:null), (hopID:975,name:93,ftype:null), (hopID:972,name:1.0,ftype:null), (hopID:972,name:1.0,ftype:null), (hopID:961,name:341,ftype:null), (hopID:976,name:1,ftype:null)]",341,1,False,"[{'hop_id': 972, 'name': '1.0', 'ftype': 'null'}, {'hop_id': 973, 'name': '0.0', 'ftype': 'null'}, {'hop_id': 974, 'name': 'uniform', 'ftype': 'null'}, {'hop_id': 975, 'name': '93', 'ftype': 'null'}, {'hop_id': 972, 'name': '1.0', 'ftype': 'null'}, {'hop_id': 972, 'name': '1.0', 'ftype': 'null'}, {'hop_id': 961, 'name': '341', 'ftype': 'null'}, {'hop_id': 976, 'name': '1', 'ftype': 'null'}]",341,True,True,8,NULL
2025-06-10 05:29:30.792,971,sample_rec_ids,DataGenOp,RAND,73,False,null,DISALLOWED_OP,"[(hopID:972,name:1.0,ftype:null), (hopID:973,name:0.0,ftype:null), (hopID:974,name:uniform,ftype:null), (hopID:975,name:93,ftype:null), (hopID:972,name:1.0,ftype:null), (hopID:972,name:1.0,ftype:null), (hopID:961,name:341,ftype:null), (hopID:976,name:1,ftype:null)]",341,1,False,"[{'hop_id': 972, 'name': '1.0', 'ftype': 'null'}, {'hop_id': 973, 'name': '0.0', 'ftype': 'null'}, {'hop_id': 974, 'name': 'uniform', 'ftype': 'null'}, {'hop_id': 975, 'name': '93', 'ftype': 'null'}, {'hop_id': 972, 'name': '1.0', 'ftype': 'null'}, {'hop_id': 972, 'name': '1.0', 'ftype': 'null'}, {'hop_id': 961, 'name': '341', 'ftype': 'null'}, {'hop_id': 976, 'name': '1', 'ftype': 'null'}]",341,True,True,8,NULL
2025-06-10 05:29:30.790,972,1.0,LiteralOp,UNKNOWN,62,False,null,UNKNOWN_HOP_TYPE,[],0,0,False,[],0,False,False,0,NULL
2025-06-10 05:29:30.790,972,1.0,LiteralOp,UNKNOWN,62,False,null,DISALLOWED_OP,[],0,0,False,[],0,False,False,0,NULL
2025-06-10 05:29:30.790,973,0.0,LiteralOp,UNKNOWN,64,False,null,UNKNOWN_HOP_TYPE,[],0,0,False,[],0,False,False,0,NULL
2025-06-10 05:29:30.790,973,0.0,LiteralOp,UNKNOWN,64,False,null,DISALLOWED_OP,[],0,0,False,[],0,False,False,0,NULL
2025-06-10 05:29:30.791,974,uniform,LiteralOp,UNKNOWN,66,False,null,UNKNOWN_HOP_TYPE,[],0,0,False,[],0,False,False,0,NULL
2025-06-10 05:29:30.791,974,uniform,LiteralOp,UNKNOWN,66,False,null,DISALLOWED_OP,[],0,0,False,[],0,False,False,0,NULL
2025-06-10 05:29:30.791,975,93,LiteralOp,UNKNOWN,68,False,null,UNKNOWN_HOP_TYPE,[],-1,-1,False,[],1,False,False,0,NULL
2025-06-10 05:29:30.791,975,93,LiteralOp,UNKNOWN,68,False,null,DISALLOWED_OP,[],-1,-1,False,[],1,False,False,0,NULL
2025-06-10 05:29:30.792,976,1,LiteralOp,UNKNOWN,72,False,null,UNKNOWN_HOP_TYPE,[],-1,-1,False,[],1,False,False,0,NULL
2025-06-10 05:29:30.792,976,1,LiteralOp,UNKNOWN,72,False,null,DISALLOWED_OP,[],-1,-1,False,[],1,False,False,0,NULL
2025-06-10 05:29:30.793,977,-0.2231435513142097,LiteralOp,UNKNOWN,76,False,null,UNKNOWN_HOP_TYPE,[],0,0,False,[],0,False,False,0,NULL
2025-06-10 05:29:30.793,977,-0.2231435513142097,LiteralOp,UNKNOWN,76,False,null,DISALLOWED_OP,[],0,0,False,[],0,False,False,0,NULL
2025-06-10 05:29:30.794,978,0.5,LiteralOp,UNKNOWN,79,False,null,UNKNOWN_HOP_TYPE,[],0,0,False,[],0,False,False,0,NULL
2025-06-10 05:29:30.794,978,0.5,LiteralOp,UNKNOWN,79,False,null,DISALLOWED_OP,[],0,0,False,[],0,False,False,0,NULL
2025-06-10 05:29:30.796,979,is_sample_rec_id_within_range,BinaryOp,<=,86,False,null,DISALLOWED_OP,"[(hopID:966,name:sample_rec_ids,ftype:null), (hopID:980,name:1000,ftype:null)]",341,1,False,"[{'hop_id': 966, 'name': 'sample_rec_ids', 'ftype': 'null'}, {'hop_id': 980, 'name': '1000', 'ftype': 'null'}]",341,True,True,2,NULL
2025-06-10 05:29:30.795,980,1000,LiteralOp,UNKNOWN,85,False,null,UNKNOWN_HOP_TYPE,[],-1,-1,False,[],1,False,False,0,NULL
2025-06-10 05:29:30.796,980,1000,LiteralOp,UNKNOWN,85,False,null,DISALLOWED_OP,[],-1,-1,False,[],1,False,False,0,NULL
2025-06-10 05:29:30.800,981,1001,LiteralOp,UNKNOWN,116,False,null,UNKNOWN_HOP_TYPE,[],0,0,False,[],0,False,False,0,NULL
2025-06-10 05:29:30.800,981,1001,LiteralOp,UNKNOWN,116,False,null,DISALLOWED_OP,[],0,0,False,[],0,False,False,0,NULL
2025-06-10 05:29:30.801,982,parsertemp18,BinaryOp,-,118,False,null,DISALLOWED_OP,"[(hopID:976,name:1,ftype:null), (hopID:979,name:is_sample_rec_id_within_range,ftype:null)]",341,1,False,"[{'hop_id': 976, 'name': '1', 'ftype': 'null'}, {'hop_id': 979, 'name': 'is_sample_rec_id_within_range', 'ftype': 'null'}]",341,True,True,2,NULL
2025-06-10 05:29:30.801,983,cols,LiteralOp,UNKNOWN,121,False,null,UNKNOWN_HOP_TYPE,[],-1,-1,False,[],1,False,False,0,NULL
2025-06-10 05:29:30.801,983,cols,LiteralOp,UNKNOWN,121,False,null,DISALLOWED_OP,[],-1,-1,False,[],1,False,False,0,NULL
2025-06-10 05:29:30.801,984,false,LiteralOp,UNKNOWN,123,False,null,UNKNOWN_HOP_TYPE,[],-1,-1,False,[],1,False,False,0,NULL
2025-06-10 05:29:30.801,984,false,LiteralOp,UNKNOWN,123,False,null,DISALLOWED_OP,[],-1,-1,False,[],1,False,False,0,NULL
2025-06-10 05:29:30.802,985,true,LiteralOp,UNKNOWN,125,False,null,UNKNOWN_HOP_TYPE,[],-1,-1,False,[],1,False,False,0,NULL
2025-06-10 05:29:30.802,985,true,LiteralOp,UNKNOWN,125,False,null,DISALLOWED_OP,[],-1,-1,False,[],1,False,False,0,NULL
2025-06-10 05:29:30.800,986,samples_vs_runs_map,DataOp,TWrite,108,True,null,PROPAGATE_FROM_INPUT,"[(hopID:987,name:sample_col_map,ftype:null)]",341,-1,False,"[{'hop_id': 987, 'name': 'sample_col_map', 'ftype': 'null'}]",-341,False,True,1,NULL
2025-06-10 05:29:30.800,987,sample_col_map,IndexingOp,UNKNOWN,108,False,null,UNKNOWN_HOP_TYPE,"[(hopID:988,name:sample_col_map,ftype:null), (hopID:976,name:1,ftype:null), (hopID:961,name:341,ftype:null), (hopID:976,name:1,ftype:null), (hopID:1000,name:sample_col_map,ftype:null)]",341,-1,False,"[{'hop_id': 988, 'name': 'sample_col_map', 'ftype': 'null'}, {'hop_id': 976, 'name': '1', 'ftype': 'null'}, {'hop_id': 961, 'name': '341', 'ftype': 'null'}, {'hop_id': 976, 'name': '1', 'ftype': 'null'}, {'hop_id': 1000, 'name': 'sample_col_map', 'ftype': 'null'}]",-341,False,True,5,NULL
2025-06-10 05:29:30.800,987,sample_col_map,IndexingOp,UNKNOWN,108,False,null,DISALLOWED_OP,"[(hopID:988,name:sample_col_map,ftype:null), (hopID:976,name:1,ftype:null), (hopID:961,name:341,ftype:null), (hopID:976,name:1,ftype:null), (hopID:1000,name:sample_col_map,ftype:null)]",341,-1,False,"[{'hop_id': 988, 'name': 'sample_col_map', 'ftype': 'null'}, {'hop_id': 976, 'name': '1', 'ftype': 'null'}, {'hop_id': 961, 'name': '341', 'ftype': 'null'}, {'hop_id': 976, 'name': '1', 'ftype': 'null'}, {'hop_id': 1000, 'name': 'sample_col_map', 'ftype': 'null'}]",-341,False,True,5,NULL
2025-06-10 05:29:30.799,988,sample_col_map,TernaryOp,ctable,105,False,null,UNKNOWN_HOP_TYPE,"[(hopID:989,name:sample_positions,ftype:null), (hopID:994,name:col_positions,ftype:null), (hopID:972,name:1.0,ftype:null)]",-1,-1,False,"[{'hop_id': 989, 'name': 'sample_positions', 'ftype': 'null'}, {'hop_id': 994, 'name': 'col_positions', 'ftype': 'null'}, {'hop_id': 972, 'name': '1.0', 'ftype': 'null'}]",1,False,True,3,NULL
2025-06-10 05:29:30.799,988,sample_col_map,TernaryOp,ctable,105,False,null,DISALLOWED_OP,"[(hopID:989,name:sample_positions,ftype:null), (hopID:994,name:col_positions,ftype:null), (hopID:972,name:1.0,ftype:null)]",-1,-1,False,"[{'hop_id': 989, 'name': 'sample_positions', 'ftype': 'null'}, {'hop_id': 994, 'name': 'col_positions', 'ftype': 'null'}, {'hop_id': 972, 'name': '1.0', 'ftype': 'null'}]",1,False,True,3,NULL
2025-06-10 05:29:30.797,989,sample_positions,BinaryOp,-,92,False,null,DISALLOWED_OP,"[(hopID:990,name:342,ftype:null), (hopID:991,name:parsertemp25,ftype:null)]",341,1,False,"[{'hop_id': 990, 'name': '342', 'ftype': 'null'}, {'hop_id': 991, 'name': 'parsertemp25', 'ftype': 'null'}]",341,True,True,2,NULL
2025-06-10 05:29:30.789,990,342,LiteralOp,UNKNOWN,52,False,null,UNKNOWN_HOP_TYPE,[],0,0,False,[],0,False,False,0,NULL
2025-06-10 05:29:30.789,990,342,LiteralOp,UNKNOWN,52,False,null,DISALLOWED_OP,[],0,0,False,[],0,False,False,0,NULL
2025-06-10 05:29:30.797,991,parsertemp25,BinaryOp,*,91,False,null,DISALLOWED_OP,"[(hopID:979,name:is_sample_rec_id_within_range,ftype:null), (hopID:992,name:parsertemp24,ftype:null)]",341,1,False,"[{'hop_id': 979, 'name': 'is_sample_rec_id_within_range', 'ftype': 'null'}, {'hop_id': 992, 'name': 'parsertemp24', 'ftype': 'null'}]",341,True,True,2,NULL
2025-06-10 05:29:30.796,992,parsertemp24,DataGenOp,SEQ,90,False,null,UNKNOWN_HOP_TYPE,"[(hopID:993,name:-1,ftype:null), (hopID:961,name:341,ftype:null), (hopID:976,name:1,ftype:null)]",341,1,False,"[{'hop_id': 993, 'name': '-1', 'ftype': 'null'}, {'hop_id': 961, 'name': '341', 'ftype': 'null'}, {'hop_id': 976, 'name': '1', 'ftype': 'null'}]",341,True,True,3,NULL
2025-06-10 05:29:30.796,992,parsertemp24,DataGenOp,SEQ,90,False,null,DISALLOWED_OP,"[(hopID:993,name:-1,ftype:null), (hopID:961,name:341,ftype:null), (hopID:976,name:1,ftype:null)]",341,1,False,"[{'hop_id': 993, 'name': '-1', 'ftype': 'null'}, {'hop_id': 961, 'name': '341', 'ftype': 'null'}, {'hop_id': 976, 'name': '1', 'ftype': 'null'}]",341,True,True,3,NULL
2025-06-10 05:29:30.796,993,-1,LiteralOp,UNKNOWN,89,False,null,UNKNOWN_HOP_TYPE,[],0,0,False,[],0,False,False,0,NULL
2025-06-10 05:29:30.796,993,-1,LiteralOp,UNKNOWN,89,False,null,DISALLOWED_OP,[],0,0,False,[],0,False,False,0,NULL
2025-06-10 05:29:30.799,994,col_positions,UnaryOp,round,104,False,null,UNARY_DISALLOWED_OP,"[(hopID:995,name:parsertemp30,ftype:null)]",341,1,False,"[{'hop_id': 995, 'name': 'parsertemp30', 'ftype': 'null'}]",341,True,True,1,NULL
2025-06-10 05:29:30.799,994,col_positions,UnaryOp,round,104,False,null,DISALLOWED_OP,"[(hopID:995,name:parsertemp30,ftype:null)]",341,1,False,"[{'hop_id': 995, 'name': 'parsertemp30', 'ftype': 'null'}]",341,True,True,1,NULL
2025-06-10 05:29:30.799,995,parsertemp30,BinaryOp,+,103,False,null,DISALLOWED_OP,"[(hopID:978,name:0.5,ftype:null), (hopID:996,name:parsertemp29,ftype:null)]",341,1,False,"[{'hop_id': 978, 'name': '0.5', 'ftype': 'null'}, {'hop_id': 996, 'name': 'parsertemp29', 'ftype': 'null'}]",341,True,True,2,NULL
2025-06-10 05:29:30.798,996,parsertemp29,BinaryOp,/,102,False,null,DISALLOWED_OP,"[(hopID:997,name:parsertemp28,ftype:null), (hopID:961,name:341,ftype:null)]",341,1,False,"[{'hop_id': 997, 'name': 'parsertemp28', 'ftype': 'null'}, {'hop_id': 961, 'name': '341', 'ftype': 'null'}]",341,True,True,2,NULL
2025-06-10 05:29:30.798,997,parsertemp28,DataGenOp,SEQ,101,False,null,UNKNOWN_HOP_TYPE,"[(hopID:976,name:1,ftype:null), (hopID:998,name:0,ftype:null), (hopID:999,name:340,ftype:null)]",341,1,False,"[{'hop_id': 976, 'name': '1', 'ftype': 'null'}, {'hop_id': 998, 'name': '0', 'ftype': 'null'}, {'hop_id': 999, 'name': '340', 'ftype': 'null'}]",341,True,True,3,NULL
2025-06-10 05:29:30.798,997,parsertemp28,DataGenOp,SEQ,101,False,null,DISALLOWED_OP,"[(hopID:976,name:1,ftype:null), (hopID:998,name:0,ftype:null), (hopID:999,name:340,ftype:null)]",341,1,False,"[{'hop_id': 976, 'name': '1', 'ftype': 'null'}, {'hop_id': 998, 'name': '0', 'ftype': 'null'}, {'hop_id': 999, 'name': '340', 'ftype': 'null'}]",341,True,True,3,NULL
2025-06-10 05:29:30.797,998,0,LiteralOp,UNKNOWN,98,False,null,UNKNOWN_HOP_TYPE,[],0,0,False,[],0,False,False,0,NULL
2025-06-10 05:29:30.797,998,0,LiteralOp,UNKNOWN,98,False,null,DISALLOWED_OP,[],0,0,False,[],0,False,False,0,NULL
2025-06-10 05:29:30.798,999,340,LiteralOp,UNKNOWN,100,False,null,UNKNOWN_HOP_TYPE,[],0,0,False,[],0,False,False,0,NULL
2025-06-10 05:29:30.798,999,340,LiteralOp,UNKNOWN,100,False,null,DISALLOWED_OP,[],0,0,False,[],0,False,False,0,NULL
2025-06-10 05:29:30.799,1000,sample_col_map,UnaryOp,ncol,107,False,null,UNARY_METADATA_OP,"[(hopID:988,name:sample_col_map,ftype:null)]",-1,-1,False,"[{'hop_id': 988, 'name': 'sample_col_map', 'ftype': 'null'}]",1,False,True,1,NULL
2025-06-10 05:29:30.799,1000,sample_col_map,UnaryOp,ncol,107,False,null,DISALLOWED_OP,"[(hopID:988,name:sample_col_map,ftype:null)]",-1,-1,False,"[{'hop_id': 988, 'name': 'sample_col_map', 'ftype': 'null'}]",1,False,True,1,NULL
2025-06-10 05:29:30.820,1001,tmp,TernaryOp,-*,249,False,null,UNKNOWN_HOP_TYPE,"[(hopID:279,name:parsertemp139,ftype:null), (hopID:275,name:2,ftype:null), (hopID:283,name:parsertemp142,ftype:null)]",341,1,False,"[{'hop_id': 279, 'name': 'parsertemp139', 'ftype': 'null'}, {'hop_id': 275, 'name': '2', 'ftype': 'null'}, {'hop_id': 283, 'name': 'parsertemp142', 'ftype': 'null'}]",341,True,True,3,NULL
2025-06-10 05:29:30.820,1001,tmp,TernaryOp,-*,249,False,null,DISALLOWED_OP,"[(hopID:279,name:parsertemp139,ftype:null), (hopID:275,name:2,ftype:null), (hopID:283,name:parsertemp142,ftype:null)]",341,1,False,"[{'hop_id': 279, 'name': 'parsertemp139', 'ftype': 'null'}, {'hop_id': 275, 'name': '2', 'ftype': 'null'}, {'hop_id': 283, 'name': 'parsertemp142', 'ftype': 'null'}]",341,True,True,3,NULL
2025-06-10 05:29:30.813,1005,341,LiteralOp,UNKNOWN,204,False,null,UNKNOWN_HOP_TYPE,[],-1,-1,False,[],1,False,False,0,NULL
2025-06-10 05:29:30.813,1005,341,LiteralOp,UNKNOWN,204,False,null,DISALLOWED_OP,[],-1,-1,False,[],1,False,False,0,NULL
