cell,workers,planner,workload,profile,execution_seconds,full_lifecycle_seconds,attempt,oracle_passed,fallback,response_sha256,source_kind,campaign_root,stage,systemds_commit,systemds_jar_sha256,response_path
workers=1|planner=DP|workload=kmeans|profile=lan,1,DP,kmeans,lan,92.40133557,113.026219989,1,True,False,97cb4c5d67c843e4d9cc7b87809687e91ac364974c282c319da776dd1500685e,historical_campaign,/home/mchoi/g007-all-planners-ternary-705b8db-d60da24-20260801-v3,/home/mchoi/g007-fedall-l2svm-ternary-stage-705b8db-20260801-v2/g007-stage-0597ebfb0ffa034b659dfa055b9dd64fd5b1c9f671b7d8c6414257bd81b8ba40,705b8dbb62f52bc98ceb4d0fd3a39405f8e581c0,19968f40e8b337eaedf6299c9485a8cce1bdd571620fa07bb6578449ae1353d8,/home/mchoi/g007-all-planners-ternary-705b8db-d60da24-20260801-v3/planners/DP/cells/001-0d7aac79d30b/response.json
workers=1|planner=DP|workload=kmeans|profile=wan_light,1,DP,kmeans,wan_light,104.096972133,125.717054824,1,True,False,84bda536278835cae20b856e1e007998e776f4c0b46e868422b942e70ab7ad8c,historical_campaign,/home/mchoi/g007-all-planners-ternary-705b8db-d60da24-20260801-v3,/home/mchoi/g007-fedall-l2svm-ternary-stage-705b8db-20260801-v2/g007-stage-0597ebfb0ffa034b659dfa055b9dd64fd5b1c9f671b7d8c6414257bd81b8ba40,705b8dbb62f52bc98ceb4d0fd3a39405f8e581c0,19968f40e8b337eaedf6299c9485a8cce1bdd571620fa07bb6578449ae1353d8,/home/mchoi/g007-all-planners-ternary-705b8db-d60da24-20260801-v3/planners/DP/cells/002-1d2a37e2ae1b/response.json
workers=1|planner=DP|workload=kmeans|profile=wan_mid,1,DP,kmeans,wan_mid,160.018606903,180.751918096,1,True,False,914d7629f9940632b5d1af25c29db431efffadb930b47044711979caaff39934,historical_campaign,/home/mchoi/g007-all-planners-ternary-705b8db-d60da24-20260801-v3,/home/mchoi/g007-fedall-l2svm-ternary-stage-705b8db-20260801-v2/g007-stage-0597ebfb0ffa034b659dfa055b9dd64fd5b1c9f671b7d8c6414257bd81b8ba40,705b8dbb62f52bc98ceb4d0fd3a39405f8e581c0,19968f40e8b337eaedf6299c9485a8cce1bdd571620fa07bb6578449ae1353d8,/home/mchoi/g007-all-planners-ternary-705b8db-d60da24-20260801-v3/planners/DP/cells/003-c4ee70ae8d8f/response.json
workers=1|planner=DP|workload=pca|profile=lan,1,DP,pca,lan,77.800639709,98.296026911,1,True,False,d8ecf099196f3e02bde617cb9d2276beec5b614bab45369b2c8b1ce2751701a8,historical_campaign,/home/mchoi/g007-all-planners-ternary-705b8db-d60da24-20260801-v3,/home/mchoi/g007-fedall-l2svm-ternary-stage-705b8db-20260801-v2/g007-stage-0597ebfb0ffa034b659dfa055b9dd64fd5b1c9f671b7d8c6414257bd81b8ba40,705b8dbb62f52bc98ceb4d0fd3a39405f8e581c0,19968f40e8b337eaedf6299c9485a8cce1bdd571620fa07bb6578449ae1353d8,/home/mchoi/g007-all-planners-ternary-705b8db-d60da24-20260801-v3/planners/DP/cells/004-d8336e743aba/response.json
workers=1|planner=DP|workload=pca|profile=wan_light,1,DP,pca,wan_light,77.393694059,97.924663771,1,True,False,0b64afb48b533eceb8bfff6e29fd7f4d0695e27cc5a2f71cbf3679f1aff947f8,historical_campaign,/home/mchoi/g007-all-planners-ternary-705b8db-d60da24-20260801-v3,/home/mchoi/g007-fedall-l2svm-ternary-stage-705b8db-20260801-v2/g007-stage-0597ebfb0ffa034b659dfa055b9dd64fd5b1c9f671b7d8c6414257bd81b8ba40,705b8dbb62f52bc98ceb4d0fd3a39405f8e581c0,19968f40e8b337eaedf6299c9485a8cce1bdd571620fa07bb6578449ae1353d8,/home/mchoi/g007-all-planners-ternary-705b8db-d60da24-20260801-v3/planners/DP/cells/005-9a9725a896f2/response.json
workers=1|planner=DP|workload=pca|profile=wan_mid,1,DP,pca,wan_mid,79.820040721,100.380555344,1,True,False,ec79f293385853fc49ae08c26ff1e52abc936efde21ddc4a798ccbed61156b23,historical_campaign,/home/mchoi/g007-all-planners-ternary-705b8db-d60da24-20260801-v3,/home/mchoi/g007-fedall-l2svm-ternary-stage-705b8db-20260801-v2/g007-stage-0597ebfb0ffa034b659dfa055b9dd64fd5b1c9f671b7d8c6414257bd81b8ba40,705b8dbb62f52bc98ceb4d0fd3a39405f8e581c0,19968f40e8b337eaedf6299c9485a8cce1bdd571620fa07bb6578449ae1353d8,/home/mchoi/g007-all-planners-ternary-705b8db-d60da24-20260801-v3/planners/DP/cells/006-b1eb688b77b8/response.json
workers=1|planner=DP|workload=lm|profile=lan,1,DP,lm,lan,78.977915627,99.604630937,1,True,False,763be3b2654b4216f09d86bb2d5c3df6f8d9ff3d2ed3a19c2f2da473037b386f,historical_campaign,/home/mchoi/g007-all-planners-ternary-705b8db-d60da24-20260801-v3,/home/mchoi/g007-fedall-l2svm-ternary-stage-705b8db-20260801-v2/g007-stage-0597ebfb0ffa034b659dfa055b9dd64fd5b1c9f671b7d8c6414257bd81b8ba40,705b8dbb62f52bc98ceb4d0fd3a39405f8e581c0,19968f40e8b337eaedf6299c9485a8cce1bdd571620fa07bb6578449ae1353d8,/home/mchoi/g007-all-planners-ternary-705b8db-d60da24-20260801-v3/planners/DP/cells/007-51b87040a431/response.json
workers=1|planner=DP|workload=lm|profile=wan_light,1,DP,lm,wan_light,79.637929286,100.285222779,1,True,False,80f985c4a4818ab80c5731b7bfb41fc8ad245fe0da6b1516214413f88cf4a2ae,historical_campaign,/home/mchoi/g007-all-planners-ternary-705b8db-d60da24-20260801-v3,/home/mchoi/g007-fedall-l2svm-ternary-stage-705b8db-20260801-v2/g007-stage-0597ebfb0ffa034b659dfa055b9dd64fd5b1c9f671b7d8c6414257bd81b8ba40,705b8dbb62f52bc98ceb4d0fd3a39405f8e581c0,19968f40e8b337eaedf6299c9485a8cce1bdd571620fa07bb6578449ae1353d8,/home/mchoi/g007-all-planners-ternary-705b8db-d60da24-20260801-v3/planners/DP/cells/008-1b4816f0a193/response.json
workers=1|planner=DP|workload=lm|profile=wan_mid,1,DP,lm,wan_mid,86.826548845,107.324743989,1,True,False,75423c6d4df29885bf100b0a48458cedd801a3bc4ab5d678df7543bed957ded2,historical_campaign,/home/mchoi/g007-all-planners-ternary-705b8db-d60da24-20260801-v3,/home/mchoi/g007-fedall-l2svm-ternary-stage-705b8db-20260801-v2/g007-stage-0597ebfb0ffa034b659dfa055b9dd64fd5b1c9f671b7d8c6414257bd81b8ba40,705b8dbb62f52bc98ceb4d0fd3a39405f8e581c0,19968f40e8b337eaedf6299c9485a8cce1bdd571620fa07bb6578449ae1353d8,/home/mchoi/g007-all-planners-ternary-705b8db-d60da24-20260801-v3/planners/DP/cells/009-f1b4921b2620/response.json
workers=1|planner=DP|workload=l2svm|profile=lan,1,DP,l2svm,lan,26.442171905,46.9812633,1,True,False,9f76b1ffe7e2df4e3bf34203f7180a0aee77b2564ac45843bce5c0f7034eb8e0,historical_campaign,/home/mchoi/g007-all-planners-ternary-705b8db-d60da24-20260801-v3,/home/mchoi/g007-fedall-l2svm-ternary-stage-705b8db-20260801-v2/g007-stage-0597ebfb0ffa034b659dfa055b9dd64fd5b1c9f671b7d8c6414257bd81b8ba40,705b8dbb62f52bc98ceb4d0fd3a39405f8e581c0,19968f40e8b337eaedf6299c9485a8cce1bdd571620fa07bb6578449ae1353d8,/home/mchoi/g007-all-planners-ternary-705b8db-d60da24-20260801-v3/planners/DP/cells/010-0bab3fee69c6/response.json
workers=1|planner=DP|workload=l2svm|profile=wan_light,1,DP,l2svm,wan_light,30.619605704,51.198618688,1,True,False,ac5174aec400102afa210223c6b2849c862da5714d528e6d752b3131103e9bd4,historical_campaign,/home/mchoi/g007-all-planners-ternary-705b8db-d60da24-20260801-v3,/home/mchoi/g007-fedall-l2svm-ternary-stage-705b8db-20260801-v2/g007-stage-0597ebfb0ffa034b659dfa055b9dd64fd5b1c9f671b7d8c6414257bd81b8ba40,705b8dbb62f52bc98ceb4d0fd3a39405f8e581c0,19968f40e8b337eaedf6299c9485a8cce1bdd571620fa07bb6578449ae1353d8,/home/mchoi/g007-all-planners-ternary-705b8db-d60da24-20260801-v3/planners/DP/cells/011-30c3b1c2d1ed/response.json
workers=1|planner=DP|workload=l2svm|profile=wan_mid,1,DP,l2svm,wan_mid,39.005853178,59.637075146,1,True,False,a5abdcfc73fc5cef980d75f93e4aa5a3c4d0f6388385ee0b147beb2b4689c8af,historical_campaign,/home/mchoi/g007-all-planners-ternary-705b8db-d60da24-20260801-v3,/home/mchoi/g007-fedall-l2svm-ternary-stage-705b8db-20260801-v2/g007-stage-0597ebfb0ffa034b659dfa055b9dd64fd5b1c9f671b7d8c6414257bd81b8ba40,705b8dbb62f52bc98ceb4d0fd3a39405f8e581c0,19968f40e8b337eaedf6299c9485a8cce1bdd571620fa07bb6578449ae1353d8,/home/mchoi/g007-all-planners-ternary-705b8db-d60da24-20260801-v3/planners/DP/cells/012-18667e7c97b9/response.json
workers=1|planner=DP|workload=logreg|profile=lan,1,DP,logreg,lan,31.679255614,52.277685765,1,True,False,cdcaa69bdfb883a774135ed05bb673388453e91e511d77c3876022281aa65f91,historical_campaign,/home/mchoi/g007-all-planners-ternary-705b8db-d60da24-20260801-v3,/home/mchoi/g007-fedall-l2svm-ternary-stage-705b8db-20260801-v2/g007-stage-0597ebfb0ffa034b659dfa055b9dd64fd5b1c9f671b7d8c6414257bd81b8ba40,705b8dbb62f52bc98ceb4d0fd3a39405f8e581c0,19968f40e8b337eaedf6299c9485a8cce1bdd571620fa07bb6578449ae1353d8,/home/mchoi/g007-all-planners-ternary-705b8db-d60da24-20260801-v3/planners/DP/cells/013-3fa104ff0d8d/response.json
workers=1|planner=DP|workload=logreg|profile=wan_light,1,DP,logreg,wan_light,47.200574393,67.705173621,1,True,False,b0c68e6dd36f9a7ad82c5b5d1c616e5be476b059b623fcb221a33e0446c2b38b,historical_campaign,/home/mchoi/g007-all-planners-ternary-705b8db-d60da24-20260801-v3,/home/mchoi/g007-fedall-l2svm-ternary-stage-705b8db-20260801-v2/g007-stage-0597ebfb0ffa034b659dfa055b9dd64fd5b1c9f671b7d8c6414257bd81b8ba40,705b8dbb62f52bc98ceb4d0fd3a39405f8e581c0,19968f40e8b337eaedf6299c9485a8cce1bdd571620fa07bb6578449ae1353d8,/home/mchoi/g007-all-planners-ternary-705b8db-d60da24-20260801-v3/planners/DP/cells/014-82c324e4aa6b/response.json
workers=1|planner=DP|workload=logreg|profile=wan_mid,1,DP,logreg,wan_mid,90.250807003,110.704325739,1,True,False,4fb69ec808cfe344a44339a089e985c3164193d9c725fc6b69eb94b407b93cc6,historical_campaign,/home/mchoi/g007-all-planners-ternary-705b8db-d60da24-20260801-v3,/home/mchoi/g007-fedall-l2svm-ternary-stage-705b8db-20260801-v2/g007-stage-0597ebfb0ffa034b659dfa055b9dd64fd5b1c9f671b7d8c6414257bd81b8ba40,705b8dbb62f52bc98ceb4d0fd3a39405f8e581c0,19968f40e8b337eaedf6299c9485a8cce1bdd571620fa07bb6578449ae1353d8,/home/mchoi/g007-all-planners-ternary-705b8db-d60da24-20260801-v3/planners/DP/cells/015-75c66574cd89/response.json
workers=1|planner=DP|workload=als|profile=lan,1,DP,als,lan,114.416636975,135.063044038,1,True,False,e1dbf54e36216145cd10d5596f99a180a26682760203cc6fbc993e6a48dba43f,historical_campaign,/home/mchoi/g007-all-planners-ternary-705b8db-d60da24-20260801-v3,/home/mchoi/g007-fedall-l2svm-ternary-stage-705b8db-20260801-v2/g007-stage-0597ebfb0ffa034b659dfa055b9dd64fd5b1c9f671b7d8c6414257bd81b8ba40,705b8dbb62f52bc98ceb4d0fd3a39405f8e581c0,19968f40e8b337eaedf6299c9485a8cce1bdd571620fa07bb6578449ae1353d8,/home/mchoi/g007-all-planners-ternary-705b8db-d60da24-20260801-v3/planners/DP/cells/016-d27c2f8d82f6/response.json
workers=1|planner=DP|workload=als|profile=wan_light,1,DP,als,wan_light,121.751918857,142.288209291,1,True,False,2b16b2cdc0eadcf731876e9d818c53ea75a608cfc7aad9ddc9382800a82fd87b,historical_campaign,/home/mchoi/g007-all-planners-ternary-705b8db-d60da24-20260801-v3,/home/mchoi/g007-fedall-l2svm-ternary-stage-705b8db-20260801-v2/g007-stage-0597ebfb0ffa034b659dfa055b9dd64fd5b1c9f671b7d8c6414257bd81b8ba40,705b8dbb62f52bc98ceb4d0fd3a39405f8e581c0,19968f40e8b337eaedf6299c9485a8cce1bdd571620fa07bb6578449ae1353d8,/home/mchoi/g007-all-planners-ternary-705b8db-d60da24-20260801-v3/planners/DP/cells/017-6df67e3643cf/response.json
workers=1|planner=DP|workload=als|profile=wan_mid,1,DP,als,wan_mid,164.224949568,184.763002513,1,True,False,bbe1ba367eb56c9452f35e88dd5053e3a90a3e33bbec4c1fa833c37124409932,historical_campaign,/home/mchoi/g007-all-planners-ternary-705b8db-d60da24-20260801-v3,/home/mchoi/g007-fedall-l2svm-ternary-stage-705b8db-20260801-v2/g007-stage-0597ebfb0ffa034b659dfa055b9dd64fd5b1c9f671b7d8c6414257bd81b8ba40,705b8dbb62f52bc98ceb4d0fd3a39405f8e581c0,19968f40e8b337eaedf6299c9485a8cce1bdd571620fa07bb6578449ae1353d8,/home/mchoi/g007-all-planners-ternary-705b8db-d60da24-20260801-v3/planners/DP/cells/018-c86141f55cb6/response.json
workers=1|planner=DP|workload=steplm|profile=lan,1,DP,steplm,lan,39.724264791,60.291352037,1,True,False,fd423ba1987a21c9f44543ad0a54e811f3d78d227a504b9df574daa0cb36282c,historical_campaign,/home/mchoi/g007-all-planners-ternary-705b8db-d60da24-20260801-v3,/home/mchoi/g007-fedall-l2svm-ternary-stage-705b8db-20260801-v2/g007-stage-0597ebfb0ffa034b659dfa055b9dd64fd5b1c9f671b7d8c6414257bd81b8ba40,705b8dbb62f52bc98ceb4d0fd3a39405f8e581c0,19968f40e8b337eaedf6299c9485a8cce1bdd571620fa07bb6578449ae1353d8,/home/mchoi/g007-all-planners-ternary-705b8db-d60da24-20260801-v3/planners/DP/cells/019-01253edf6fd2/response.json
workers=1|planner=DP|workload=steplm|profile=wan_light,1,DP,steplm,wan_light,81.03082288,101.678636801,1,True,False,2a9f6d378b54f26da2cda27ec1a15ed2eaf6634a607924e2fc0bc18745e4fd18,historical_campaign,/home/mchoi/g007-all-planners-ternary-705b8db-d60da24-20260801-v3,/home/mchoi/g007-fedall-l2svm-ternary-stage-705b8db-20260801-v2/g007-stage-0597ebfb0ffa034b659dfa055b9dd64fd5b1c9f671b7d8c6414257bd81b8ba40,705b8dbb62f52bc98ceb4d0fd3a39405f8e581c0,19968f40e8b337eaedf6299c9485a8cce1bdd571620fa07bb6578449ae1353d8,/home/mchoi/g007-all-planners-ternary-705b8db-d60da24-20260801-v3/planners/DP/cells/020-838110e5924a/response.json
workers=1|planner=DP|workload=steplm|profile=wan_mid,1,DP,steplm,wan_mid,91.343323112,111.869255941,1,True,False,eafd921134c984eb708617a9ee48b5e5a6e545cb51ea600a354de4ce893aa4a6,historical_campaign,/home/mchoi/g007-all-planners-ternary-705b8db-d60da24-20260801-v3,/home/mchoi/g007-fedall-l2svm-ternary-stage-705b8db-20260801-v2/g007-stage-0597ebfb0ffa034b659dfa055b9dd64fd5b1c9f671b7d8c6414257bd81b8ba40,705b8dbb62f52bc98ceb4d0fd3a39405f8e581c0,19968f40e8b337eaedf6299c9485a8cce1bdd571620fa07bb6578449ae1353d8,/home/mchoi/g007-all-planners-ternary-705b8db-d60da24-20260801-v3/planners/DP/cells/021-f99c4cac657f/response.json
workers=2|planner=DP|workload=kmeans|profile=lan,2,DP,kmeans,lan,47.51390582,74.747234369,1,True,False,e3bccf1fd0b5d844834afd05c2ecd2b5c8a78d8088f9c10f2d19366b0a0455d2,historical_campaign,/home/mchoi/g007-all-planners-ternary-705b8db-d60da24-20260801-v3,/home/mchoi/g007-fedall-l2svm-ternary-stage-705b8db-20260801-v2/g007-stage-0597ebfb0ffa034b659dfa055b9dd64fd5b1c9f671b7d8c6414257bd81b8ba40,705b8dbb62f52bc98ceb4d0fd3a39405f8e581c0,19968f40e8b337eaedf6299c9485a8cce1bdd571620fa07bb6578449ae1353d8,/home/mchoi/g007-all-planners-ternary-705b8db-d60da24-20260801-v3/planners/DP/cells/022-3e682bc92a50/response.json
workers=2|planner=DP|workload=kmeans|profile=wan_light,2,DP,kmeans,wan_light,133.454751077,156.728780436,1,True,False,79406734ce4651db8967b46cb5508c76f32eedee41d4086efb6791af849cf1c2,historical_campaign,/home/mchoi/g007-all-planners-ternary-705b8db-d60da24-20260801-v3,/home/mchoi/g007-fedall-l2svm-ternary-stage-705b8db-20260801-v2/g007-stage-0597ebfb0ffa034b659dfa055b9dd64fd5b1c9f671b7d8c6414257bd81b8ba40,705b8dbb62f52bc98ceb4d0fd3a39405f8e581c0,19968f40e8b337eaedf6299c9485a8cce1bdd571620fa07bb6578449ae1353d8,/home/mchoi/g007-all-planners-ternary-705b8db-d60da24-20260801-v3/planners/DP/cells/023-2e8700b65dd4/response.json
workers=2|planner=DP|workload=kmeans|profile=wan_mid,2,DP,kmeans,wan_mid,196.701449135,220.017437572,1,True,False,67dd5d0377996e2cc12b819e0e1dd7fe871a1dab0c87f48a1e50801d62749e55,historical_campaign,/home/mchoi/g007-all-planners-ternary-705b8db-d60da24-20260801-v3,/home/mchoi/g007-fedall-l2svm-ternary-stage-705b8db-20260801-v2/g007-stage-0597ebfb0ffa034b659dfa055b9dd64fd5b1c9f671b7d8c6414257bd81b8ba40,705b8dbb62f52bc98ceb4d0fd3a39405f8e581c0,19968f40e8b337eaedf6299c9485a8cce1bdd571620fa07bb6578449ae1353d8,/home/mchoi/g007-all-planners-ternary-705b8db-d60da24-20260801-v3/planners/DP/cells/024-b2b87eab8c6f/response.json
workers=2|planner=DP|workload=pca|profile=lan,2,DP,pca,lan,78.367746104,101.641663566,1,True,False,b543b4f672e851b207d8e36f1bb6a8e1a1db5d8cebceaf6d9ace25cc8e205c26,historical_campaign,/home/mchoi/g007-all-planners-ternary-705b8db-d60da24-20260801-v3,/home/mchoi/g007-fedall-l2svm-ternary-stage-705b8db-20260801-v2/g007-stage-0597ebfb0ffa034b659dfa055b9dd64fd5b1c9f671b7d8c6414257bd81b8ba40,705b8dbb62f52bc98ceb4d0fd3a39405f8e581c0,19968f40e8b337eaedf6299c9485a8cce1bdd571620fa07bb6578449ae1353d8,/home/mchoi/g007-all-planners-ternary-705b8db-d60da24-20260801-v3/planners/DP/cells/025-c0a3abd6e207/response.json
workers=2|planner=DP|workload=pca|profile=wan_light,2,DP,pca,wan_light,82.132831428,109.354875699,1,True,False,7fcecfc1b008321cd68048012d5af9b0107bff74b9cc423ecda870deeb310aef,historical_campaign,/home/mchoi/g007-all-planners-ternary-705b8db-d60da24-20260801-v3,/home/mchoi/g007-fedall-l2svm-ternary-stage-705b8db-20260801-v2/g007-stage-0597ebfb0ffa034b659dfa055b9dd64fd5b1c9f671b7d8c6414257bd81b8ba40,705b8dbb62f52bc98ceb4d0fd3a39405f8e581c0,19968f40e8b337eaedf6299c9485a8cce1bdd571620fa07bb6578449ae1353d8,/home/mchoi/g007-all-planners-ternary-705b8db-d60da24-20260801-v3/planners/DP/cells/026-d69c8c22a66c/response.json
workers=2|planner=DP|workload=pca|profile=wan_mid,2,DP,pca,wan_mid,81.311514188,108.58491488,1,True,False,0714d294c30b84bba36ae9af9dcc17ec60439924634793b73dd085fda90f18af,historical_campaign,/home/mchoi/g007-all-planners-ternary-705b8db-d60da24-20260801-v3,/home/mchoi/g007-fedall-l2svm-ternary-stage-705b8db-20260801-v2/g007-stage-0597ebfb0ffa034b659dfa055b9dd64fd5b1c9f671b7d8c6414257bd81b8ba40,705b8dbb62f52bc98ceb4d0fd3a39405f8e581c0,19968f40e8b337eaedf6299c9485a8cce1bdd571620fa07bb6578449ae1353d8,/home/mchoi/g007-all-planners-ternary-705b8db-d60da24-20260801-v3/planners/DP/cells/027-293270779361/response.json
workers=2|planner=DP|workload=lm|profile=lan,2,DP,lm,lan,44.503851859,71.677017982,1,True,False,5fb7fb20f3c3a352909faf7817c3bcdce29b4f77210890a3e5ffa9c938db1db3,historical_campaign,/home/mchoi/g007-all-planners-ternary-705b8db-d60da24-20260801-v3,/home/mchoi/g007-fedall-l2svm-ternary-stage-705b8db-20260801-v2/g007-stage-0597ebfb0ffa034b659dfa055b9dd64fd5b1c9f671b7d8c6414257bd81b8ba40,705b8dbb62f52bc98ceb4d0fd3a39405f8e581c0,19968f40e8b337eaedf6299c9485a8cce1bdd571620fa07bb6578449ae1353d8,/home/mchoi/g007-all-planners-ternary-705b8db-d60da24-20260801-v3/planners/DP/cells/028-8afe53358302/response.json
workers=2|planner=DP|workload=lm|profile=wan_light,2,DP,lm,wan_light,45.341789397,72.460932631,1,True,False,f4a16bcd2f0788d6897e3485b3e7d078eb8c56c6c56e6be2ea819e895abefbb1,historical_campaign,/home/mchoi/g007-all-planners-ternary-705b8db-d60da24-20260801-v3,/home/mchoi/g007-fedall-l2svm-ternary-stage-705b8db-20260801-v2/g007-stage-0597ebfb0ffa034b659dfa055b9dd64fd5b1c9f671b7d8c6414257bd81b8ba40,705b8dbb62f52bc98ceb4d0fd3a39405f8e581c0,19968f40e8b337eaedf6299c9485a8cce1bdd571620fa07bb6578449ae1353d8,/home/mchoi/g007-all-planners-ternary-705b8db-d60da24-20260801-v3/planners/DP/cells/029-f740f0df3e27/response.json
workers=2|planner=DP|workload=lm|profile=wan_mid,2,DP,lm,wan_mid,60.543455872,87.763119841,1,True,False,a46b98713a9dae9a70d12fd7fd0fb3a9b8a1a8ae1894ce4255b499262b2f2d86,historical_campaign,/home/mchoi/g007-all-planners-ternary-705b8db-d60da24-20260801-v3,/home/mchoi/g007-fedall-l2svm-ternary-stage-705b8db-20260801-v2/g007-stage-0597ebfb0ffa034b659dfa055b9dd64fd5b1c9f671b7d8c6414257bd81b8ba40,705b8dbb62f52bc98ceb4d0fd3a39405f8e581c0,19968f40e8b337eaedf6299c9485a8cce1bdd571620fa07bb6578449ae1353d8,/home/mchoi/g007-all-planners-ternary-705b8db-d60da24-20260801-v3/planners/DP/cells/030-0d6e1e8e65e2/response.json
workers=2|planner=DP|workload=l2svm|profile=lan,2,DP,l2svm,lan,67.745744316,91.014493599,1,True,False,1bbe9de4b02480cfcf79bcda8a561ac2286e95dc2fb3ae25f9703cb273b2c55d,historical_campaign,/home/mchoi/g007-all-planners-ternary-705b8db-d60da24-20260801-v3,/home/mchoi/g007-fedall-l2svm-ternary-stage-705b8db-20260801-v2/g007-stage-0597ebfb0ffa034b659dfa055b9dd64fd5b1c9f671b7d8c6414257bd81b8ba40,705b8dbb62f52bc98ceb4d0fd3a39405f8e581c0,19968f40e8b337eaedf6299c9485a8cce1bdd571620fa07bb6578449ae1353d8,/home/mchoi/g007-all-planners-ternary-705b8db-d60da24-20260801-v3/planners/DP/cells/031-7413e302c937/response.json
workers=2|planner=DP|workload=l2svm|profile=wan_light,2,DP,l2svm,wan_light,32.894598214,60.090290203,1,True,False,47c453dbf89e5e6ead8f0885eaac1fcb3bd61933f6956f1fec1ab307d2e60ff2,historical_campaign,/home/mchoi/g007-all-planners-ternary-705b8db-d60da24-20260801-v3,/home/mchoi/g007-fedall-l2svm-ternary-stage-705b8db-20260801-v2/g007-stage-0597ebfb0ffa034b659dfa055b9dd64fd5b1c9f671b7d8c6414257bd81b8ba40,705b8dbb62f52bc98ceb4d0fd3a39405f8e581c0,19968f40e8b337eaedf6299c9485a8cce1bdd571620fa07bb6578449ae1353d8,/home/mchoi/g007-all-planners-ternary-705b8db-d60da24-20260801-v3/planners/DP/cells/032-7191f63df3d3/response.json
workers=2|planner=DP|workload=l2svm|profile=wan_mid,2,DP,l2svm,wan_mid,49.084552949,76.215149925,1,True,False,506c4c205416864da02c5f8e45bcccd1a36a7f6b156f967b8abd94b817ccfecd,historical_campaign,/home/mchoi/g007-all-planners-ternary-705b8db-d60da24-20260801-v3,/home/mchoi/g007-fedall-l2svm-ternary-stage-705b8db-20260801-v2/g007-stage-0597ebfb0ffa034b659dfa055b9dd64fd5b1c9f671b7d8c6414257bd81b8ba40,705b8dbb62f52bc98ceb4d0fd3a39405f8e581c0,19968f40e8b337eaedf6299c9485a8cce1bdd571620fa07bb6578449ae1353d8,/home/mchoi/g007-all-planners-ternary-705b8db-d60da24-20260801-v3/planners/DP/cells/033-f05ca5a20b70/response.json
workers=2|planner=DP|workload=logreg|profile=lan,2,DP,logreg,lan,36.418699567,63.566109963,1,True,False,b440f4a4476bb6da836ed7ab3e4c14f2a9cbf4d3c81193c8b9a9bf0a9a7f66da,historical_campaign,/home/mchoi/g007-all-planners-ternary-705b8db-d60da24-20260801-v3,/home/mchoi/g007-fedall-l2svm-ternary-stage-705b8db-20260801-v2/g007-stage-0597ebfb0ffa034b659dfa055b9dd64fd5b1c9f671b7d8c6414257bd81b8ba40,705b8dbb62f52bc98ceb4d0fd3a39405f8e581c0,19968f40e8b337eaedf6299c9485a8cce1bdd571620fa07bb6578449ae1353d8,/home/mchoi/g007-all-planners-ternary-705b8db-d60da24-20260801-v3/planners/DP/cells/034-3584d655a836/response.json
workers=2|planner=DP|workload=logreg|profile=wan_light,2,DP,logreg,wan_light,50.306995532,77.405048186,1,True,False,b2a6da408b239b95c7ccbaef6b75cbf7c916fbb08800b8c478d0f5edb0dd0d7e,historical_campaign,/home/mchoi/g007-all-planners-ternary-705b8db-d60da24-20260801-v3,/home/mchoi/g007-fedall-l2svm-ternary-stage-705b8db-20260801-v2/g007-stage-0597ebfb0ffa034b659dfa055b9dd64fd5b1c9f671b7d8c6414257bd81b8ba40,705b8dbb62f52bc98ceb4d0fd3a39405f8e581c0,19968f40e8b337eaedf6299c9485a8cce1bdd571620fa07bb6578449ae1353d8,/home/mchoi/g007-all-planners-ternary-705b8db-d60da24-20260801-v3/planners/DP/cells/035-660343543aa0/response.json
workers=2|planner=DP|workload=logreg|profile=wan_mid,2,DP,logreg,wan_mid,57.050283637,84.242677724,1,True,False,8b17b5b53f5badd2808641ba718a7432894a89e7e056fec518bb635a88d9cd77,historical_campaign,/home/mchoi/g007-all-planners-ternary-705b8db-d60da24-20260801-v3,/home/mchoi/g007-fedall-l2svm-ternary-stage-705b8db-20260801-v2/g007-stage-0597ebfb0ffa034b659dfa055b9dd64fd5b1c9f671b7d8c6414257bd81b8ba40,705b8dbb62f52bc98ceb4d0fd3a39405f8e581c0,19968f40e8b337eaedf6299c9485a8cce1bdd571620fa07bb6578449ae1353d8,/home/mchoi/g007-all-planners-ternary-705b8db-d60da24-20260801-v3/planners/DP/cells/036-3c44cf81944a/response.json
workers=2|planner=DP|workload=als|profile=lan,2,DP,als,lan,83.387635715,110.72582087,1,True,False,3a64d2d0238f90a50217ee1bf451a9e59d76204e39b6a1c6e6be2ec51615eb06,historical_campaign,/home/mchoi/g007-all-planners-ternary-705b8db-d60da24-20260801-v3,/home/mchoi/g007-fedall-l2svm-ternary-stage-705b8db-20260801-v2/g007-stage-0597ebfb0ffa034b659dfa055b9dd64fd5b1c9f671b7d8c6414257bd81b8ba40,705b8dbb62f52bc98ceb4d0fd3a39405f8e581c0,19968f40e8b337eaedf6299c9485a8cce1bdd571620fa07bb6578449ae1353d8,/home/mchoi/g007-all-planners-ternary-705b8db-d60da24-20260801-v3/planners/DP/cells/037-968a89ebaac9/response.json
workers=2|planner=DP|workload=als|profile=wan_light,2,DP,als,wan_light,91.418708705,118.659158177,1,True,False,6bdd688d38863bdbef21113f28f087298285ddada0b519038b680552f46f2d60,historical_campaign,/home/mchoi/g007-all-planners-ternary-705b8db-d60da24-20260801-v3,/home/mchoi/g007-fedall-l2svm-ternary-stage-705b8db-20260801-v2/g007-stage-0597ebfb0ffa034b659dfa055b9dd64fd5b1c9f671b7d8c6414257bd81b8ba40,705b8dbb62f52bc98ceb4d0fd3a39405f8e581c0,19968f40e8b337eaedf6299c9485a8cce1bdd571620fa07bb6578449ae1353d8,/home/mchoi/g007-all-planners-ternary-705b8db-d60da24-20260801-v3/planners/DP/cells/038-97ff68ea5d54/response.json
workers=2|planner=DP|workload=als|profile=wan_mid,2,DP,als,wan_mid,110.793275972,138.076018628,1,True,False,a9eb6fa2a8f9d543d55a284a523f6b5ec7cd3735ecf67b9cba1eca703cdda91d,historical_campaign,/home/mchoi/g007-all-planners-ternary-705b8db-d60da24-20260801-v3,/home/mchoi/g007-fedall-l2svm-ternary-stage-705b8db-20260801-v2/g007-stage-0597ebfb0ffa034b659dfa055b9dd64fd5b1c9f671b7d8c6414257bd81b8ba40,705b8dbb62f52bc98ceb4d0fd3a39405f8e581c0,19968f40e8b337eaedf6299c9485a8cce1bdd571620fa07bb6578449ae1353d8,/home/mchoi/g007-all-planners-ternary-705b8db-d60da24-20260801-v3/planners/DP/cells/039-77c94da8cb82/response.json
workers=2|planner=DP|workload=steplm|profile=lan,2,DP,steplm,lan,47.173438768,74.294392297,1,True,False,c5247ffc66fc25bde04ee5b3856ad10bc26c432a91b07f34e604b4b707eac016,historical_campaign,/home/mchoi/g007-all-planners-ternary-705b8db-d60da24-20260801-v3,/home/mchoi/g007-fedall-l2svm-ternary-stage-705b8db-20260801-v2/g007-stage-0597ebfb0ffa034b659dfa055b9dd64fd5b1c9f671b7d8c6414257bd81b8ba40,705b8dbb62f52bc98ceb4d0fd3a39405f8e581c0,19968f40e8b337eaedf6299c9485a8cce1bdd571620fa07bb6578449ae1353d8,/home/mchoi/g007-all-planners-ternary-705b8db-d60da24-20260801-v3/planners/DP/cells/040-72b8be032c61/response.json
workers=2|planner=DP|workload=steplm|profile=wan_light,2,DP,steplm,wan_light,47.001477248,74.054366345,1,True,False,8e85249c4afa54c4fade96d7d4b35eaa7bd3eaa56824b02e1fac5d4ccef09fc7,historical_campaign,/home/mchoi/g007-all-planners-ternary-705b8db-d60da24-20260801-v3,/home/mchoi/g007-fedall-l2svm-ternary-stage-705b8db-20260801-v2/g007-stage-0597ebfb0ffa034b659dfa055b9dd64fd5b1c9f671b7d8c6414257bd81b8ba40,705b8dbb62f52bc98ceb4d0fd3a39405f8e581c0,19968f40e8b337eaedf6299c9485a8cce1bdd571620fa07bb6578449ae1353d8,/home/mchoi/g007-all-planners-ternary-705b8db-d60da24-20260801-v3/planners/DP/cells/041-04b46792d481/response.json
workers=2|planner=DP|workload=steplm|profile=wan_mid,2,DP,steplm,wan_mid,51.385974924,78.520331971,1,True,False,5cf2f75bfa3c76cb72bdc119480de68216c6591379d8dc17e2956b990a857d80,historical_campaign,/home/mchoi/g007-all-planners-ternary-705b8db-d60da24-20260801-v3,/home/mchoi/g007-fedall-l2svm-ternary-stage-705b8db-20260801-v2/g007-stage-0597ebfb0ffa034b659dfa055b9dd64fd5b1c9f671b7d8c6414257bd81b8ba40,705b8dbb62f52bc98ceb4d0fd3a39405f8e581c0,19968f40e8b337eaedf6299c9485a8cce1bdd571620fa07bb6578449ae1353d8,/home/mchoi/g007-all-planners-ternary-705b8db-d60da24-20260801-v3/planners/DP/cells/042-ecc8584516c8/response.json
workers=3|planner=DP|workload=kmeans|profile=lan,3,DP,kmeans,lan,148.594894775,174.373056465,1,True,False,b1aeea0da5a1a3b91b5069298657da5ce05d88ea8eed83a89e5c9df150b79122,historical_campaign,/home/mchoi/g007-all-planners-ternary-705b8db-d60da24-20260801-v3,/home/mchoi/g007-fedall-l2svm-ternary-stage-705b8db-20260801-v2/g007-stage-0597ebfb0ffa034b659dfa055b9dd64fd5b1c9f671b7d8c6414257bd81b8ba40,705b8dbb62f52bc98ceb4d0fd3a39405f8e581c0,19968f40e8b337eaedf6299c9485a8cce1bdd571620fa07bb6578449ae1353d8,/home/mchoi/g007-all-planners-ternary-705b8db-d60da24-20260801-v3/planners/DP/cells/043-e53caadcbd62/response.json
workers=3|planner=DP|workload=kmeans|profile=wan_light,3,DP,kmeans,wan_light,172.877821067,198.436008417,1,True,False,912b1706877ba72b348bf773f0487d900fde2e1ebeaf617c0f5e6df0cf428208,historical_campaign,/home/mchoi/g007-all-planners-ternary-705b8db-d60da24-20260801-v3,/home/mchoi/g007-fedall-l2svm-ternary-stage-705b8db-20260801-v2/g007-stage-0597ebfb0ffa034b659dfa055b9dd64fd5b1c9f671b7d8c6414257bd81b8ba40,705b8dbb62f52bc98ceb4d0fd3a39405f8e581c0,19968f40e8b337eaedf6299c9485a8cce1bdd571620fa07bb6578449ae1353d8,/home/mchoi/g007-all-planners-ternary-705b8db-d60da24-20260801-v3/planners/DP/cells/044-3c21f422f188/response.json
workers=3|planner=DP|workload=kmeans|profile=wan_mid,3,DP,kmeans,wan_mid,218.126110941,243.892894314,1,True,False,50caf2788566e022a3a234ab47b3d8bd065766e14470146457c836d9f14a8234,historical_campaign,/home/mchoi/g007-all-planners-ternary-705b8db-d60da24-20260801-v3,/home/mchoi/g007-fedall-l2svm-ternary-stage-705b8db-20260801-v2/g007-stage-0597ebfb0ffa034b659dfa055b9dd64fd5b1c9f671b7d8c6414257bd81b8ba40,705b8dbb62f52bc98ceb4d0fd3a39405f8e581c0,19968f40e8b337eaedf6299c9485a8cce1bdd571620fa07bb6578449ae1353d8,/home/mchoi/g007-all-planners-ternary-705b8db-d60da24-20260801-v3/planners/DP/cells/045-e2bcb675f1fb/response.json
workers=3|planner=DP|workload=pca|profile=lan,3,DP,pca,lan,81.009817606,114.682772242,1,True,False,1310a678e64939253c5fadc35e29bc1bd28b1a6ecff54e305285f331e89c44fd,historical_campaign,/home/mchoi/g007-all-planners-ternary-705b8db-d60da24-20260801-v3,/home/mchoi/g007-fedall-l2svm-ternary-stage-705b8db-20260801-v2/g007-stage-0597ebfb0ffa034b659dfa055b9dd64fd5b1c9f671b7d8c6414257bd81b8ba40,705b8dbb62f52bc98ceb4d0fd3a39405f8e581c0,19968f40e8b337eaedf6299c9485a8cce1bdd571620fa07bb6578449ae1353d8,/home/mchoi/g007-all-planners-ternary-705b8db-d60da24-20260801-v3/planners/DP/cells/046-be5ec138ade3/response.json
workers=3|planner=DP|workload=pca|profile=wan_light,3,DP,pca,wan_light,86.62100689,120.306638343,1,True,False,ac723659ccef219c61a446b0b9541411cb86059ca70c987b2ca35ce1bb0121fc,historical_campaign,/home/mchoi/g007-all-planners-ternary-705b8db-d60da24-20260801-v3,/home/mchoi/g007-fedall-l2svm-ternary-stage-705b8db-20260801-v2/g007-stage-0597ebfb0ffa034b659dfa055b9dd64fd5b1c9f671b7d8c6414257bd81b8ba40,705b8dbb62f52bc98ceb4d0fd3a39405f8e581c0,19968f40e8b337eaedf6299c9485a8cce1bdd571620fa07bb6578449ae1353d8,/home/mchoi/g007-all-planners-ternary-705b8db-d60da24-20260801-v3/planners/DP/cells/047-32e4d5d7813e/response.json
workers=3|planner=DP|workload=pca|profile=wan_mid,3,DP,pca,wan_mid,103.844445393,133.534862151,1,True,False,639af68bae7071d5db6ad2da8da33864a45d7def4a6475e4972548bc745e9ccd,historical_campaign,/home/mchoi/g007-all-planners-ternary-705b8db-d60da24-20260801-v3,/home/mchoi/g007-fedall-l2svm-ternary-stage-705b8db-20260801-v2/g007-stage-0597ebfb0ffa034b659dfa055b9dd64fd5b1c9f671b7d8c6414257bd81b8ba40,705b8dbb62f52bc98ceb4d0fd3a39405f8e581c0,19968f40e8b337eaedf6299c9485a8cce1bdd571620fa07bb6578449ae1353d8,/home/mchoi/g007-all-planners-ternary-705b8db-d60da24-20260801-v3/planners/DP/cells/048-229e458f7d0d/response.json
workers=3|planner=DP|workload=lm|profile=lan,3,DP,lm,lan,37.697927999,71.396971468,1,True,False,133b49806d208c511d8be65b528e31058159b476e0ec5da361bba03a0aa46257,historical_campaign,/home/mchoi/g007-all-planners-ternary-705b8db-d60da24-20260801-v3,/home/mchoi/g007-fedall-l2svm-ternary-stage-705b8db-20260801-v2/g007-stage-0597ebfb0ffa034b659dfa055b9dd64fd5b1c9f671b7d8c6414257bd81b8ba40,705b8dbb62f52bc98ceb4d0fd3a39405f8e581c0,19968f40e8b337eaedf6299c9485a8cce1bdd571620fa07bb6578449ae1353d8,/home/mchoi/g007-all-planners-ternary-705b8db-d60da24-20260801-v3/planners/DP/cells/049-337252d570a3/response.json
workers=3|planner=DP|workload=lm|profile=wan_light,3,DP,lm,wan_light,40.305902199,74.103051357,1,True,False,4ea1f2c157962d97c4fc0955ded1f26901ec1bb497aff2fdaade86cf2945f8e0,historical_campaign,/home/mchoi/g007-all-planners-ternary-705b8db-d60da24-20260801-v3,/home/mchoi/g007-fedall-l2svm-ternary-stage-705b8db-20260801-v2/g007-stage-0597ebfb0ffa034b659dfa055b9dd64fd5b1c9f671b7d8c6414257bd81b8ba40,705b8dbb62f52bc98ceb4d0fd3a39405f8e581c0,19968f40e8b337eaedf6299c9485a8cce1bdd571620fa07bb6578449ae1353d8,/home/mchoi/g007-all-planners-ternary-705b8db-d60da24-20260801-v3/planners/DP/cells/050-3b6917522c71/response.json
workers=3|planner=DP|workload=lm|profile=wan_mid,3,DP,lm,wan_mid,52.564966424,86.100930636,1,True,False,67f3b2c53ed8ae74dd5341e9c2165c8f3f85be7f7c2d2da68cbee038f4039a6f,historical_campaign,/home/mchoi/g007-all-planners-ternary-705b8db-d60da24-20260801-v3,/home/mchoi/g007-fedall-l2svm-ternary-stage-705b8db-20260801-v2/g007-stage-0597ebfb0ffa034b659dfa055b9dd64fd5b1c9f671b7d8c6414257bd81b8ba40,705b8dbb62f52bc98ceb4d0fd3a39405f8e581c0,19968f40e8b337eaedf6299c9485a8cce1bdd571620fa07bb6578449ae1353d8,/home/mchoi/g007-all-planners-ternary-705b8db-d60da24-20260801-v3/planners/DP/cells/051-8708be219907/response.json
workers=3|planner=DP|workload=l2svm|profile=lan,3,DP,l2svm,lan,51.696625097,85.509440712,1,True,False,81ff5dfb94668b4bf561a0cacfe6ea5592bdf66cf190986c6c8d638f1443f070,historical_campaign,/home/mchoi/g007-all-planners-ternary-705b8db-d60da24-20260801-v3,/home/mchoi/g007-fedall-l2svm-ternary-stage-705b8db-20260801-v2/g007-stage-0597ebfb0ffa034b659dfa055b9dd64fd5b1c9f671b7d8c6414257bd81b8ba40,705b8dbb62f52bc98ceb4d0fd3a39405f8e581c0,19968f40e8b337eaedf6299c9485a8cce1bdd571620fa07bb6578449ae1353d8,/home/mchoi/g007-all-planners-ternary-705b8db-d60da24-20260801-v3/planners/DP/cells/052-6fee64ad4d48/response.json
workers=3|planner=DP|workload=l2svm|profile=wan_light,3,DP,l2svm,wan_light,36.200238589,61.807515946,1,True,False,5a3a55fc381762355ce2eecf70532399af2529db6723fd9dcd45cc68d5f7e759,historical_campaign,/home/mchoi/g007-all-planners-ternary-705b8db-d60da24-20260801-v3,/home/mchoi/g007-fedall-l2svm-ternary-stage-705b8db-20260801-v2/g007-stage-0597ebfb0ffa034b659dfa055b9dd64fd5b1c9f671b7d8c6414257bd81b8ba40,705b8dbb62f52bc98ceb4d0fd3a39405f8e581c0,19968f40e8b337eaedf6299c9485a8cce1bdd571620fa07bb6578449ae1353d8,/home/mchoi/g007-all-planners-ternary-705b8db-d60da24-20260801-v3/planners/DP/cells/053-5b7195214a56/response.json
workers=3|planner=DP|workload=l2svm|profile=wan_mid,3,DP,l2svm,wan_mid,50.030406359,83.576794576,1,True,False,2b9bd5aafc699692ac47b1ca2380ad42dc0788661b99a737b0497dbebcff7e9a,historical_campaign,/home/mchoi/g007-all-planners-ternary-705b8db-d60da24-20260801-v3,/home/mchoi/g007-fedall-l2svm-ternary-stage-705b8db-20260801-v2/g007-stage-0597ebfb0ffa034b659dfa055b9dd64fd5b1c9f671b7d8c6414257bd81b8ba40,705b8dbb62f52bc98ceb4d0fd3a39405f8e581c0,19968f40e8b337eaedf6299c9485a8cce1bdd571620fa07bb6578449ae1353d8,/home/mchoi/g007-all-planners-ternary-705b8db-d60da24-20260801-v3/planners/DP/cells/054-c6c89776d826/response.json
workers=3|planner=DP|workload=logreg|profile=lan,3,DP,logreg,lan,37.733899251,67.311540317,1,True,False,b48f247404c03c3088119377a158d93e87319d72f68714bdb9747fa069a769b4,historical_campaign,/home/mchoi/g007-all-planners-ternary-705b8db-d60da24-20260801-v3,/home/mchoi/g007-fedall-l2svm-ternary-stage-705b8db-20260801-v2/g007-stage-0597ebfb0ffa034b659dfa055b9dd64fd5b1c9f671b7d8c6414257bd81b8ba40,705b8dbb62f52bc98ceb4d0fd3a39405f8e581c0,19968f40e8b337eaedf6299c9485a8cce1bdd571620fa07bb6578449ae1353d8,/home/mchoi/g007-all-planners-ternary-705b8db-d60da24-20260801-v3/planners/DP/cells/055-73ed3eb10b97/response.json
workers=3|planner=DP|workload=logreg|profile=wan_light,3,DP,logreg,wan_light,45.056559446,78.710953369,1,True,False,08fa86fdf2b205c8b5eb65cd5a02c428237593ef313c9457c8f9b1bae2a41fc8,historical_campaign,/home/mchoi/g007-all-planners-ternary-705b8db-d60da24-20260801-v3,/home/mchoi/g007-fedall-l2svm-ternary-stage-705b8db-20260801-v2/g007-stage-0597ebfb0ffa034b659dfa055b9dd64fd5b1c9f671b7d8c6414257bd81b8ba40,705b8dbb62f52bc98ceb4d0fd3a39405f8e581c0,19968f40e8b337eaedf6299c9485a8cce1bdd571620fa07bb6578449ae1353d8,/home/mchoi/g007-all-planners-ternary-705b8db-d60da24-20260801-v3/planners/DP/cells/056-90ea5970d010/response.json
workers=3|planner=DP|workload=logreg|profile=wan_mid,3,DP,logreg,wan_mid,50.202599396,83.896193637,1,True,False,187f5b05cf30bdc524ab8cdf4200c171e1d4bea85597cf4e876babe5ba834114,historical_campaign,/home/mchoi/g007-all-planners-ternary-705b8db-d60da24-20260801-v3,/home/mchoi/g007-fedall-l2svm-ternary-stage-705b8db-20260801-v2/g007-stage-0597ebfb0ffa034b659dfa055b9dd64fd5b1c9f671b7d8c6414257bd81b8ba40,705b8dbb62f52bc98ceb4d0fd3a39405f8e581c0,19968f40e8b337eaedf6299c9485a8cce1bdd571620fa07bb6578449ae1353d8,/home/mchoi/g007-all-planners-ternary-705b8db-d60da24-20260801-v3/planners/DP/cells/057-a9cf156decab/response.json
workers=3|planner=DP|workload=als|profile=lan,3,DP,als,lan,71.874169573,105.6276591,1,True,False,2ae7b30274a2dc8690f605dadc5cf076aa2912afcd435be3c82debc0e3b50210,historical_campaign,/home/mchoi/g007-all-planners-ternary-705b8db-d60da24-20260801-v3,/home/mchoi/g007-fedall-l2svm-ternary-stage-705b8db-20260801-v2/g007-stage-0597ebfb0ffa034b659dfa055b9dd64fd5b1c9f671b7d8c6414257bd81b8ba40,705b8dbb62f52bc98ceb4d0fd3a39405f8e581c0,19968f40e8b337eaedf6299c9485a8cce1bdd571620fa07bb6578449ae1353d8,/home/mchoi/g007-all-planners-ternary-705b8db-d60da24-20260801-v3/planners/DP/cells/058-ba485b012852/response.json
workers=3|planner=DP|workload=als|profile=wan_light,3,DP,als,wan_light,81.481129275,110.99776511,1,True,False,f19f026b457a3f41ef1f441244cc22f7edb3ae92baedfe1dd769c72b83d4b76d,historical_campaign,/home/mchoi/g007-all-planners-ternary-705b8db-d60da24-20260801-v3,/home/mchoi/g007-fedall-l2svm-ternary-stage-705b8db-20260801-v2/g007-stage-0597ebfb0ffa034b659dfa055b9dd64fd5b1c9f671b7d8c6414257bd81b8ba40,705b8dbb62f52bc98ceb4d0fd3a39405f8e581c0,19968f40e8b337eaedf6299c9485a8cce1bdd571620fa07bb6578449ae1353d8,/home/mchoi/g007-all-planners-ternary-705b8db-d60da24-20260801-v3/planners/DP/cells/059-b3a5af5495f3/response.json
workers=3|planner=DP|workload=als|profile=wan_mid,3,DP,als,wan_mid,106.128846268,139.761256114,1,True,False,267ccce792c6d206aabb8ced9bb01f504bf72adb21786715e7a8b97387d9eb92,historical_campaign,/home/mchoi/g007-all-planners-ternary-705b8db-d60da24-20260801-v3,/home/mchoi/g007-fedall-l2svm-ternary-stage-705b8db-20260801-v2/g007-stage-0597ebfb0ffa034b659dfa055b9dd64fd5b1c9f671b7d8c6414257bd81b8ba40,705b8dbb62f52bc98ceb4d0fd3a39405f8e581c0,19968f40e8b337eaedf6299c9485a8cce1bdd571620fa07bb6578449ae1353d8,/home/mchoi/g007-all-planners-ternary-705b8db-d60da24-20260801-v3/planners/DP/cells/060-da34a2a2444f/response.json
workers=3|planner=DP|workload=steplm|profile=lan,3,DP,steplm,lan,44.458460183,78.231766212,1,True,False,5d437d6d34bdc4536e7791d4fb2be0e20bae13aaaa9f67c5ed1c8f6ad582eda7,historical_campaign,/home/mchoi/g007-all-planners-ternary-705b8db-d60da24-20260801-v3,/home/mchoi/g007-fedall-l2svm-ternary-stage-705b8db-20260801-v2/g007-stage-0597ebfb0ffa034b659dfa055b9dd64fd5b1c9f671b7d8c6414257bd81b8ba40,705b8dbb62f52bc98ceb4d0fd3a39405f8e581c0,19968f40e8b337eaedf6299c9485a8cce1bdd571620fa07bb6578449ae1353d8,/home/mchoi/g007-all-planners-ternary-705b8db-d60da24-20260801-v3/planners/DP/cells/061-ea4945b97c0f/response.json
workers=3|planner=DP|workload=steplm|profile=wan_light,3,DP,steplm,wan_light,42.538910116,76.178221995,1,True,False,4ce8924e1e0a289acd814c41410bd3393bb5fd8b284ad767df180662a8f56b71,historical_campaign,/home/mchoi/g007-all-planners-ternary-705b8db-d60da24-20260801-v3,/home/mchoi/g007-fedall-l2svm-ternary-stage-705b8db-20260801-v2/g007-stage-0597ebfb0ffa034b659dfa055b9dd64fd5b1c9f671b7d8c6414257bd81b8ba40,705b8dbb62f52bc98ceb4d0fd3a39405f8e581c0,19968f40e8b337eaedf6299c9485a8cce1bdd571620fa07bb6578449ae1353d8,/home/mchoi/g007-all-planners-ternary-705b8db-d60da24-20260801-v3/planners/DP/cells/062-2c3c3e80503a/response.json
workers=3|planner=DP|workload=steplm|profile=wan_mid,3,DP,steplm,wan_mid,48.029804196,81.791367805,1,True,False,be557736c1a24044ab78f09d415e957cffc6f154a9d5afd5c47ae828392106b0,historical_campaign,/home/mchoi/g007-all-planners-ternary-705b8db-d60da24-20260801-v3,/home/mchoi/g007-fedall-l2svm-ternary-stage-705b8db-20260801-v2/g007-stage-0597ebfb0ffa034b659dfa055b9dd64fd5b1c9f671b7d8c6414257bd81b8ba40,705b8dbb62f52bc98ceb4d0fd3a39405f8e581c0,19968f40e8b337eaedf6299c9485a8cce1bdd571620fa07bb6578449ae1353d8,/home/mchoi/g007-all-planners-ternary-705b8db-d60da24-20260801-v3/planners/DP/cells/063-f46123542979/response.json
workers=4|planner=DP|workload=kmeans|profile=lan,4,DP,kmeans,lan,172.982882119,201.057725943,1,True,False,7eedefd1ea38232f27da4254d2af3ed4d9bc2ae685536f031695e508c6a5b798,historical_campaign,/home/mchoi/g007-all-planners-ternary-705b8db-d60da24-20260801-v3,/home/mchoi/g007-fedall-l2svm-ternary-stage-705b8db-20260801-v2/g007-stage-0597ebfb0ffa034b659dfa055b9dd64fd5b1c9f671b7d8c6414257bd81b8ba40,705b8dbb62f52bc98ceb4d0fd3a39405f8e581c0,19968f40e8b337eaedf6299c9485a8cce1bdd571620fa07bb6578449ae1353d8,/home/mchoi/g007-all-planners-ternary-705b8db-d60da24-20260801-v3/planners/DP/cells/064-6f55e9cac31f/response.json
workers=4|planner=DP|workload=kmeans|profile=wan_light,4,DP,kmeans,wan_light,201.16836217,229.198375227,1,True,False,aee83b1eef9b997cebc99a8ee35b768e3394d392ea7e4d57b00b44439bb07e07,historical_campaign,/home/mchoi/g007-all-planners-ternary-705b8db-d60da24-20260801-v3,/home/mchoi/g007-fedall-l2svm-ternary-stage-705b8db-20260801-v2/g007-stage-0597ebfb0ffa034b659dfa055b9dd64fd5b1c9f671b7d8c6414257bd81b8ba40,705b8dbb62f52bc98ceb4d0fd3a39405f8e581c0,19968f40e8b337eaedf6299c9485a8cce1bdd571620fa07bb6578449ae1353d8,/home/mchoi/g007-all-planners-ternary-705b8db-d60da24-20260801-v3/planners/DP/cells/065-84d0f05f1419/response.json
workers=4|planner=DP|workload=kmeans|profile=wan_mid,4,DP,kmeans,wan_mid,220.100810705,248.183145112,1,True,False,f77a6288f402b1c3536ac680a022cc3b77cb14ba0b5c68c511e9c582e30e0f91,historical_campaign,/home/mchoi/g007-all-planners-ternary-705b8db-d60da24-20260801-v3,/home/mchoi/g007-fedall-l2svm-ternary-stage-705b8db-20260801-v2/g007-stage-0597ebfb0ffa034b659dfa055b9dd64fd5b1c9f671b7d8c6414257bd81b8ba40,705b8dbb62f52bc98ceb4d0fd3a39405f8e581c0,19968f40e8b337eaedf6299c9485a8cce1bdd571620fa07bb6578449ae1353d8,/home/mchoi/g007-all-planners-ternary-705b8db-d60da24-20260801-v3/planners/DP/cells/066-4ccc3b7aa065/response.json
workers=4|planner=DP|workload=pca|profile=lan,4,DP,pca,lan,101.829800064,133.852543237,1,True,False,48014de127db2320b501b4af4c9f3b61d89a7881ed79984cbd2e6c331b9958a5,historical_campaign,/home/mchoi/g007-all-planners-ternary-705b8db-d60da24-20260801-v3,/home/mchoi/g007-fedall-l2svm-ternary-stage-705b8db-20260801-v2/g007-stage-0597ebfb0ffa034b659dfa055b9dd64fd5b1c9f671b7d8c6414257bd81b8ba40,705b8dbb62f52bc98ceb4d0fd3a39405f8e581c0,19968f40e8b337eaedf6299c9485a8cce1bdd571620fa07bb6578449ae1353d8,/home/mchoi/g007-all-planners-ternary-705b8db-d60da24-20260801-v3/planners/DP/cells/067-2208e5356221/response.json
workers=4|planner=DP|workload=pca|profile=wan_light,4,DP,pca,wan_light,83.902811107,124.173608207,1,True,False,a0d9b716f242a9a9c3db09c730fc1ddd42bb51d1703a1a846fbd30b62eb15296,historical_campaign,/home/mchoi/g007-all-planners-ternary-705b8db-d60da24-20260801-v3,/home/mchoi/g007-fedall-l2svm-ternary-stage-705b8db-20260801-v2/g007-stage-0597ebfb0ffa034b659dfa055b9dd64fd5b1c9f671b7d8c6414257bd81b8ba40,705b8dbb62f52bc98ceb4d0fd3a39405f8e581c0,19968f40e8b337eaedf6299c9485a8cce1bdd571620fa07bb6578449ae1353d8,/home/mchoi/g007-all-planners-ternary-705b8db-d60da24-20260801-v3/planners/DP/cells/068-0ad4d21632ce/response.json
workers=4|planner=DP|workload=pca|profile=wan_mid,4,DP,pca,wan_mid,96.629211735,136.686361768,1,True,False,35c8f42858fd14fa9b533ab1059bfa2c9f2a2ef64d25cce1b11f3897c0b2509e,historical_campaign,/home/mchoi/g007-all-planners-ternary-705b8db-d60da24-20260801-v3,/home/mchoi/g007-fedall-l2svm-ternary-stage-705b8db-20260801-v2/g007-stage-0597ebfb0ffa034b659dfa055b9dd64fd5b1c9f671b7d8c6414257bd81b8ba40,705b8dbb62f52bc98ceb4d0fd3a39405f8e581c0,19968f40e8b337eaedf6299c9485a8cce1bdd571620fa07bb6578449ae1353d8,/home/mchoi/g007-all-planners-ternary-705b8db-d60da24-20260801-v3/planners/DP/cells/069-06fbdf62bfe2/response.json
workers=4|planner=DP|workload=lm|profile=lan,4,DP,lm,lan,37.293096317,73.521788815,1,True,False,a0749f13fb3f2d35d32ed447fdbd3279a60cd2c2d59e8cf27142bc0710092a61,historical_campaign,/home/mchoi/g007-all-planners-ternary-705b8db-d60da24-20260801-v3,/home/mchoi/g007-fedall-l2svm-ternary-stage-705b8db-20260801-v2/g007-stage-0597ebfb0ffa034b659dfa055b9dd64fd5b1c9f671b7d8c6414257bd81b8ba40,705b8dbb62f52bc98ceb4d0fd3a39405f8e581c0,19968f40e8b337eaedf6299c9485a8cce1bdd571620fa07bb6578449ae1353d8,/home/mchoi/g007-all-planners-ternary-705b8db-d60da24-20260801-v3/planners/DP/cells/070-5ce9548b0830/response.json
workers=4|planner=DP|workload=lm|profile=wan_light,4,DP,lm,wan_light,38.950566353,79.211973861,1,True,False,d4fb3155743deadfa2e0b4a36f4a96c4fcab23d64fde149e11ab74bd709087d6,historical_campaign,/home/mchoi/g007-all-planners-ternary-705b8db-d60da24-20260801-v3,/home/mchoi/g007-fedall-l2svm-ternary-stage-705b8db-20260801-v2/g007-stage-0597ebfb0ffa034b659dfa055b9dd64fd5b1c9f671b7d8c6414257bd81b8ba40,705b8dbb62f52bc98ceb4d0fd3a39405f8e581c0,19968f40e8b337eaedf6299c9485a8cce1bdd571620fa07bb6578449ae1353d8,/home/mchoi/g007-all-planners-ternary-705b8db-d60da24-20260801-v3/planners/DP/cells/071-af5154d5f1cb/response.json
workers=4|planner=DP|workload=lm|profile=wan_mid,4,DP,lm,wan_mid,49.146594691,89.240738397,1,True,False,b1921a265d2b4ccae54cb09324d909877177d240a488b6596966be49ebb57ced,historical_campaign,/home/mchoi/g007-all-planners-ternary-705b8db-d60da24-20260801-v3,/home/mchoi/g007-fedall-l2svm-ternary-stage-705b8db-20260801-v2/g007-stage-0597ebfb0ffa034b659dfa055b9dd64fd5b1c9f671b7d8c6414257bd81b8ba40,705b8dbb62f52bc98ceb4d0fd3a39405f8e581c0,19968f40e8b337eaedf6299c9485a8cce1bdd571620fa07bb6578449ae1353d8,/home/mchoi/g007-all-planners-ternary-705b8db-d60da24-20260801-v3/planners/DP/cells/072-04822cad1bb0/response.json
workers=4|planner=DP|workload=l2svm|profile=lan,4,DP,l2svm,lan,46.937568682,87.178187857,1,True,False,b65c7dc704e5205b5142cad3b740d2d992747aa60f6b88a9df1dc7e25051eca1,historical_campaign,/home/mchoi/g007-all-planners-ternary-705b8db-d60da24-20260801-v3,/home/mchoi/g007-fedall-l2svm-ternary-stage-705b8db-20260801-v2/g007-stage-0597ebfb0ffa034b659dfa055b9dd64fd5b1c9f671b7d8c6414257bd81b8ba40,705b8dbb62f52bc98ceb4d0fd3a39405f8e581c0,19968f40e8b337eaedf6299c9485a8cce1bdd571620fa07bb6578449ae1353d8,/home/mchoi/g007-all-planners-ternary-705b8db-d60da24-20260801-v3/planners/DP/cells/073-1d81500920de/response.json
workers=4|planner=DP|workload=l2svm|profile=wan_light,4,DP,l2svm,wan_light,37.309668636,69.374442744,1,True,False,367600cc8d79c5db5e0b75bc11e8d26401167b1e7cc958330cf0a694427da447,historical_campaign,/home/mchoi/g007-all-planners-ternary-705b8db-d60da24-20260801-v3,/home/mchoi/g007-fedall-l2svm-ternary-stage-705b8db-20260801-v2/g007-stage-0597ebfb0ffa034b659dfa055b9dd64fd5b1c9f671b7d8c6414257bd81b8ba40,705b8dbb62f52bc98ceb4d0fd3a39405f8e581c0,19968f40e8b337eaedf6299c9485a8cce1bdd571620fa07bb6578449ae1353d8,/home/mchoi/g007-all-planners-ternary-705b8db-d60da24-20260801-v3/planners/DP/cells/074-7fa6e5830a88/response.json
workers=4|planner=DP|workload=l2svm|profile=wan_mid,4,DP,l2svm,wan_mid,53.747681098,89.92423344,1,True,False,fe76014fbfce6a49a98cfe33f3bd1c07d33a54bf1c88028683d76aa74b2c0847,historical_campaign,/home/mchoi/g007-all-planners-ternary-705b8db-d60da24-20260801-v3,/home/mchoi/g007-fedall-l2svm-ternary-stage-705b8db-20260801-v2/g007-stage-0597ebfb0ffa034b659dfa055b9dd64fd5b1c9f671b7d8c6414257bd81b8ba40,705b8dbb62f52bc98ceb4d0fd3a39405f8e581c0,19968f40e8b337eaedf6299c9485a8cce1bdd571620fa07bb6578449ae1353d8,/home/mchoi/g007-all-planners-ternary-705b8db-d60da24-20260801-v3/planners/DP/cells/075-8b66a13a1f70/response.json
workers=4|planner=DP|workload=logreg|profile=lan,4,DP,logreg,lan,39.304697276,75.307087991,1,True,False,c814b9740dd998516b63fa198fc273e53400b63e33e99809607b78f2fa73cd62,historical_campaign,/home/mchoi/g007-all-planners-ternary-705b8db-d60da24-20260801-v3,/home/mchoi/g007-fedall-l2svm-ternary-stage-705b8db-20260801-v2/g007-stage-0597ebfb0ffa034b659dfa055b9dd64fd5b1c9f671b7d8c6414257bd81b8ba40,705b8dbb62f52bc98ceb4d0fd3a39405f8e581c0,19968f40e8b337eaedf6299c9485a8cce1bdd571620fa07bb6578449ae1353d8,/home/mchoi/g007-all-planners-ternary-705b8db-d60da24-20260801-v3/planners/DP/cells/076-db6d9cd3b215/response.json
workers=4|planner=DP|workload=logreg|profile=wan_light,4,DP,logreg,wan_light,44.110624983,84.218611638,1,True,False,fb80c1d4bcf396bc2c162c04aab927fd4b8d73359403b668cbaf882210425da0,historical_campaign,/home/mchoi/g007-all-planners-ternary-705b8db-d60da24-20260801-v3,/home/mchoi/g007-fedall-l2svm-ternary-stage-705b8db-20260801-v2/g007-stage-0597ebfb0ffa034b659dfa055b9dd64fd5b1c9f671b7d8c6414257bd81b8ba40,705b8dbb62f52bc98ceb4d0fd3a39405f8e581c0,19968f40e8b337eaedf6299c9485a8cce1bdd571620fa07bb6578449ae1353d8,/home/mchoi/g007-all-planners-ternary-705b8db-d60da24-20260801-v3/planners/DP/cells/077-f0416edecc5c/response.json
workers=4|planner=DP|workload=logreg|profile=wan_mid,4,DP,logreg,wan_mid,47.214588557,87.290328746,1,True,False,1a3614900e5969b2265e9524602e6003ca9c67d8ccb9f0e210ac9bd2abdc43dc,historical_campaign,/home/mchoi/g007-all-planners-ternary-705b8db-d60da24-20260801-v3,/home/mchoi/g007-fedall-l2svm-ternary-stage-705b8db-20260801-v2/g007-stage-0597ebfb0ffa034b659dfa055b9dd64fd5b1c9f671b7d8c6414257bd81b8ba40,705b8dbb62f52bc98ceb4d0fd3a39405f8e581c0,19968f40e8b337eaedf6299c9485a8cce1bdd571620fa07bb6578449ae1353d8,/home/mchoi/g007-all-planners-ternary-705b8db-d60da24-20260801-v3/planners/DP/cells/078-57a026860bba/response.json
workers=4|planner=DP|workload=als|profile=lan,4,DP,als,lan,68.988267635,109.131157183,1,True,False,798f1c194a32c82b4a48fc969d9fe644c77e0943e1465db3fa789038ed5c67e6,historical_campaign,/home/mchoi/g007-all-planners-ternary-705b8db-d60da24-20260801-v3,/home/mchoi/g007-fedall-l2svm-ternary-stage-705b8db-20260801-v2/g007-stage-0597ebfb0ffa034b659dfa055b9dd64fd5b1c9f671b7d8c6414257bd81b8ba40,705b8dbb62f52bc98ceb4d0fd3a39405f8e581c0,19968f40e8b337eaedf6299c9485a8cce1bdd571620fa07bb6578449ae1353d8,/home/mchoi/g007-all-planners-ternary-705b8db-d60da24-20260801-v3/planners/DP/cells/079-995e761abae2/response.json
workers=4|planner=DP|workload=als|profile=wan_light,4,DP,als,wan_light,82.281644742,118.453618556,1,True,False,648d876bb5a3b62f219bb3e25ed17c47108af0e7b3173c4503318136cf705474,historical_campaign,/home/mchoi/g007-all-planners-ternary-705b8db-d60da24-20260801-v3,/home/mchoi/g007-fedall-l2svm-ternary-stage-705b8db-20260801-v2/g007-stage-0597ebfb0ffa034b659dfa055b9dd64fd5b1c9f671b7d8c6414257bd81b8ba40,705b8dbb62f52bc98ceb4d0fd3a39405f8e581c0,19968f40e8b337eaedf6299c9485a8cce1bdd571620fa07bb6578449ae1353d8,/home/mchoi/g007-all-planners-ternary-705b8db-d60da24-20260801-v3/planners/DP/cells/080-2b971953d186/response.json
workers=4|planner=DP|workload=als|profile=wan_mid,4,DP,als,wan_mid,99.608387122,139.626644917,1,True,False,6ac1f68911224e5f09c63ca6f57241a53f0fcec17afa1247fe9daaab64b57ca8,historical_campaign,/home/mchoi/g007-all-planners-ternary-705b8db-d60da24-20260801-v3,/home/mchoi/g007-fedall-l2svm-ternary-stage-705b8db-20260801-v2/g007-stage-0597ebfb0ffa034b659dfa055b9dd64fd5b1c9f671b7d8c6414257bd81b8ba40,705b8dbb62f52bc98ceb4d0fd3a39405f8e581c0,19968f40e8b337eaedf6299c9485a8cce1bdd571620fa07bb6578449ae1353d8,/home/mchoi/g007-all-planners-ternary-705b8db-d60da24-20260801-v3/planners/DP/cells/081-030b9a8861f9/response.json
workers=4|planner=DP|workload=steplm|profile=lan,4,DP,steplm,lan,38.872866466,79.086041043,1,True,False,84d0d5dc63fb9426e381a6b12c754f4d74af76b46e54e5cd1a6fe86c1517d9ff,historical_campaign,/home/mchoi/g007-all-planners-ternary-705b8db-d60da24-20260801-v3,/home/mchoi/g007-fedall-l2svm-ternary-stage-705b8db-20260801-v2/g007-stage-0597ebfb0ffa034b659dfa055b9dd64fd5b1c9f671b7d8c6414257bd81b8ba40,705b8dbb62f52bc98ceb4d0fd3a39405f8e581c0,19968f40e8b337eaedf6299c9485a8cce1bdd571620fa07bb6578449ae1353d8,/home/mchoi/g007-all-planners-ternary-705b8db-d60da24-20260801-v3/planners/DP/cells/082-54d897cbd418/response.json
workers=4|planner=DP|workload=steplm|profile=wan_light,4,DP,steplm,wan_light,38.571683458,74.722082519,1,True,False,2b6c215d00a50d1c29d0873d176103a3c6b502aeab4ce5e5f870097bc0a99ed8,historical_campaign,/home/mchoi/g007-all-planners-ternary-705b8db-d60da24-20260801-v3,/home/mchoi/g007-fedall-l2svm-ternary-stage-705b8db-20260801-v2/g007-stage-0597ebfb0ffa034b659dfa055b9dd64fd5b1c9f671b7d8c6414257bd81b8ba40,705b8dbb62f52bc98ceb4d0fd3a39405f8e581c0,19968f40e8b337eaedf6299c9485a8cce1bdd571620fa07bb6578449ae1353d8,/home/mchoi/g007-all-planners-ternary-705b8db-d60da24-20260801-v3/planners/DP/cells/083-298d125e3a75/response.json
workers=4|planner=DP|workload=steplm|profile=wan_mid,4,DP,steplm,wan_mid,45.574391229,81.69909392,1,True,False,c60fcbdd03b09dab48af55b44b07c71381d35147033b686791c2c768815aaa5b,historical_campaign,/home/mchoi/g007-all-planners-ternary-705b8db-d60da24-20260801-v3,/home/mchoi/g007-fedall-l2svm-ternary-stage-705b8db-20260801-v2/g007-stage-0597ebfb0ffa034b659dfa055b9dd64fd5b1c9f671b7d8c6414257bd81b8ba40,705b8dbb62f52bc98ceb4d0fd3a39405f8e581c0,19968f40e8b337eaedf6299c9485a8cce1bdd571620fa07bb6578449ae1353d8,/home/mchoi/g007-all-planners-ternary-705b8db-d60da24-20260801-v3/planners/DP/cells/084-bc6fb9e14d29/response.json
workers=1|planner=FedAll|workload=kmeans|profile=lan,1,FedAll,kmeans,lan,58.38559009,79.037053219,1,True,False,2b9baa7e420c517e23b41cfcdfa8e766d6de67dd73cb60e631221324d54c52fe,historical_campaign,/home/mchoi/g007-all-planners-ternary-705b8db-d60da24-20260801-v3,/home/mchoi/g007-fedall-l2svm-ternary-stage-705b8db-20260801-v2/g007-stage-0597ebfb0ffa034b659dfa055b9dd64fd5b1c9f671b7d8c6414257bd81b8ba40,705b8dbb62f52bc98ceb4d0fd3a39405f8e581c0,19968f40e8b337eaedf6299c9485a8cce1bdd571620fa07bb6578449ae1353d8,/home/mchoi/g007-all-planners-ternary-705b8db-d60da24-20260801-v3/planners/FedAll/cells/001-4ca6f7687f8b/response.json
workers=1|planner=FedAll|workload=kmeans|profile=wan_light,1,FedAll,kmeans,wan_light,72.206953647,92.773812054,1,True,False,0f7a92026ccb85ae61796138b51233bc498b2f9c8e3078111b91c48db740c764,historical_campaign,/home/mchoi/g007-all-planners-ternary-705b8db-d60da24-20260801-v3,/home/mchoi/g007-fedall-l2svm-ternary-stage-705b8db-20260801-v2/g007-stage-0597ebfb0ffa034b659dfa055b9dd64fd5b1c9f671b7d8c6414257bd81b8ba40,705b8dbb62f52bc98ceb4d0fd3a39405f8e581c0,19968f40e8b337eaedf6299c9485a8cce1bdd571620fa07bb6578449ae1353d8,/home/mchoi/g007-all-planners-ternary-705b8db-d60da24-20260801-v3/planners/FedAll/cells/002-3754a8cea1b8/response.json
workers=1|planner=FedAll|workload=kmeans|profile=wan_mid,1,FedAll,kmeans,wan_mid,133.070669445,153.602283418,1,True,False,cba7725caa039f042c720216b7f3e26665009ec964eb4b7c53a9a36403e46fc5,historical_campaign,/home/mchoi/g007-all-planners-ternary-705b8db-d60da24-20260801-v3,/home/mchoi/g007-fedall-l2svm-ternary-stage-705b8db-20260801-v2/g007-stage-0597ebfb0ffa034b659dfa055b9dd64fd5b1c9f671b7d8c6414257bd81b8ba40,705b8dbb62f52bc98ceb4d0fd3a39405f8e581c0,19968f40e8b337eaedf6299c9485a8cce1bdd571620fa07bb6578449ae1353d8,/home/mchoi/g007-all-planners-ternary-705b8db-d60da24-20260801-v3/planners/FedAll/cells/003-a9bde9aa7277/response.json
workers=1|planner=FedAll|workload=pca|profile=lan,1,FedAll,pca,lan,81.122285767,101.647153338,1,True,False,e4155b1b955e16998668dc84558190c51b4ffe7a5e9dddbc7525ad430af71d75,historical_campaign,/home/mchoi/g007-all-planners-ternary-705b8db-d60da24-20260801-v3,/home/mchoi/g007-fedall-l2svm-ternary-stage-705b8db-20260801-v2/g007-stage-0597ebfb0ffa034b659dfa055b9dd64fd5b1c9f671b7d8c6414257bd81b8ba40,705b8dbb62f52bc98ceb4d0fd3a39405f8e581c0,19968f40e8b337eaedf6299c9485a8cce1bdd571620fa07bb6578449ae1353d8,/home/mchoi/g007-all-planners-ternary-705b8db-d60da24-20260801-v3/planners/FedAll/cells/004-12dd153ec164/response.json
workers=1|planner=FedAll|workload=pca|profile=wan_light,1,FedAll,pca,wan_light,77.282168727,97.844286056,1,True,False,6de50ee77d5f5071a30b8886a151dd04191ced920093996b4df7de24a6cd7948,historical_campaign,/home/mchoi/g007-all-planners-ternary-705b8db-d60da24-20260801-v3,/home/mchoi/g007-fedall-l2svm-ternary-stage-705b8db-20260801-v2/g007-stage-0597ebfb0ffa034b659dfa055b9dd64fd5b1c9f671b7d8c6414257bd81b8ba40,705b8dbb62f52bc98ceb4d0fd3a39405f8e581c0,19968f40e8b337eaedf6299c9485a8cce1bdd571620fa07bb6578449ae1353d8,/home/mchoi/g007-all-planners-ternary-705b8db-d60da24-20260801-v3/planners/FedAll/cells/005-662c0d8b163e/response.json
workers=1|planner=FedAll|workload=pca|profile=wan_mid,1,FedAll,pca,wan_mid,87.924027269,108.502055657,1,True,False,1d9d7386ff1309f403bb6dabd9cbe4113ad4389c7f890efa806020fc5dd1ed6d,historical_campaign,/home/mchoi/g007-all-planners-ternary-705b8db-d60da24-20260801-v3,/home/mchoi/g007-fedall-l2svm-ternary-stage-705b8db-20260801-v2/g007-stage-0597ebfb0ffa034b659dfa055b9dd64fd5b1c9f671b7d8c6414257bd81b8ba40,705b8dbb62f52bc98ceb4d0fd3a39405f8e581c0,19968f40e8b337eaedf6299c9485a8cce1bdd571620fa07bb6578449ae1353d8,/home/mchoi/g007-all-planners-ternary-705b8db-d60da24-20260801-v3/planners/FedAll/cells/006-50630d26fbfc/response.json
workers=1|planner=FedAll|workload=lm|profile=lan,1,FedAll,lm,lan,144.490683735,165.047813256,1,True,False,fc8cfd7762f07bc40d746e2151e30a555c0298742a27854f049888b8aa8bab08,historical_campaign,/home/mchoi/g007-all-planners-ternary-705b8db-d60da24-20260801-v3,/home/mchoi/g007-fedall-l2svm-ternary-stage-705b8db-20260801-v2/g007-stage-0597ebfb0ffa034b659dfa055b9dd64fd5b1c9f671b7d8c6414257bd81b8ba40,705b8dbb62f52bc98ceb4d0fd3a39405f8e581c0,19968f40e8b337eaedf6299c9485a8cce1bdd571620fa07bb6578449ae1353d8,/home/mchoi/g007-all-planners-ternary-705b8db-d60da24-20260801-v3/planners/FedAll/cells/007-e55984cee40c/response.json
workers=1|planner=FedAll|workload=lm|profile=wan_light,1,FedAll,lm,wan_light,136.233742385,156.848633735,1,True,False,d92d2e93a1040c348a12b9bd91dbb3100c6b309460bfd88396a089bdef636138,historical_campaign,/home/mchoi/g007-all-planners-ternary-705b8db-d60da24-20260801-v3,/home/mchoi/g007-fedall-l2svm-ternary-stage-705b8db-20260801-v2/g007-stage-0597ebfb0ffa034b659dfa055b9dd64fd5b1c9f671b7d8c6414257bd81b8ba40,705b8dbb62f52bc98ceb4d0fd3a39405f8e581c0,19968f40e8b337eaedf6299c9485a8cce1bdd571620fa07bb6578449ae1353d8,/home/mchoi/g007-all-planners-ternary-705b8db-d60da24-20260801-v3/planners/FedAll/cells/008-03707bb93f1d/response.json
workers=1|planner=FedAll|workload=lm|profile=wan_mid,1,FedAll,lm,wan_mid,163.048562156,183.63530547,1,True,False,e7339872744f41b005beed57f6a3770f5d78e4d82a6a706a8ef8aafab26cd83d,historical_campaign,/home/mchoi/g007-all-planners-ternary-705b8db-d60da24-20260801-v3,/home/mchoi/g007-fedall-l2svm-ternary-stage-705b8db-20260801-v2/g007-stage-0597ebfb0ffa034b659dfa055b9dd64fd5b1c9f671b7d8c6414257bd81b8ba40,705b8dbb62f52bc98ceb4d0fd3a39405f8e581c0,19968f40e8b337eaedf6299c9485a8cce1bdd571620fa07bb6578449ae1353d8,/home/mchoi/g007-all-planners-ternary-705b8db-d60da24-20260801-v3/planners/FedAll/cells/009-3f14a45e1bf2/response.json
workers=1|planner=FedAll|workload=l2svm|profile=lan,1,FedAll,l2svm,lan,31.32598828,51.963893108,1,True,False,a81beea3b23382176d46dee92ebfe6818e54ba60bcc606716b0120fb9fd21211,historical_campaign,/home/mchoi/g007-all-planners-ternary-705b8db-d60da24-20260801-v3,/home/mchoi/g007-fedall-l2svm-ternary-stage-705b8db-20260801-v2/g007-stage-0597ebfb0ffa034b659dfa055b9dd64fd5b1c9f671b7d8c6414257bd81b8ba40,705b8dbb62f52bc98ceb4d0fd3a39405f8e581c0,19968f40e8b337eaedf6299c9485a8cce1bdd571620fa07bb6578449ae1353d8,/home/mchoi/g007-all-planners-ternary-705b8db-d60da24-20260801-v3/planners/FedAll/cells/010-961399c77827/response.json
workers=1|planner=FedAll|workload=l2svm|profile=wan_light,1,FedAll,l2svm,wan_light,75.311614415,95.874427493,1,True,False,b62466a5ca5bae37626850693ba88de259b07a5394d263240ddac70f6c02c269,historical_campaign,/home/mchoi/g007-all-planners-ternary-705b8db-d60da24-20260801-v3,/home/mchoi/g007-fedall-l2svm-ternary-stage-705b8db-20260801-v2/g007-stage-0597ebfb0ffa034b659dfa055b9dd64fd5b1c9f671b7d8c6414257bd81b8ba40,705b8dbb62f52bc98ceb4d0fd3a39405f8e581c0,19968f40e8b337eaedf6299c9485a8cce1bdd571620fa07bb6578449ae1353d8,/home/mchoi/g007-all-planners-ternary-705b8db-d60da24-20260801-v3/planners/FedAll/cells/011-b1e5e6cb9802/response.json
workers=1|planner=FedAll|workload=l2svm|profile=wan_mid,1,FedAll,l2svm,wan_mid,211.095322419,231.753597342,1,True,False,38032187fd88112d15f46d36f175629eef96828723413708753b4de7d7a54402,historical_continuation,/home/mchoi/g007-all-planners-ternary-705b8db-d60da24-20260801-v6,/home/mchoi/g007-fedall-l2svm-ternary-stage-705b8db-20260801-v2/g007-stage-0597ebfb0ffa034b659dfa055b9dd64fd5b1c9f671b7d8c6414257bd81b8ba40,705b8dbb62f52bc98ceb4d0fd3a39405f8e581c0,19968f40e8b337eaedf6299c9485a8cce1bdd571620fa07bb6578449ae1353d8,/home/mchoi/g007-all-planners-ternary-705b8db-d60da24-20260801-v6/planners/FedAll/cells/012-b572d6ea5fc3/response.json
workers=1|planner=FedAll|workload=logreg|profile=lan,1,FedAll,logreg,lan,30.609259095,51.075233761,1,True,False,b7f77a1362ca7f462c91cc57139a5105521c3c12a68a8abcf24a28a3cd7c8407,historical_continuation,/home/mchoi/g007-all-planners-ternary-705b8db-d60da24-20260801-v6,/home/mchoi/g007-fedall-l2svm-ternary-stage-705b8db-20260801-v2/g007-stage-0597ebfb0ffa034b659dfa055b9dd64fd5b1c9f671b7d8c6414257bd81b8ba40,705b8dbb62f52bc98ceb4d0fd3a39405f8e581c0,19968f40e8b337eaedf6299c9485a8cce1bdd571620fa07bb6578449ae1353d8,/home/mchoi/g007-all-planners-ternary-705b8db-d60da24-20260801-v6/planners/FedAll/cells/013-540e66a993b3/response.json
workers=1|planner=FedAll|workload=logreg|profile=wan_light,1,FedAll,logreg,wan_light,48.591015651,69.155981505,1,True,False,c449d59590a06ed5651f0e8c3a79a4564e1e8e897d99e7b8e7906463e999f9a2,historical_continuation,/home/mchoi/g007-all-planners-ternary-705b8db-d60da24-20260801-v6,/home/mchoi/g007-fedall-l2svm-ternary-stage-705b8db-20260801-v2/g007-stage-0597ebfb0ffa034b659dfa055b9dd64fd5b1c9f671b7d8c6414257bd81b8ba40,705b8dbb62f52bc98ceb4d0fd3a39405f8e581c0,19968f40e8b337eaedf6299c9485a8cce1bdd571620fa07bb6578449ae1353d8,/home/mchoi/g007-all-planners-ternary-705b8db-d60da24-20260801-v6/planners/FedAll/cells/014-6a95be49c473/response.json
workers=1|planner=FedAll|workload=logreg|profile=wan_mid,1,FedAll,logreg,wan_mid,103.817552286,124.352466889,1,True,False,4bdea7e76d8cd2bbe85c3eb0c622ab111aa990f4571f0771405ea92111dfa01b,historical_continuation,/home/mchoi/g007-all-planners-ternary-705b8db-d60da24-20260801-v6,/home/mchoi/g007-fedall-l2svm-ternary-stage-705b8db-20260801-v2/g007-stage-0597ebfb0ffa034b659dfa055b9dd64fd5b1c9f671b7d8c6414257bd81b8ba40,705b8dbb62f52bc98ceb4d0fd3a39405f8e581c0,19968f40e8b337eaedf6299c9485a8cce1bdd571620fa07bb6578449ae1353d8,/home/mchoi/g007-all-planners-ternary-705b8db-d60da24-20260801-v6/planners/FedAll/cells/015-9735515cee87/response.json
workers=1|planner=FedAll|workload=als|profile=lan,1,FedAll,als,lan,172.016925775,192.540777412,1,True,False,76702a22a0c0e4870c9c656cf993c4e38d63655ff0394133f50a5e4201760b33,historical_continuation,/home/mchoi/g007-all-planners-ternary-705b8db-d60da24-20260801-v6,/home/mchoi/g007-fedall-l2svm-ternary-stage-705b8db-20260801-v2/g007-stage-0597ebfb0ffa034b659dfa055b9dd64fd5b1c9f671b7d8c6414257bd81b8ba40,705b8dbb62f52bc98ceb4d0fd3a39405f8e581c0,19968f40e8b337eaedf6299c9485a8cce1bdd571620fa07bb6578449ae1353d8,/home/mchoi/g007-all-planners-ternary-705b8db-d60da24-20260801-v6/planners/FedAll/cells/016-ce37fc646ad4/response.json
workers=1|planner=FedAll|workload=als|profile=wan_light,1,FedAll,als,wan_light,177.241407189,197.882724217,1,True,False,b3e0c1246960a567460d9be2ded4f036b9415ddeeb56d4d7ce2c08f54fda73cb,historical_continuation,/home/mchoi/g007-all-planners-ternary-705b8db-d60da24-20260801-v6,/home/mchoi/g007-fedall-l2svm-ternary-stage-705b8db-20260801-v2/g007-stage-0597ebfb0ffa034b659dfa055b9dd64fd5b1c9f671b7d8c6414257bd81b8ba40,705b8dbb62f52bc98ceb4d0fd3a39405f8e581c0,19968f40e8b337eaedf6299c9485a8cce1bdd571620fa07bb6578449ae1353d8,/home/mchoi/g007-all-planners-ternary-705b8db-d60da24-20260801-v6/planners/FedAll/cells/017-3290e710cd41/response.json
workers=1|planner=FedAll|workload=als|profile=wan_mid,1,FedAll,als,wan_mid,194.385786047,214.901041906,1,True,False,5600ed2c162c9c010b61a58820f5b52f3c25c1085e5273c52a58f5c0243ad597,historical_continuation,/home/mchoi/g007-all-planners-ternary-705b8db-d60da24-20260801-v6,/home/mchoi/g007-fedall-l2svm-ternary-stage-705b8db-20260801-v2/g007-stage-0597ebfb0ffa034b659dfa055b9dd64fd5b1c9f671b7d8c6414257bd81b8ba40,705b8dbb62f52bc98ceb4d0fd3a39405f8e581c0,19968f40e8b337eaedf6299c9485a8cce1bdd571620fa07bb6578449ae1353d8,/home/mchoi/g007-all-planners-ternary-705b8db-d60da24-20260801-v6/planners/FedAll/cells/018-cffeee290cf5/response.json
workers=1|planner=FedAll|workload=steplm|profile=lan,1,FedAll,steplm,lan,54.785848692,75.35763878,1,True,False,0c7461294a2e7686b8464d852e13bde1c9a5270be926a00ef2dc0ac8323582d6,historical_continuation,/home/mchoi/g007-all-planners-ternary-705b8db-d60da24-20260801-v6,/home/mchoi/g007-fedall-l2svm-ternary-stage-705b8db-20260801-v2/g007-stage-0597ebfb0ffa034b659dfa055b9dd64fd5b1c9f671b7d8c6414257bd81b8ba40,705b8dbb62f52bc98ceb4d0fd3a39405f8e581c0,19968f40e8b337eaedf6299c9485a8cce1bdd571620fa07bb6578449ae1353d8,/home/mchoi/g007-all-planners-ternary-705b8db-d60da24-20260801-v6/planners/FedAll/cells/019-1bdf672e0374/response.json
workers=1|planner=FedAll|workload=steplm|profile=wan_light,1,FedAll,steplm,wan_light,346.933351224,367.432063514,1,True,False,e40bd4fb8f0a8b95f2434d903a6270bc2c0515c1ca19fa49d7c7839adf78993d,historical_continuation,/home/mchoi/g007-all-planners-ternary-705b8db-d60da24-20260801-v6,/home/mchoi/g007-fedall-l2svm-ternary-stage-705b8db-20260801-v2/g007-stage-0597ebfb0ffa034b659dfa055b9dd64fd5b1c9f671b7d8c6414257bd81b8ba40,705b8dbb62f52bc98ceb4d0fd3a39405f8e581c0,19968f40e8b337eaedf6299c9485a8cce1bdd571620fa07bb6578449ae1353d8,/home/mchoi/g007-all-planners-ternary-705b8db-d60da24-20260801-v6/planners/FedAll/cells/020-199284a6648e/response.json
workers=1|planner=FedAll|workload=steplm|profile=wan_mid,1,FedAll,steplm,wan_mid,1257.739908168,1278.303716148,1,True,False,aa2f34143cf03306f2a3e92c4c08605aad793249436743ea7ff9500a7f7b3492,historical_continuation,/home/mchoi/g007-all-planners-ternary-705b8db-d60da24-20260801-v6,/home/mchoi/g007-fedall-l2svm-ternary-stage-705b8db-20260801-v2/g007-stage-0597ebfb0ffa034b659dfa055b9dd64fd5b1c9f671b7d8c6414257bd81b8ba40,705b8dbb62f52bc98ceb4d0fd3a39405f8e581c0,19968f40e8b337eaedf6299c9485a8cce1bdd571620fa07bb6578449ae1353d8,/home/mchoi/g007-all-planners-ternary-705b8db-d60da24-20260801-v6/planners/FedAll/cells/021-1f9437ab7196/response.json
workers=2|planner=FedAll|workload=kmeans|profile=lan,2,FedAll,kmeans,lan,46.41548711,73.800168106,1,True,False,a6166006d5e117337a7ab807238237cfcb5017541386e7b9eaa98c3da38b7033,historical_continuation,/home/mchoi/g007-all-planners-ternary-705b8db-d60da24-20260801-v6,/home/mchoi/g007-fedall-l2svm-ternary-stage-705b8db-20260801-v2/g007-stage-0597ebfb0ffa034b659dfa055b9dd64fd5b1c9f671b7d8c6414257bd81b8ba40,705b8dbb62f52bc98ceb4d0fd3a39405f8e581c0,19968f40e8b337eaedf6299c9485a8cce1bdd571620fa07bb6578449ae1353d8,/home/mchoi/g007-all-planners-ternary-705b8db-d60da24-20260801-v6/planners/FedAll/cells/022-664ab033fd07/response.json
workers=2|planner=FedAll|workload=kmeans|profile=wan_light,2,FedAll,kmeans,wan_light,62.147469644,89.354141469,1,True,False,d1668761f30b4c0b51f6d4f0b4c2e9e02aa8b2c5a335a54268aa89a5d3700824,historical_continuation,/home/mchoi/g007-all-planners-ternary-705b8db-d60da24-20260801-v6,/home/mchoi/g007-fedall-l2svm-ternary-stage-705b8db-20260801-v2/g007-stage-0597ebfb0ffa034b659dfa055b9dd64fd5b1c9f671b7d8c6414257bd81b8ba40,705b8dbb62f52bc98ceb4d0fd3a39405f8e581c0,19968f40e8b337eaedf6299c9485a8cce1bdd571620fa07bb6578449ae1353d8,/home/mchoi/g007-all-planners-ternary-705b8db-d60da24-20260801-v6/planners/FedAll/cells/023-10e911bd8c36/response.json
workers=2|planner=FedAll|workload=kmeans|profile=wan_mid,2,FedAll,kmeans,wan_mid,101.336373553,128.624095626,1,True,False,4c4427ca2b4a9a877cdb9c2e8e9b22162172090299d7099418609d3f0bd991d3,historical_continuation,/home/mchoi/g007-all-planners-ternary-705b8db-d60da24-20260801-v6,/home/mchoi/g007-fedall-l2svm-ternary-stage-705b8db-20260801-v2/g007-stage-0597ebfb0ffa034b659dfa055b9dd64fd5b1c9f671b7d8c6414257bd81b8ba40,705b8dbb62f52bc98ceb4d0fd3a39405f8e581c0,19968f40e8b337eaedf6299c9485a8cce1bdd571620fa07bb6578449ae1353d8,/home/mchoi/g007-all-planners-ternary-705b8db-d60da24-20260801-v6/planners/FedAll/cells/024-bccbf150e671/response.json
workers=2|planner=FedAll|workload=pca|profile=lan,2,FedAll,pca,lan,160.867916612,188.193087336,1,True,False,ba0b514e5cabeb8c3d15551e640569c0dc61500cf01ae063fcc8b73f13cac934,historical_continuation,/home/mchoi/g007-all-planners-ternary-705b8db-d60da24-20260801-v6,/home/mchoi/g007-fedall-l2svm-ternary-stage-705b8db-20260801-v2/g007-stage-0597ebfb0ffa034b659dfa055b9dd64fd5b1c9f671b7d8c6414257bd81b8ba40,705b8dbb62f52bc98ceb4d0fd3a39405f8e581c0,19968f40e8b337eaedf6299c9485a8cce1bdd571620fa07bb6578449ae1353d8,/home/mchoi/g007-all-planners-ternary-705b8db-d60da24-20260801-v6/planners/FedAll/cells/025-048a03b2ea95/response.json
workers=2|planner=FedAll|workload=pca|profile=wan_light,2,FedAll,pca,wan_light,152.552818313,179.849394269,1,True,False,fd865cd66a516fe3d44e0083e285383a85ab221b7cda8c63584808900c52f4ce,historical_continuation,/home/mchoi/g007-all-planners-ternary-705b8db-d60da24-20260801-v6,/home/mchoi/g007-fedall-l2svm-ternary-stage-705b8db-20260801-v2/g007-stage-0597ebfb0ffa034b659dfa055b9dd64fd5b1c9f671b7d8c6414257bd81b8ba40,705b8dbb62f52bc98ceb4d0fd3a39405f8e581c0,19968f40e8b337eaedf6299c9485a8cce1bdd571620fa07bb6578449ae1353d8,/home/mchoi/g007-all-planners-ternary-705b8db-d60da24-20260801-v6/planners/FedAll/cells/026-a08be0b13b44/response.json
workers=2|planner=FedAll|workload=pca|profile=wan_mid,2,FedAll,pca,wan_mid,169.478381315,196.831170153,1,True,False,77e99f1f343f0452b3f93df870f2c982d587e3e0ad9862f4d6002f17fb5c92d9,historical_continuation,/home/mchoi/g007-all-planners-ternary-705b8db-d60da24-20260801-v6,/home/mchoi/g007-fedall-l2svm-ternary-stage-705b8db-20260801-v2/g007-stage-0597ebfb0ffa034b659dfa055b9dd64fd5b1c9f671b7d8c6414257bd81b8ba40,705b8dbb62f52bc98ceb4d0fd3a39405f8e581c0,19968f40e8b337eaedf6299c9485a8cce1bdd571620fa07bb6578449ae1353d8,/home/mchoi/g007-all-planners-ternary-705b8db-d60da24-20260801-v6/planners/FedAll/cells/027-51ae1fd73cee/response.json
workers=2|planner=FedAll|workload=lm|profile=lan,2,FedAll,lm,lan,80.818727191,108.056116923,1,True,False,f316063d3cbb6ca2853afeda2118a8c4766adcd9e14f2496dba2cb0d7973a776,historical_continuation,/home/mchoi/g007-all-planners-ternary-705b8db-d60da24-20260801-v6,/home/mchoi/g007-fedall-l2svm-ternary-stage-705b8db-20260801-v2/g007-stage-0597ebfb0ffa034b659dfa055b9dd64fd5b1c9f671b7d8c6414257bd81b8ba40,705b8dbb62f52bc98ceb4d0fd3a39405f8e581c0,19968f40e8b337eaedf6299c9485a8cce1bdd571620fa07bb6578449ae1353d8,/home/mchoi/g007-all-planners-ternary-705b8db-d60da24-20260801-v6/planners/FedAll/cells/028-a63cc68a50ff/response.json
workers=2|planner=FedAll|workload=lm|profile=wan_light,2,FedAll,lm,wan_light,84.311588796,111.532950637,1,True,False,caabd02aad8a6a5d0dc0e7b4ef2f198e7f7258dd82d1d202c04e687789390a78,historical_continuation,/home/mchoi/g007-all-planners-ternary-705b8db-d60da24-20260801-v6,/home/mchoi/g007-fedall-l2svm-ternary-stage-705b8db-20260801-v2/g007-stage-0597ebfb0ffa034b659dfa055b9dd64fd5b1c9f671b7d8c6414257bd81b8ba40,705b8dbb62f52bc98ceb4d0fd3a39405f8e581c0,19968f40e8b337eaedf6299c9485a8cce1bdd571620fa07bb6578449ae1353d8,/home/mchoi/g007-all-planners-ternary-705b8db-d60da24-20260801-v6/planners/FedAll/cells/029-276340827398/response.json
workers=2|planner=FedAll|workload=lm|profile=wan_mid,2,FedAll,lm,wan_mid,105.737467271,132.941767915,1,True,False,eb392db88bbcf255bf0403f0361ba16c11d1ac694427091c1f980b256df611b3,historical_continuation,/home/mchoi/g007-all-planners-ternary-705b8db-d60da24-20260801-v6,/home/mchoi/g007-fedall-l2svm-ternary-stage-705b8db-20260801-v2/g007-stage-0597ebfb0ffa034b659dfa055b9dd64fd5b1c9f671b7d8c6414257bd81b8ba40,705b8dbb62f52bc98ceb4d0fd3a39405f8e581c0,19968f40e8b337eaedf6299c9485a8cce1bdd571620fa07bb6578449ae1353d8,/home/mchoi/g007-all-planners-ternary-705b8db-d60da24-20260801-v6/planners/FedAll/cells/030-e4ea6d38f99d/response.json
workers=2|planner=FedAll|workload=l2svm|profile=lan,2,FedAll,l2svm,lan,73.498427057,100.76956877,1,True,False,0dddec344a28f732fda7804e4f27775c7b9bc0e1fbd34e94c70072bb2de5636a,historical_continuation,/home/mchoi/g007-all-planners-ternary-705b8db-d60da24-20260801-v6,/home/mchoi/g007-fedall-l2svm-ternary-stage-705b8db-20260801-v2/g007-stage-0597ebfb0ffa034b659dfa055b9dd64fd5b1c9f671b7d8c6414257bd81b8ba40,705b8dbb62f52bc98ceb4d0fd3a39405f8e581c0,19968f40e8b337eaedf6299c9485a8cce1bdd571620fa07bb6578449ae1353d8,/home/mchoi/g007-all-planners-ternary-705b8db-d60da24-20260801-v6/planners/FedAll/cells/031-1c6d8d0e3ea2/response.json
workers=2|planner=FedAll|workload=l2svm|profile=wan_light,2,FedAll,l2svm,wan_light,180.795313552,208.052373308,1,True,False,29f84b5dcd1d1b42b4279143c73cc30cf8ce396e88670a90ca72a76644c09ad2,historical_continuation,/home/mchoi/g007-all-planners-ternary-705b8db-d60da24-20260801-v6,/home/mchoi/g007-fedall-l2svm-ternary-stage-705b8db-20260801-v2/g007-stage-0597ebfb0ffa034b659dfa055b9dd64fd5b1c9f671b7d8c6414257bd81b8ba40,705b8dbb62f52bc98ceb4d0fd3a39405f8e581c0,19968f40e8b337eaedf6299c9485a8cce1bdd571620fa07bb6578449ae1353d8,/home/mchoi/g007-all-planners-ternary-705b8db-d60da24-20260801-v6/planners/FedAll/cells/032-9692f9487fc3/response.json
workers=2|planner=FedAll|workload=l2svm|profile=wan_mid,2,FedAll,l2svm,wan_mid,537.610698724,560.913030685,1,True,False,c9c261b8e1c97fe80c3b324f1d1a78ccc3ae6f5bdb010de125787a6065fb7a33,historical_continuation,/home/mchoi/g007-all-planners-ternary-705b8db-d60da24-20260801-v6,/home/mchoi/g007-fedall-l2svm-ternary-stage-705b8db-20260801-v2/g007-stage-0597ebfb0ffa034b659dfa055b9dd64fd5b1c9f671b7d8c6414257bd81b8ba40,705b8dbb62f52bc98ceb4d0fd3a39405f8e581c0,19968f40e8b337eaedf6299c9485a8cce1bdd571620fa07bb6578449ae1353d8,/home/mchoi/g007-all-planners-ternary-705b8db-d60da24-20260801-v6/planners/FedAll/cells/033-b92d020b6cf8/response.json
workers=2|planner=FedAll|workload=logreg|profile=lan,2,FedAll,logreg,lan,108.843893619,131.97439209,1,True,False,2852dc0a27bb712e0415056657c03a19f6e6182214014b3e90a9616fe66005ce,validated_fix_canary,/home/mchoi/g007-fedall-logreg-tread-canary-097c17f-d60da24-20260801-v1,/home/mchoi/g007-fedall-logreg-tread-stage-097c17f-20260801-v1/g007-stage-a9529cfeece01693ba612b0b0f75e3f457a9b526950b0caa91ad34143f012b19,097c17f7ab674606fe7af10d192179245f19492e,d694e41695c60b5f97f0986e83cf92874727300ec7cac9b9372b6c720c7d910e,/home/mchoi/g007-fedall-logreg-tread-canary-097c17f-d60da24-20260801-v1/response.json
workers=2|planner=FedAll|workload=logreg|profile=wan_light,2,FedAll,logreg,wan_light,145.011032,168.100233746,1,True,False,800078f8b19443717db055d00c656241cc938bb5b457b28c6ce0cb6ff275059a,historical_failed-campaign-success-prefix,/home/mchoi/g007-all-planners-transient-refed-097c17f-d60da24-20260801-v1,/home/mchoi/g007-fedall-logreg-tread-stage-097c17f-20260801-v1/g007-stage-a9529cfeece01693ba612b0b0f75e3f457a9b526950b0caa91ad34143f012b19,097c17f7ab674606fe7af10d192179245f19492e,d694e41695c60b5f97f0986e83cf92874727300ec7cac9b9372b6c720c7d910e,/home/mchoi/g007-all-planners-transient-refed-097c17f-d60da24-20260801-v1/planners/FedAll/cells/035-89e21e92b587/response.json
workers=2|planner=FedAll|workload=logreg|profile=wan_mid,2,FedAll,logreg,wan_mid,256.81267942,279.949363991,1,True,False,b212f58837b04ed8ad3be30be194c3d4907c88cfabaf9a5e5f748cbaa492af97,historical_failed-campaign-success-prefix,/home/mchoi/g007-all-planners-transient-refed-097c17f-d60da24-20260801-v1,/home/mchoi/g007-fedall-logreg-tread-stage-097c17f-20260801-v1/g007-stage-a9529cfeece01693ba612b0b0f75e3f457a9b526950b0caa91ad34143f012b19,097c17f7ab674606fe7af10d192179245f19492e,d694e41695c60b5f97f0986e83cf92874727300ec7cac9b9372b6c720c7d910e,/home/mchoi/g007-all-planners-transient-refed-097c17f-d60da24-20260801-v1/planners/FedAll/cells/036-ebf999dbc04b/response.json
workers=2|planner=FedAll|workload=als|profile=lan,2,FedAll,als,lan,155.498795845,178.628715044,1,True,False,5cc9ebb4ad2e324d17018779c33328c08c2feca4b11998619f43582ea921427d,validated_fix_canary,/home/mchoi/g007-fedall-als-runtime-refed-canary-056caca-d60da24-20260801-v1,/home/mchoi/g007-fedall-als-runtime-refed-stage-056caca-20260801-v1/g007-stage-8a3e65e41136663149dce515d4e31ffc75f986ed1ed241cac3a75b3989cd16b8,056caca33fb4466df0770fd9944e9fa6b433d9ae,6cddc0e300b432ad07ac653bfa282ac9d8d332cef1cd722bd78dd94f43de83cc,/home/mchoi/g007-fedall-als-runtime-refed-canary-056caca-d60da24-20260801-v1/response.json
workers=2|planner=FedAll|workload=als|profile=wan_light,2,FedAll,als,wan_light,171.0869408,194.236032956,1,True,False,6128fd7f025d71de1637e0a43a4837fdc4fbf99bb7f9b5d280b76e9c8d1eca35,failed-campaign-success-prefix,/home/mchoi/g007-all-planners-als-runtime-refed-056caca-d60da24-20260801-v1,/home/mchoi/g007-fedall-als-runtime-refed-stage-056caca-20260801-v1/g007-stage-8a3e65e41136663149dce515d4e31ffc75f986ed1ed241cac3a75b3989cd16b8,056caca33fb4466df0770fd9944e9fa6b433d9ae,6cddc0e300b432ad07ac653bfa282ac9d8d332cef1cd722bd78dd94f43de83cc,/home/mchoi/g007-all-planners-als-runtime-refed-056caca-d60da24-20260801-v1/planners/FedAll/cells/038-70ffb4c81541/response.json
workers=2|planner=FedAll|workload=als|profile=wan_mid,2,FedAll,als,wan_mid,215.595839971,238.739814155,1,True,False,bb039d053e43c781ebb21597062eef7585e1b4a2bedaa183c302d14bec731586,failed-campaign-success-prefix,/home/mchoi/g007-all-planners-als-runtime-refed-056caca-d60da24-20260801-v1,/home/mchoi/g007-fedall-als-runtime-refed-stage-056caca-20260801-v1/g007-stage-8a3e65e41136663149dce515d4e31ffc75f986ed1ed241cac3a75b3989cd16b8,056caca33fb4466df0770fd9944e9fa6b433d9ae,6cddc0e300b432ad07ac653bfa282ac9d8d332cef1cd722bd78dd94f43de83cc,/home/mchoi/g007-all-planners-als-runtime-refed-056caca-d60da24-20260801-v1/planners/FedAll/cells/039-3d582b75b19e/response.json
workers=2|planner=FedAll|workload=steplm|profile=lan,2,FedAll,steplm,lan,62.553721738,89.727747333,1,True,False,e35d1f006225f11eb2d96518e5364cbaeef953255e2abee855cf7eac7e526712,failed-campaign-success-prefix,/home/mchoi/g007-all-planners-als-runtime-refed-056caca-d60da24-20260801-v1,/home/mchoi/g007-fedall-als-runtime-refed-stage-056caca-20260801-v1/g007-stage-8a3e65e41136663149dce515d4e31ffc75f986ed1ed241cac3a75b3989cd16b8,056caca33fb4466df0770fd9944e9fa6b433d9ae,6cddc0e300b432ad07ac653bfa282ac9d8d332cef1cd722bd78dd94f43de83cc,/home/mchoi/g007-all-planners-als-runtime-refed-056caca-d60da24-20260801-v1/planners/FedAll/cells/040-0853092b4e06/response.json
workers=2|planner=FedAll|workload=steplm|profile=wan_light,2,FedAll,steplm,wan_light,394.179663003,417.454359521,1,True,False,74aa022553d9a20b895b3092da89becfc54e84b3195902b7a896a3877b1cece4,failed-campaign-success-prefix,/home/mchoi/g007-all-planners-als-runtime-refed-056caca-d60da24-20260801-v1,/home/mchoi/g007-fedall-als-runtime-refed-stage-056caca-20260801-v1/g007-stage-8a3e65e41136663149dce515d4e31ffc75f986ed1ed241cac3a75b3989cd16b8,056caca33fb4466df0770fd9944e9fa6b433d9ae,6cddc0e300b432ad07ac653bfa282ac9d8d332cef1cd722bd78dd94f43de83cc,/home/mchoi/g007-all-planners-als-runtime-refed-056caca-d60da24-20260801-v1/planners/FedAll/cells/041-ae2d4121e615/response.json
workers=2|planner=FedAll|workload=steplm|profile=wan_mid,2,FedAll,steplm,wan_mid,1431.134314755,1458.352996315,1,True,False,9c1af3d22ede6e0ccd7ef445c428242da6b240e4b47e54219d19256f088a678c,failed-campaign-success-prefix,/home/mchoi/g007-all-planners-als-runtime-refed-056caca-d60da24-20260801-v1,/home/mchoi/g007-fedall-als-runtime-refed-stage-056caca-20260801-v1/g007-stage-8a3e65e41136663149dce515d4e31ffc75f986ed1ed241cac3a75b3989cd16b8,056caca33fb4466df0770fd9944e9fa6b433d9ae,6cddc0e300b432ad07ac653bfa282ac9d8d332cef1cd722bd78dd94f43de83cc,/home/mchoi/g007-all-planners-als-runtime-refed-056caca-d60da24-20260801-v1/planners/FedAll/cells/042-cf26fe25577c/response.json
workers=3|planner=FedAll|workload=kmeans|profile=lan,3,FedAll,kmeans,lan,143.185429748,168.724592246,1,True,False,59afefc00da8b248ac6e54eabca45c7d7751b423fd4fb876898271639708052c,failed-campaign-success-prefix,/home/mchoi/g007-all-planners-als-runtime-refed-056caca-d60da24-20260801-v1,/home/mchoi/g007-fedall-als-runtime-refed-stage-056caca-20260801-v1/g007-stage-8a3e65e41136663149dce515d4e31ffc75f986ed1ed241cac3a75b3989cd16b8,056caca33fb4466df0770fd9944e9fa6b433d9ae,6cddc0e300b432ad07ac653bfa282ac9d8d332cef1cd722bd78dd94f43de83cc,/home/mchoi/g007-all-planners-als-runtime-refed-056caca-d60da24-20260801-v1/planners/FedAll/cells/043-c34952dffc6e/response.json
workers=3|planner=FedAll|workload=kmeans|profile=wan_light,3,FedAll,kmeans,wan_light,161.633480901,187.266892422,1,True,False,45f0fb2b885856564c857ecc9ac2ce25a448f90d5f9b758b7e04bba4ab492811,failed-campaign-success-prefix,/home/mchoi/g007-all-planners-als-runtime-refed-056caca-d60da24-20260801-v1,/home/mchoi/g007-fedall-als-runtime-refed-stage-056caca-20260801-v1/g007-stage-8a3e65e41136663149dce515d4e31ffc75f986ed1ed241cac3a75b3989cd16b8,056caca33fb4466df0770fd9944e9fa6b433d9ae,6cddc0e300b432ad07ac653bfa282ac9d8d332cef1cd722bd78dd94f43de83cc,/home/mchoi/g007-all-planners-als-runtime-refed-056caca-d60da24-20260801-v1/planners/FedAll/cells/044-44de5dfa743a/response.json
workers=3|planner=FedAll|workload=kmeans|profile=wan_mid,3,FedAll,kmeans,wan_mid,205.489780774,231.095387635,1,True,False,783f184f8b0e959d5e9ec5600379275bc81aedff609ff6a221934d454894744e,failed-campaign-success-prefix,/home/mchoi/g007-all-planners-als-runtime-refed-056caca-d60da24-20260801-v1,/home/mchoi/g007-fedall-als-runtime-refed-stage-056caca-20260801-v1/g007-stage-8a3e65e41136663149dce515d4e31ffc75f986ed1ed241cac3a75b3989cd16b8,056caca33fb4466df0770fd9944e9fa6b433d9ae,6cddc0e300b432ad07ac653bfa282ac9d8d332cef1cd722bd78dd94f43de83cc,/home/mchoi/g007-all-planners-als-runtime-refed-056caca-d60da24-20260801-v1/planners/FedAll/cells/045-df12fe400495/response.json
workers=3|planner=FedAll|workload=pca|profile=lan,3,FedAll,pca,lan,146.859953213,176.546604439,1,True,False,20739de091d7663cb0372614f095409e58600d84a4716eeed921405b2a112726,failed-campaign-success-prefix,/home/mchoi/g007-all-planners-als-runtime-refed-056caca-d60da24-20260801-v1,/home/mchoi/g007-fedall-als-runtime-refed-stage-056caca-20260801-v1/g007-stage-8a3e65e41136663149dce515d4e31ffc75f986ed1ed241cac3a75b3989cd16b8,056caca33fb4466df0770fd9944e9fa6b433d9ae,6cddc0e300b432ad07ac653bfa282ac9d8d332cef1cd722bd78dd94f43de83cc,/home/mchoi/g007-all-planners-als-runtime-refed-056caca-d60da24-20260801-v1/planners/FedAll/cells/046-472b25fcde57/response.json
workers=3|planner=FedAll|workload=pca|profile=wan_light,3,FedAll,pca,wan_light,153.19373996,186.850460496,1,True,False,d2fc6fe98023423d9f988f55a7788d8041683d985d93376fd767383d0d544d11,failed-campaign-success-prefix,/home/mchoi/g007-all-planners-als-runtime-refed-056caca-d60da24-20260801-v1,/home/mchoi/g007-fedall-als-runtime-refed-stage-056caca-20260801-v1/g007-stage-8a3e65e41136663149dce515d4e31ffc75f986ed1ed241cac3a75b3989cd16b8,056caca33fb4466df0770fd9944e9fa6b433d9ae,6cddc0e300b432ad07ac653bfa282ac9d8d332cef1cd722bd78dd94f43de83cc,/home/mchoi/g007-all-planners-als-runtime-refed-056caca-d60da24-20260801-v1/planners/FedAll/cells/047-e09a377cd04c/response.json
workers=3|planner=FedAll|workload=pca|profile=wan_mid,3,FedAll,pca,wan_mid,164.830244099,194.59192638,1,True,False,1a5b548c356440b4dbc07bfd7f44db3a3ebe1e123989f4aa06cc9519b3e2e106,failed-campaign-success-prefix,/home/mchoi/g007-all-planners-als-runtime-refed-056caca-d60da24-20260801-v1,/home/mchoi/g007-fedall-als-runtime-refed-stage-056caca-20260801-v1/g007-stage-8a3e65e41136663149dce515d4e31ffc75f986ed1ed241cac3a75b3989cd16b8,056caca33fb4466df0770fd9944e9fa6b433d9ae,6cddc0e300b432ad07ac653bfa282ac9d8d332cef1cd722bd78dd94f43de83cc,/home/mchoi/g007-all-planners-als-runtime-refed-056caca-d60da24-20260801-v1/planners/FedAll/cells/048-1c8b4df72b56/response.json
workers=3|planner=FedAll|workload=lm|profile=lan,3,FedAll,lm,lan,57.953859935,87.54803855,1,True,False,11995a6b923fb30db6f2177e98272d2193459b62c4ca420f255f82cbf7d34574,failed-campaign-success-prefix,/home/mchoi/g007-all-planners-als-runtime-refed-056caca-d60da24-20260801-v1,/home/mchoi/g007-fedall-als-runtime-refed-stage-056caca-20260801-v1/g007-stage-8a3e65e41136663149dce515d4e31ffc75f986ed1ed241cac3a75b3989cd16b8,056caca33fb4466df0770fd9944e9fa6b433d9ae,6cddc0e300b432ad07ac653bfa282ac9d8d332cef1cd722bd78dd94f43de83cc,/home/mchoi/g007-all-planners-als-runtime-refed-056caca-d60da24-20260801-v1/planners/FedAll/cells/049-77e46ca6c064/response.json
workers=3|planner=FedAll|workload=lm|profile=wan_light,3,FedAll,lm,wan_light,62.055059914,95.684166441,1,True,False,5523723bee454840fd2a2c3b69440e4f35043a69946d7dd2e969f07d7f26d60b,failed-campaign-success-prefix,/home/mchoi/g007-all-planners-als-runtime-refed-056caca-d60da24-20260801-v1,/home/mchoi/g007-fedall-als-runtime-refed-stage-056caca-20260801-v1/g007-stage-8a3e65e41136663149dce515d4e31ffc75f986ed1ed241cac3a75b3989cd16b8,056caca33fb4466df0770fd9944e9fa6b433d9ae,6cddc0e300b432ad07ac653bfa282ac9d8d332cef1cd722bd78dd94f43de83cc,/home/mchoi/g007-all-planners-als-runtime-refed-056caca-d60da24-20260801-v1/planners/FedAll/cells/050-70a3ed621b33/response.json
workers=3|planner=FedAll|workload=lm|profile=wan_mid,3,FedAll,lm,wan_mid,82.331220103,115.986262702,1,True,False,fc69db37f6331b0ad70b1398c5444f2a1461db84587e2233b3ee9b6b9956bfb2,failed-campaign-success-prefix,/home/mchoi/g007-all-planners-als-runtime-refed-056caca-d60da24-20260801-v1,/home/mchoi/g007-fedall-als-runtime-refed-stage-056caca-20260801-v1/g007-stage-8a3e65e41136663149dce515d4e31ffc75f986ed1ed241cac3a75b3989cd16b8,056caca33fb4466df0770fd9944e9fa6b433d9ae,6cddc0e300b432ad07ac653bfa282ac9d8d332cef1cd722bd78dd94f43de83cc,/home/mchoi/g007-all-planners-als-runtime-refed-056caca-d60da24-20260801-v1/planners/FedAll/cells/051-24cd26e6b1ed/response.json
workers=3|planner=FedAll|workload=l2svm|profile=lan,3,FedAll,l2svm,lan,61.305930845,90.962553273,1,True,False,ee767d57c36c0c8dd9090cb0c55d927fe35301d9e13b3e83bd7732f5f4063b22,failed-campaign-success-prefix,/home/mchoi/g007-all-planners-als-runtime-refed-056caca-d60da24-20260801-v1,/home/mchoi/g007-fedall-als-runtime-refed-stage-056caca-20260801-v1/g007-stage-8a3e65e41136663149dce515d4e31ffc75f986ed1ed241cac3a75b3989cd16b8,056caca33fb4466df0770fd9944e9fa6b433d9ae,6cddc0e300b432ad07ac653bfa282ac9d8d332cef1cd722bd78dd94f43de83cc,/home/mchoi/g007-all-planners-als-runtime-refed-056caca-d60da24-20260801-v1/planners/FedAll/cells/052-9bbc3a091231/response.json
workers=3|planner=FedAll|workload=l2svm|profile=wan_light,3,FedAll,l2svm,wan_light,166.864543714,200.547395737,1,True,False,736784c67d58d01d92c62340cb6ec2b2a77e6406d377e6eb0a4a21cf39659a88,failed-campaign-success-prefix,/home/mchoi/g007-all-planners-als-runtime-refed-056caca-d60da24-20260801-v1,/home/mchoi/g007-fedall-als-runtime-refed-stage-056caca-20260801-v1/g007-stage-8a3e65e41136663149dce515d4e31ffc75f986ed1ed241cac3a75b3989cd16b8,056caca33fb4466df0770fd9944e9fa6b433d9ae,6cddc0e300b432ad07ac653bfa282ac9d8d332cef1cd722bd78dd94f43de83cc,/home/mchoi/g007-all-planners-als-runtime-refed-056caca-d60da24-20260801-v1/planners/FedAll/cells/053-1cc8335be82f/response.json
workers=3|planner=FedAll|workload=l2svm|profile=wan_mid,3,FedAll,l2svm,wan_mid,512.180514994,537.886872749,1,True,False,a7f6716069e80836f9f6d083b746e7dc283d87ccfa033611879d7f72f35df303,failed-campaign-success-prefix,/home/mchoi/g007-all-planners-als-runtime-refed-056caca-d60da24-20260801-v1,/home/mchoi/g007-fedall-als-runtime-refed-stage-056caca-20260801-v1/g007-stage-8a3e65e41136663149dce515d4e31ffc75f986ed1ed241cac3a75b3989cd16b8,056caca33fb4466df0770fd9944e9fa6b433d9ae,6cddc0e300b432ad07ac653bfa282ac9d8d332cef1cd722bd78dd94f43de83cc,/home/mchoi/g007-all-planners-als-runtime-refed-056caca-d60da24-20260801-v1/planners/FedAll/cells/054-72408f0df45e/response.json
workers=3|planner=FedAll|workload=logreg|profile=lan,3,FedAll,logreg,lan,35.64371722,69.215203069,1,True,False,c63dfb4eed6484756060a7e0ca2cbf36feb212e109af314905c134f0a0d49d42,failed-campaign-success-prefix,/home/mchoi/g007-all-planners-als-runtime-refed-056caca-d60da24-20260801-v1,/home/mchoi/g007-fedall-als-runtime-refed-stage-056caca-20260801-v1/g007-stage-8a3e65e41136663149dce515d4e31ffc75f986ed1ed241cac3a75b3989cd16b8,056caca33fb4466df0770fd9944e9fa6b433d9ae,6cddc0e300b432ad07ac653bfa282ac9d8d332cef1cd722bd78dd94f43de83cc,/home/mchoi/g007-all-planners-als-runtime-refed-056caca-d60da24-20260801-v1/planners/FedAll/cells/055-138848ece567/response.json
workers=3|planner=FedAll|workload=logreg|profile=wan_light,3,FedAll,logreg,wan_light,72.591078193,106.288129439,1,True,False,e35c1690ab1b757bc0d2733d63b2920f200de534e2ce7ef57e525ca31d415a59,failed-campaign-success-prefix,/home/mchoi/g007-all-planners-als-runtime-refed-056caca-d60da24-20260801-v1,/home/mchoi/g007-fedall-als-runtime-refed-stage-056caca-20260801-v1/g007-stage-8a3e65e41136663149dce515d4e31ffc75f986ed1ed241cac3a75b3989cd16b8,056caca33fb4466df0770fd9944e9fa6b433d9ae,6cddc0e300b432ad07ac653bfa282ac9d8d332cef1cd722bd78dd94f43de83cc,/home/mchoi/g007-all-planners-als-runtime-refed-056caca-d60da24-20260801-v1/planners/FedAll/cells/056-f71e37b68c28/response.json
workers=3|planner=FedAll|workload=logreg|profile=wan_mid,3,FedAll,logreg,wan_mid,183.142878079,216.805998837,1,True,False,2230bc79f036e1f48485fdc084a8c345ba1225648d9f0229d706e5c0bea9f347,failed-campaign-success-prefix,/home/mchoi/g007-all-planners-als-runtime-refed-056caca-d60da24-20260801-v1,/home/mchoi/g007-fedall-als-runtime-refed-stage-056caca-20260801-v1/g007-stage-8a3e65e41136663149dce515d4e31ffc75f986ed1ed241cac3a75b3989cd16b8,056caca33fb4466df0770fd9944e9fa6b433d9ae,6cddc0e300b432ad07ac653bfa282ac9d8d332cef1cd722bd78dd94f43de83cc,/home/mchoi/g007-all-planners-als-runtime-refed-056caca-d60da24-20260801-v1/planners/FedAll/cells/057-6b4f93e95e08/response.json
workers=3|planner=FedAll|workload=als|profile=lan,3,FedAll,als,lan,71.409405435,105.019361655,1,True,False,1668036b056b321083b2fa632fd5fd8a6bb4404a06d41ff6a25edd4e1cca345c,failed-campaign-success-prefix,/home/mchoi/g007-all-planners-als-runtime-refed-056caca-d60da24-20260801-v1,/home/mchoi/g007-fedall-als-runtime-refed-stage-056caca-20260801-v1/g007-stage-8a3e65e41136663149dce515d4e31ffc75f986ed1ed241cac3a75b3989cd16b8,056caca33fb4466df0770fd9944e9fa6b433d9ae,6cddc0e300b432ad07ac653bfa282ac9d8d332cef1cd722bd78dd94f43de83cc,/home/mchoi/g007-all-planners-als-runtime-refed-056caca-d60da24-20260801-v1/planners/FedAll/cells/058-e532df7796e3/response.json
workers=3|planner=FedAll|workload=als|profile=wan_light,3,FedAll,als,wan_light,89.992816314,119.661525044,1,True,False,f71dc4b811c56894e4fd2ee001f74a9883b46d62a74ec9dbded0b5dc9100adbd,failed-campaign-success-prefix,/home/mchoi/g007-all-planners-als-runtime-refed-056caca-d60da24-20260801-v1,/home/mchoi/g007-fedall-als-runtime-refed-stage-056caca-20260801-v1/g007-stage-8a3e65e41136663149dce515d4e31ffc75f986ed1ed241cac3a75b3989cd16b8,056caca33fb4466df0770fd9944e9fa6b433d9ae,6cddc0e300b432ad07ac653bfa282ac9d8d332cef1cd722bd78dd94f43de83cc,/home/mchoi/g007-all-planners-als-runtime-refed-056caca-d60da24-20260801-v1/planners/FedAll/cells/059-b9bbbbd215ed/response.json
workers=3|planner=FedAll|workload=als|profile=wan_mid,3,FedAll,als,wan_mid,131.742216448,165.38790394,1,True,False,32d1581edb6d50bad9f857e5d7cb2349575d7a8868e03e68e523a9af4adf2cc5,failed-campaign-success-prefix,/home/mchoi/g007-all-planners-als-runtime-refed-056caca-d60da24-20260801-v1,/home/mchoi/g007-fedall-als-runtime-refed-stage-056caca-20260801-v1/g007-stage-8a3e65e41136663149dce515d4e31ffc75f986ed1ed241cac3a75b3989cd16b8,056caca33fb4466df0770fd9944e9fa6b433d9ae,6cddc0e300b432ad07ac653bfa282ac9d8d332cef1cd722bd78dd94f43de83cc,/home/mchoi/g007-all-planners-als-runtime-refed-056caca-d60da24-20260801-v1/planners/FedAll/cells/060-82a327030dcb/response.json
workers=3|planner=FedAll|workload=steplm|profile=lan,3,FedAll,steplm,lan,61.687807951,95.507758918,1,True,False,5e9ec29c26f8d3d9bec7267df2e56442519a8eafbce58ba2ef1d61cca58a2cbf,failed-campaign-success-prefix,/home/mchoi/g007-all-planners-als-runtime-refed-056caca-d60da24-20260801-v1,/home/mchoi/g007-fedall-als-runtime-refed-stage-056caca-20260801-v1/g007-stage-8a3e65e41136663149dce515d4e31ffc75f986ed1ed241cac3a75b3989cd16b8,056caca33fb4466df0770fd9944e9fa6b433d9ae,6cddc0e300b432ad07ac653bfa282ac9d8d332cef1cd722bd78dd94f43de83cc,/home/mchoi/g007-all-planners-als-runtime-refed-056caca-d60da24-20260801-v1/planners/FedAll/cells/061-2c2c4a6316cf/response.json
workers=3|planner=FedAll|workload=steplm|profile=wan_light,3,FedAll,steplm,wan_light,391.81436252,417.410770972,1,True,False,a9433c12b06c3cc60301032b2983369070e0f8507ea0af74b132005fe77ce03f,failed-campaign-success-prefix,/home/mchoi/g007-all-planners-als-runtime-refed-056caca-d60da24-20260801-v1,/home/mchoi/g007-fedall-als-runtime-refed-stage-056caca-20260801-v1/g007-stage-8a3e65e41136663149dce515d4e31ffc75f986ed1ed241cac3a75b3989cd16b8,056caca33fb4466df0770fd9944e9fa6b433d9ae,6cddc0e300b432ad07ac653bfa282ac9d8d332cef1cd722bd78dd94f43de83cc,/home/mchoi/g007-all-planners-als-runtime-refed-056caca-d60da24-20260801-v1/planners/FedAll/cells/062-70279a343d62/response.json
workers=3|planner=FedAll|workload=steplm|profile=wan_mid,3,FedAll,steplm,wan_mid,1420.095562091,1453.927455539,1,True,False,8d7ca6d3c8f647a1f49e39c8a56c6ec0754b757e8305ef05c32767887c3db639,failed-campaign-success-prefix,/home/mchoi/g007-all-planners-als-runtime-refed-056caca-d60da24-20260801-v1,/home/mchoi/g007-fedall-als-runtime-refed-stage-056caca-20260801-v1/g007-stage-8a3e65e41136663149dce515d4e31ffc75f986ed1ed241cac3a75b3989cd16b8,056caca33fb4466df0770fd9944e9fa6b433d9ae,6cddc0e300b432ad07ac653bfa282ac9d8d332cef1cd722bd78dd94f43de83cc,/home/mchoi/g007-all-planners-als-runtime-refed-056caca-d60da24-20260801-v1/planners/FedAll/cells/063-013de750de19/response.json
workers=4|planner=FedAll|workload=kmeans|profile=lan,4,FedAll,kmeans,lan,176.469088828,204.369679145,1,True,False,49723fa9340755a7925bfee4c6e8433b903dc0697eac9fdb1fad449ddaf8868d,failed-campaign-success-prefix,/home/mchoi/g007-all-planners-als-runtime-refed-056caca-d60da24-20260801-v1,/home/mchoi/g007-fedall-als-runtime-refed-stage-056caca-20260801-v1/g007-stage-8a3e65e41136663149dce515d4e31ffc75f986ed1ed241cac3a75b3989cd16b8,056caca33fb4466df0770fd9944e9fa6b433d9ae,6cddc0e300b432ad07ac653bfa282ac9d8d332cef1cd722bd78dd94f43de83cc,/home/mchoi/g007-all-planners-als-runtime-refed-056caca-d60da24-20260801-v1/planners/FedAll/cells/064-bf74aad2c43e/response.json
workers=4|planner=FedAll|workload=kmeans|profile=wan_light,4,FedAll,kmeans,wan_light,194.429211629,222.5428792,1,True,False,2a124d71ea94dd36d103dc090e6c1d551a96c7ef4255b0af0876ebda83c3f967,failed-campaign-success-prefix,/home/mchoi/g007-all-planners-als-runtime-refed-056caca-d60da24-20260801-v1,/home/mchoi/g007-fedall-als-runtime-refed-stage-056caca-20260801-v1/g007-stage-8a3e65e41136663149dce515d4e31ffc75f986ed1ed241cac3a75b3989cd16b8,056caca33fb4466df0770fd9944e9fa6b433d9ae,6cddc0e300b432ad07ac653bfa282ac9d8d332cef1cd722bd78dd94f43de83cc,/home/mchoi/g007-all-planners-als-runtime-refed-056caca-d60da24-20260801-v1/planners/FedAll/cells/065-adfc6453a448/response.json
workers=4|planner=FedAll|workload=kmeans|profile=wan_mid,4,FedAll,kmeans,wan_mid,233.484079943,261.438183715,1,True,False,8f8235b247118d66471ff23f84af11176999cf19587e2feff6bca33c2fec35ec,failed-campaign-success-prefix,/home/mchoi/g007-all-planners-als-runtime-refed-056caca-d60da24-20260801-v1,/home/mchoi/g007-fedall-als-runtime-refed-stage-056caca-20260801-v1/g007-stage-8a3e65e41136663149dce515d4e31ffc75f986ed1ed241cac3a75b3989cd16b8,056caca33fb4466df0770fd9944e9fa6b433d9ae,6cddc0e300b432ad07ac653bfa282ac9d8d332cef1cd722bd78dd94f43de83cc,/home/mchoi/g007-all-planners-als-runtime-refed-056caca-d60da24-20260801-v1/planners/FedAll/cells/066-f4a5c76ca10b/response.json
workers=4|planner=FedAll|workload=pca|profile=lan,4,FedAll,pca,lan,151.90732398,192.255153286,1,True,False,e33964ae7367feba9ced5886ad68dd65ab90c0c08d9742eea195ead78ef66f85,failed-campaign-success-prefix,/home/mchoi/g007-all-planners-als-runtime-refed-056caca-d60da24-20260801-v1,/home/mchoi/g007-fedall-als-runtime-refed-stage-056caca-20260801-v1/g007-stage-8a3e65e41136663149dce515d4e31ffc75f986ed1ed241cac3a75b3989cd16b8,056caca33fb4466df0770fd9944e9fa6b433d9ae,6cddc0e300b432ad07ac653bfa282ac9d8d332cef1cd722bd78dd94f43de83cc,/home/mchoi/g007-all-planners-als-runtime-refed-056caca-d60da24-20260801-v1/planners/FedAll/cells/067-872fa8f8509e/response.json
workers=4|planner=FedAll|workload=pca|profile=wan_light,4,FedAll,pca,wan_light,148.363013304,184.483793054,1,True,False,bdf9ce62297d2e2898791e06c1ffcdfdff9a262a15aaf73758aabf779c5c2656,failed-campaign-success-prefix,/home/mchoi/g007-all-planners-als-runtime-refed-056caca-d60da24-20260801-v1,/home/mchoi/g007-fedall-als-runtime-refed-stage-056caca-20260801-v1/g007-stage-8a3e65e41136663149dce515d4e31ffc75f986ed1ed241cac3a75b3989cd16b8,056caca33fb4466df0770fd9944e9fa6b433d9ae,6cddc0e300b432ad07ac653bfa282ac9d8d332cef1cd722bd78dd94f43de83cc,/home/mchoi/g007-all-planners-als-runtime-refed-056caca-d60da24-20260801-v1/planners/FedAll/cells/068-f7437990a373/response.json
workers=4|planner=FedAll|workload=pca|profile=wan_mid,4,FedAll,pca,wan_mid,157.193348945,197.403878433,1,True,False,c7434758d577ac184b598030804bc2be9d6b016167584205cb58f7204e901309,failed-campaign-success-prefix,/home/mchoi/g007-all-planners-als-runtime-refed-056caca-d60da24-20260801-v1,/home/mchoi/g007-fedall-als-runtime-refed-stage-056caca-20260801-v1/g007-stage-8a3e65e41136663149dce515d4e31ffc75f986ed1ed241cac3a75b3989cd16b8,056caca33fb4466df0770fd9944e9fa6b433d9ae,6cddc0e300b432ad07ac653bfa282ac9d8d332cef1cd722bd78dd94f43de83cc,/home/mchoi/g007-all-planners-als-runtime-refed-056caca-d60da24-20260801-v1/planners/FedAll/cells/069-85785efdacf0/response.json
workers=4|planner=FedAll|workload=lm|profile=lan,4,FedAll,lm,lan,51.618568318,91.667346383,1,True,False,3df8e9e56e5386d6205ce0fb7bcfe1c782de7eff4c4d740b833c1966f7fb28db,failed-campaign-success-prefix,/home/mchoi/g007-all-planners-als-runtime-refed-056caca-d60da24-20260801-v1,/home/mchoi/g007-fedall-als-runtime-refed-stage-056caca-20260801-v1/g007-stage-8a3e65e41136663149dce515d4e31ffc75f986ed1ed241cac3a75b3989cd16b8,056caca33fb4466df0770fd9944e9fa6b433d9ae,6cddc0e300b432ad07ac653bfa282ac9d8d332cef1cd722bd78dd94f43de83cc,/home/mchoi/g007-all-planners-als-runtime-refed-056caca-d60da24-20260801-v1/planners/FedAll/cells/070-82e4be5072ff/response.json
workers=4|planner=FedAll|workload=lm|profile=wan_light,4,FedAll,lm,wan_light,55.132666253,91.206508057,1,True,False,930c70fd2cd1f36f1a5badc2ef709e89cbd720cc56c35a9337d1b3b70ac97087,failed-campaign-success-prefix,/home/mchoi/g007-all-planners-als-runtime-refed-056caca-d60da24-20260801-v1,/home/mchoi/g007-fedall-als-runtime-refed-stage-056caca-20260801-v1/g007-stage-8a3e65e41136663149dce515d4e31ffc75f986ed1ed241cac3a75b3989cd16b8,056caca33fb4466df0770fd9944e9fa6b433d9ae,6cddc0e300b432ad07ac653bfa282ac9d8d332cef1cd722bd78dd94f43de83cc,/home/mchoi/g007-all-planners-als-runtime-refed-056caca-d60da24-20260801-v1/planners/FedAll/cells/071-6823e50c8596/response.json
workers=4|planner=FedAll|workload=lm|profile=wan_mid,4,FedAll,lm,wan_mid,73.883783344,113.944614476,1,True,False,727a08db1fa0a684110fe807deccf3e07374a0babf66b12b6cfb359360b64ebc,failed-campaign-success-prefix,/home/mchoi/g007-all-planners-als-runtime-refed-056caca-d60da24-20260801-v1,/home/mchoi/g007-fedall-als-runtime-refed-stage-056caca-20260801-v1/g007-stage-8a3e65e41136663149dce515d4e31ffc75f986ed1ed241cac3a75b3989cd16b8,056caca33fb4466df0770fd9944e9fa6b433d9ae,6cddc0e300b432ad07ac653bfa282ac9d8d332cef1cd722bd78dd94f43de83cc,/home/mchoi/g007-all-planners-als-runtime-refed-056caca-d60da24-20260801-v1/planners/FedAll/cells/072-8f855354bc8d/response.json
workers=4|planner=FedAll|workload=l2svm|profile=lan,4,FedAll,l2svm,lan,56.00919867,96.171280886,1,True,False,21086302fd505dd9fe4ea41827075a05786332941660bd89e650c50c44e254f5,failed-campaign-success-prefix,/home/mchoi/g007-all-planners-als-runtime-refed-056caca-d60da24-20260801-v1,/home/mchoi/g007-fedall-als-runtime-refed-stage-056caca-20260801-v1/g007-stage-8a3e65e41136663149dce515d4e31ffc75f986ed1ed241cac3a75b3989cd16b8,056caca33fb4466df0770fd9944e9fa6b433d9ae,6cddc0e300b432ad07ac653bfa282ac9d8d332cef1cd722bd78dd94f43de83cc,/home/mchoi/g007-all-planners-als-runtime-refed-056caca-d60da24-20260801-v1/planners/FedAll/cells/073-7f7ca2446896/response.json
workers=4|planner=FedAll|workload=l2svm|profile=wan_light,4,FedAll,l2svm,wan_light,165.525323638,193.414049164,1,True,False,5d697d940f918748ade357df9c7f9d0fb5e5e167f3414249ad3207b9e74499e8,failed-campaign-success-prefix,/home/mchoi/g007-all-planners-als-runtime-refed-056caca-d60da24-20260801-v1,/home/mchoi/g007-fedall-als-runtime-refed-stage-056caca-20260801-v1/g007-stage-8a3e65e41136663149dce515d4e31ffc75f986ed1ed241cac3a75b3989cd16b8,056caca33fb4466df0770fd9944e9fa6b433d9ae,6cddc0e300b432ad07ac653bfa282ac9d8d332cef1cd722bd78dd94f43de83cc,/home/mchoi/g007-all-planners-als-runtime-refed-056caca-d60da24-20260801-v1/planners/FedAll/cells/074-929d29c2c72b/response.json
workers=4|planner=FedAll|workload=l2svm|profile=wan_mid,4,FedAll,l2svm,wan_mid,524.55998818,560.616678091,1,True,False,a5192b19aacd6c2900da878458c79b0638a45b4e35ee2cccd3b182e0ab4c51ff,failed-campaign-success-prefix,/home/mchoi/g007-all-planners-als-runtime-refed-056caca-d60da24-20260801-v1,/home/mchoi/g007-fedall-als-runtime-refed-stage-056caca-20260801-v1/g007-stage-8a3e65e41136663149dce515d4e31ffc75f986ed1ed241cac3a75b3989cd16b8,056caca33fb4466df0770fd9944e9fa6b433d9ae,6cddc0e300b432ad07ac653bfa282ac9d8d332cef1cd722bd78dd94f43de83cc,/home/mchoi/g007-all-planners-als-runtime-refed-056caca-d60da24-20260801-v1/planners/FedAll/cells/075-77de839e68ab/response.json
workers=4|planner=FedAll|workload=logreg|profile=lan,4,FedAll,logreg,lan,37.045809069,77.196262865,1,True,False,3c4800a7ba80e5d42f1ea9a3a84ad8a227ecb07f13c4b0514cf48624c9934897,failed-campaign-success-prefix,/home/mchoi/g007-all-planners-als-runtime-refed-056caca-d60da24-20260801-v1,/home/mchoi/g007-fedall-als-runtime-refed-stage-056caca-20260801-v1/g007-stage-8a3e65e41136663149dce515d4e31ffc75f986ed1ed241cac3a75b3989cd16b8,056caca33fb4466df0770fd9944e9fa6b433d9ae,6cddc0e300b432ad07ac653bfa282ac9d8d332cef1cd722bd78dd94f43de83cc,/home/mchoi/g007-all-planners-als-runtime-refed-056caca-d60da24-20260801-v1/planners/FedAll/cells/076-fa552db89619/response.json
workers=4|planner=FedAll|workload=logreg|profile=wan_light,4,FedAll,logreg,wan_light,74.060607282,114.263671934,1,True,False,ed0ab69c1c5aa12012151edefbae65d11938528064ca07d578221c90df8d4ebc,failed-campaign-success-prefix,/home/mchoi/g007-all-planners-als-runtime-refed-056caca-d60da24-20260801-v1,/home/mchoi/g007-fedall-als-runtime-refed-stage-056caca-20260801-v1/g007-stage-8a3e65e41136663149dce515d4e31ffc75f986ed1ed241cac3a75b3989cd16b8,056caca33fb4466df0770fd9944e9fa6b433d9ae,6cddc0e300b432ad07ac653bfa282ac9d8d332cef1cd722bd78dd94f43de83cc,/home/mchoi/g007-all-planners-als-runtime-refed-056caca-d60da24-20260801-v1/planners/FedAll/cells/077-58b69b2c5e99/response.json
workers=4|planner=FedAll|workload=logreg|profile=wan_mid,4,FedAll,logreg,wan_mid,186.344120116,214.304365306,1,True,False,1d236a333d935e2a5db9160ac3e6492828d64c9bfa814323c1c3186a157e3886,failed-campaign-success-prefix,/home/mchoi/g007-all-planners-als-runtime-refed-056caca-d60da24-20260801-v1,/home/mchoi/g007-fedall-als-runtime-refed-stage-056caca-20260801-v1/g007-stage-8a3e65e41136663149dce515d4e31ffc75f986ed1ed241cac3a75b3989cd16b8,056caca33fb4466df0770fd9944e9fa6b433d9ae,6cddc0e300b432ad07ac653bfa282ac9d8d332cef1cd722bd78dd94f43de83cc,/home/mchoi/g007-all-planners-als-runtime-refed-056caca-d60da24-20260801-v1/planners/FedAll/cells/078-e94d2462919c/response.json
workers=4|planner=FedAll|workload=als|profile=lan,4,FedAll,als,lan,70.801313532,106.834106451,1,True,False,26ee5858055e86fd1aa3eae0de4f8d9bb11261894f18ae668c8c6ad46f51067e,failed-campaign-success-prefix,/home/mchoi/g007-all-planners-als-runtime-refed-056caca-d60da24-20260801-v1,/home/mchoi/g007-fedall-als-runtime-refed-stage-056caca-20260801-v1/g007-stage-8a3e65e41136663149dce515d4e31ffc75f986ed1ed241cac3a75b3989cd16b8,056caca33fb4466df0770fd9944e9fa6b433d9ae,6cddc0e300b432ad07ac653bfa282ac9d8d332cef1cd722bd78dd94f43de83cc,/home/mchoi/g007-all-planners-als-runtime-refed-056caca-d60da24-20260801-v1/planners/FedAll/cells/079-b315c3de312a/response.json
workers=4|planner=FedAll|workload=als|profile=wan_light,4,FedAll,als,wan_light,87.502489948,127.705899051,1,True,False,aee9bfe29e0d139716cfca59f4f8f3afecbf33c8ee8e8c8b043354820e721b1e,failed-campaign-success-prefix,/home/mchoi/g007-all-planners-als-runtime-refed-056caca-d60da24-20260801-v1,/home/mchoi/g007-fedall-als-runtime-refed-stage-056caca-20260801-v1/g007-stage-8a3e65e41136663149dce515d4e31ffc75f986ed1ed241cac3a75b3989cd16b8,056caca33fb4466df0770fd9944e9fa6b433d9ae,6cddc0e300b432ad07ac653bfa282ac9d8d332cef1cd722bd78dd94f43de83cc,/home/mchoi/g007-all-planners-als-runtime-refed-056caca-d60da24-20260801-v1/planners/FedAll/cells/080-f7ac3ea8a6d5/response.json
workers=4|planner=FedAll|workload=als|profile=wan_mid,4,FedAll,als,wan_mid,129.04779215,165.150779445,1,True,False,d48425c1e872a9180125a84406f2437412d774d25681a0c503ebd786fb5df409,failed-campaign-success-prefix,/home/mchoi/g007-all-planners-als-runtime-refed-056caca-d60da24-20260801-v1,/home/mchoi/g007-fedall-als-runtime-refed-stage-056caca-20260801-v1/g007-stage-8a3e65e41136663149dce515d4e31ffc75f986ed1ed241cac3a75b3989cd16b8,056caca33fb4466df0770fd9944e9fa6b433d9ae,6cddc0e300b432ad07ac653bfa282ac9d8d332cef1cd722bd78dd94f43de83cc,/home/mchoi/g007-all-planners-als-runtime-refed-056caca-d60da24-20260801-v1/planners/FedAll/cells/081-d0fc0ba44411/response.json
workers=4|planner=FedAll|workload=steplm|profile=lan,4,FedAll,steplm,lan,65.473475283,105.754668897,1,True,False,a02212a1422ef5ccc6d954900772e02e0cbedb8b0da941822b13522196415240,failed-campaign-success-prefix,/home/mchoi/g007-all-planners-als-runtime-refed-056caca-d60da24-20260801-v1,/home/mchoi/g007-fedall-als-runtime-refed-stage-056caca-20260801-v1/g007-stage-8a3e65e41136663149dce515d4e31ffc75f986ed1ed241cac3a75b3989cd16b8,056caca33fb4466df0770fd9944e9fa6b433d9ae,6cddc0e300b432ad07ac653bfa282ac9d8d332cef1cd722bd78dd94f43de83cc,/home/mchoi/g007-all-planners-als-runtime-refed-056caca-d60da24-20260801-v1/planners/FedAll/cells/082-abad85f807e7/response.json
workers=4|planner=FedAll|workload=steplm|profile=wan_light,4,FedAll,steplm,wan_light,391.398603555,431.65940548,1,True,False,a74ffeb61b3d89a4173bde4580f9faf7ebf44e24adcb25687417ade8c5c20333,failed-campaign-success-prefix,/home/mchoi/g007-all-planners-als-runtime-refed-056caca-d60da24-20260801-v1,/home/mchoi/g007-fedall-als-runtime-refed-stage-056caca-20260801-v1/g007-stage-8a3e65e41136663149dce515d4e31ffc75f986ed1ed241cac3a75b3989cd16b8,056caca33fb4466df0770fd9944e9fa6b433d9ae,6cddc0e300b432ad07ac653bfa282ac9d8d332cef1cd722bd78dd94f43de83cc,/home/mchoi/g007-all-planners-als-runtime-refed-056caca-d60da24-20260801-v1/planners/FedAll/cells/083-08ece85cae18/response.json
workers=4|planner=FedAll|workload=steplm|profile=wan_mid,4,FedAll,steplm,wan_mid,1416.575836512,1456.76542427,1,True,False,eb9de14f7490a51940510d4a5b4748a62ad7658a5c919d43a729028546450519,failed-campaign-success-prefix,/home/mchoi/g007-all-planners-als-runtime-refed-056caca-d60da24-20260801-v1,/home/mchoi/g007-fedall-als-runtime-refed-stage-056caca-20260801-v1/g007-stage-8a3e65e41136663149dce515d4e31ffc75f986ed1ed241cac3a75b3989cd16b8,056caca33fb4466df0770fd9944e9fa6b433d9ae,6cddc0e300b432ad07ac653bfa282ac9d8d332cef1cd722bd78dd94f43de83cc,/home/mchoi/g007-all-planners-als-runtime-refed-056caca-d60da24-20260801-v1/planners/FedAll/cells/084-4aec00484f70/response.json
workers=1|planner=Heuristic|workload=kmeans|profile=lan,1,Heuristic,kmeans,lan,98.108921256,118.593947851,1,True,False,a121b7a0d5389c1aaf3b9a14dad5853bf12db6522a8db24149eed4f46d4ccbec,failed-campaign-success-prefix,/home/mchoi/g007-all-planners-als-runtime-refed-056caca-d60da24-20260801-v1,/home/mchoi/g007-fedall-als-runtime-refed-stage-056caca-20260801-v1/g007-stage-8a3e65e41136663149dce515d4e31ffc75f986ed1ed241cac3a75b3989cd16b8,056caca33fb4466df0770fd9944e9fa6b433d9ae,6cddc0e300b432ad07ac653bfa282ac9d8d332cef1cd722bd78dd94f43de83cc,/home/mchoi/g007-all-planners-als-runtime-refed-056caca-d60da24-20260801-v1/planners/Heuristic/cells/001-bf769ae57f8f/response.json
workers=1|planner=Heuristic|workload=kmeans|profile=wan_light,1,Heuristic,kmeans,wan_light,117.34425006,137.883094223,1,True,False,8a1cbff6695e2fdc843aad58d5e8dc02e74a44d4b6db633494f083037138230b,failed-campaign-success-prefix,/home/mchoi/g007-all-planners-als-runtime-refed-056caca-d60da24-20260801-v1,/home/mchoi/g007-fedall-als-runtime-refed-stage-056caca-20260801-v1/g007-stage-8a3e65e41136663149dce515d4e31ffc75f986ed1ed241cac3a75b3989cd16b8,056caca33fb4466df0770fd9944e9fa6b433d9ae,6cddc0e300b432ad07ac653bfa282ac9d8d332cef1cd722bd78dd94f43de83cc,/home/mchoi/g007-all-planners-als-runtime-refed-056caca-d60da24-20260801-v1/planners/Heuristic/cells/002-26a3d9502ecc/response.json
workers=1|planner=Heuristic|workload=kmeans|profile=wan_mid,1,Heuristic,kmeans,wan_mid,178.125546312,198.650731854,1,True,False,bea4b27a963ec23e9a93fbd14d3098f8fb969d094af7ee32974f469d26a7276e,failed-campaign-success-prefix,/home/mchoi/g007-all-planners-als-runtime-refed-056caca-d60da24-20260801-v1,/home/mchoi/g007-fedall-als-runtime-refed-stage-056caca-20260801-v1/g007-stage-8a3e65e41136663149dce515d4e31ffc75f986ed1ed241cac3a75b3989cd16b8,056caca33fb4466df0770fd9944e9fa6b433d9ae,6cddc0e300b432ad07ac653bfa282ac9d8d332cef1cd722bd78dd94f43de83cc,/home/mchoi/g007-all-planners-als-runtime-refed-056caca-d60da24-20260801-v1/planners/Heuristic/cells/003-7690b4d97b54/response.json
workers=1|planner=Heuristic|workload=pca|profile=lan,1,Heuristic,pca,lan,78.931473059,99.530857947,1,True,False,168975766fd94dd3248673836f9f6153bed2b14ada027202da2bb4f8332aea74,failed-campaign-success-prefix,/home/mchoi/g007-all-planners-als-runtime-refed-056caca-d60da24-20260801-v1,/home/mchoi/g007-fedall-als-runtime-refed-stage-056caca-20260801-v1/g007-stage-8a3e65e41136663149dce515d4e31ffc75f986ed1ed241cac3a75b3989cd16b8,056caca33fb4466df0770fd9944e9fa6b433d9ae,6cddc0e300b432ad07ac653bfa282ac9d8d332cef1cd722bd78dd94f43de83cc,/home/mchoi/g007-all-planners-als-runtime-refed-056caca-d60da24-20260801-v1/planners/Heuristic/cells/004-77902d207cde/response.json
workers=1|planner=Heuristic|workload=pca|profile=wan_light,1,Heuristic,pca,wan_light,78.554609108,99.114253507,1,True,False,5a6224df9bb7e03c050568641ecdbc2d6af9790eb97015b8cd387c76d4e3af25,failed-campaign-success-prefix,/home/mchoi/g007-all-planners-als-runtime-refed-056caca-d60da24-20260801-v1,/home/mchoi/g007-fedall-als-runtime-refed-stage-056caca-20260801-v1/g007-stage-8a3e65e41136663149dce515d4e31ffc75f986ed1ed241cac3a75b3989cd16b8,056caca33fb4466df0770fd9944e9fa6b433d9ae,6cddc0e300b432ad07ac653bfa282ac9d8d332cef1cd722bd78dd94f43de83cc,/home/mchoi/g007-all-planners-als-runtime-refed-056caca-d60da24-20260801-v1/planners/Heuristic/cells/005-eaa4fee4bcd4/response.json
workers=1|planner=Heuristic|workload=pca|profile=wan_mid,1,Heuristic,pca,wan_mid,83.445517758,103.982545182,1,True,False,b886f758745cea98bd2535f676aef64e7bbd860d62dc7fc7184831ca3856dd64,failed-campaign-success-prefix,/home/mchoi/g007-all-planners-als-runtime-refed-056caca-d60da24-20260801-v1,/home/mchoi/g007-fedall-als-runtime-refed-stage-056caca-20260801-v1/g007-stage-8a3e65e41136663149dce515d4e31ffc75f986ed1ed241cac3a75b3989cd16b8,056caca33fb4466df0770fd9944e9fa6b433d9ae,6cddc0e300b432ad07ac653bfa282ac9d8d332cef1cd722bd78dd94f43de83cc,/home/mchoi/g007-all-planners-als-runtime-refed-056caca-d60da24-20260801-v1/planners/Heuristic/cells/006-1f10ba398483/response.json
workers=1|planner=Heuristic|workload=lm|profile=lan,1,Heuristic,lm,lan,144.159755977,164.746455456,1,True,False,09dc8557f6e94e9947f7b2381ff97d5b40532c77219b1365ce67221a2986fd87,failed-campaign-success-prefix,/home/mchoi/g007-all-planners-als-runtime-refed-056caca-d60da24-20260801-v1,/home/mchoi/g007-fedall-als-runtime-refed-stage-056caca-20260801-v1/g007-stage-8a3e65e41136663149dce515d4e31ffc75f986ed1ed241cac3a75b3989cd16b8,056caca33fb4466df0770fd9944e9fa6b433d9ae,6cddc0e300b432ad07ac653bfa282ac9d8d332cef1cd722bd78dd94f43de83cc,/home/mchoi/g007-all-planners-als-runtime-refed-056caca-d60da24-20260801-v1/planners/Heuristic/cells/007-d15ea62f1334/response.json
workers=1|planner=Heuristic|workload=lm|profile=wan_light,1,Heuristic,lm,wan_light,140.987704695,161.459493203,1,True,False,2b49f9055270b1c0f0127b2be9be94ebf699aa30b90b598002694ae0540941fc,failed-campaign-success-prefix,/home/mchoi/g007-all-planners-als-runtime-refed-056caca-d60da24-20260801-v1,/home/mchoi/g007-fedall-als-runtime-refed-stage-056caca-20260801-v1/g007-stage-8a3e65e41136663149dce515d4e31ffc75f986ed1ed241cac3a75b3989cd16b8,056caca33fb4466df0770fd9944e9fa6b433d9ae,6cddc0e300b432ad07ac653bfa282ac9d8d332cef1cd722bd78dd94f43de83cc,/home/mchoi/g007-all-planners-als-runtime-refed-056caca-d60da24-20260801-v1/planners/Heuristic/cells/008-65ab728f5eb7/response.json
workers=1|planner=Heuristic|workload=lm|profile=wan_mid,1,Heuristic,lm,wan_mid,165.032301743,185.636500862,1,True,False,f37fef3d4cfbea76170e6ff6036b3dee1d5fe5376c6ea267c377f81cb3642339,failed-campaign-success-prefix,/home/mchoi/g007-all-planners-als-runtime-refed-056caca-d60da24-20260801-v1,/home/mchoi/g007-fedall-als-runtime-refed-stage-056caca-20260801-v1/g007-stage-8a3e65e41136663149dce515d4e31ffc75f986ed1ed241cac3a75b3989cd16b8,056caca33fb4466df0770fd9944e9fa6b433d9ae,6cddc0e300b432ad07ac653bfa282ac9d8d332cef1cd722bd78dd94f43de83cc,/home/mchoi/g007-all-planners-als-runtime-refed-056caca-d60da24-20260801-v1/planners/Heuristic/cells/009-a3bee2572eba/response.json
workers=1|planner=Heuristic|workload=l2svm|profile=lan,1,Heuristic,l2svm,lan,32.142483245,52.686402179,1,True,False,fa1f30287e583ce94f952d7b24624074783691cddd5dc2fc5f5cf741c6e0a8b9,failed-campaign-success-prefix,/home/mchoi/g007-all-planners-als-runtime-refed-056caca-d60da24-20260801-v1,/home/mchoi/g007-fedall-als-runtime-refed-stage-056caca-20260801-v1/g007-stage-8a3e65e41136663149dce515d4e31ffc75f986ed1ed241cac3a75b3989cd16b8,056caca33fb4466df0770fd9944e9fa6b433d9ae,6cddc0e300b432ad07ac653bfa282ac9d8d332cef1cd722bd78dd94f43de83cc,/home/mchoi/g007-all-planners-als-runtime-refed-056caca-d60da24-20260801-v1/planners/Heuristic/cells/010-10b9a1e4a562/response.json
workers=1|planner=Heuristic|workload=l2svm|profile=wan_light,1,Heuristic,l2svm,wan_light,75.211300671,95.80339844,1,True,False,3d517297408e06744374ddf7dfa0c22ba22658898d60b8f73a6a5e1f21a9e059,failed-campaign-success-prefix,/home/mchoi/g007-all-planners-als-runtime-refed-056caca-d60da24-20260801-v1,/home/mchoi/g007-fedall-als-runtime-refed-stage-056caca-20260801-v1/g007-stage-8a3e65e41136663149dce515d4e31ffc75f986ed1ed241cac3a75b3989cd16b8,056caca33fb4466df0770fd9944e9fa6b433d9ae,6cddc0e300b432ad07ac653bfa282ac9d8d332cef1cd722bd78dd94f43de83cc,/home/mchoi/g007-all-planners-als-runtime-refed-056caca-d60da24-20260801-v1/planners/Heuristic/cells/011-0243cef6d7f1/response.json
workers=1|planner=Heuristic|workload=l2svm|profile=wan_mid,1,Heuristic,l2svm,wan_mid,211.298493219,231.778055363,1,True,False,e1bd623132dbe19bd557aa3c78bbfd0719bc8f63c2b9ab2526dc7223d7825ff4,failed-campaign-success-prefix,/home/mchoi/g007-all-planners-als-runtime-refed-056caca-d60da24-20260801-v1,/home/mchoi/g007-fedall-als-runtime-refed-stage-056caca-20260801-v1/g007-stage-8a3e65e41136663149dce515d4e31ffc75f986ed1ed241cac3a75b3989cd16b8,056caca33fb4466df0770fd9944e9fa6b433d9ae,6cddc0e300b432ad07ac653bfa282ac9d8d332cef1cd722bd78dd94f43de83cc,/home/mchoi/g007-all-planners-als-runtime-refed-056caca-d60da24-20260801-v1/planners/Heuristic/cells/012-16ce6128c1a7/response.json
workers=1|planner=Heuristic|workload=logreg|profile=lan,1,Heuristic,logreg,lan,30.983472232,51.457715652,1,True,False,49a6334fa2b7a4cfffb0a203fc18f3e7927dd50bc50869d48de67a0cef558da0,failed-campaign-success-prefix,/home/mchoi/g007-all-planners-als-runtime-refed-056caca-d60da24-20260801-v1,/home/mchoi/g007-fedall-als-runtime-refed-stage-056caca-20260801-v1/g007-stage-8a3e65e41136663149dce515d4e31ffc75f986ed1ed241cac3a75b3989cd16b8,056caca33fb4466df0770fd9944e9fa6b433d9ae,6cddc0e300b432ad07ac653bfa282ac9d8d332cef1cd722bd78dd94f43de83cc,/home/mchoi/g007-all-planners-als-runtime-refed-056caca-d60da24-20260801-v1/planners/Heuristic/cells/013-4dfeda4d47c8/response.json
workers=1|planner=Heuristic|workload=logreg|profile=wan_light,1,Heuristic,logreg,wan_light,48.764210515,69.257924208,1,True,False,80367fa07aca8e0406f612c2175c118b79657809eae2b7e6e6b3642babd869a1,failed-campaign-success-prefix,/home/mchoi/g007-all-planners-als-runtime-refed-056caca-d60da24-20260801-v1,/home/mchoi/g007-fedall-als-runtime-refed-stage-056caca-20260801-v1/g007-stage-8a3e65e41136663149dce515d4e31ffc75f986ed1ed241cac3a75b3989cd16b8,056caca33fb4466df0770fd9944e9fa6b433d9ae,6cddc0e300b432ad07ac653bfa282ac9d8d332cef1cd722bd78dd94f43de83cc,/home/mchoi/g007-all-planners-als-runtime-refed-056caca-d60da24-20260801-v1/planners/Heuristic/cells/014-fd0a9507273d/response.json
workers=1|planner=Heuristic|workload=logreg|profile=wan_mid,1,Heuristic,logreg,wan_mid,103.72987334,124.20907449,1,True,False,c45c7caba934ed9089cec2023e5748a9b1e7eb8992f7fbc3c6b84c1188110213,failed-campaign-success-prefix,/home/mchoi/g007-all-planners-als-runtime-refed-056caca-d60da24-20260801-v1,/home/mchoi/g007-fedall-als-runtime-refed-stage-056caca-20260801-v1/g007-stage-8a3e65e41136663149dce515d4e31ffc75f986ed1ed241cac3a75b3989cd16b8,056caca33fb4466df0770fd9944e9fa6b433d9ae,6cddc0e300b432ad07ac653bfa282ac9d8d332cef1cd722bd78dd94f43de83cc,/home/mchoi/g007-all-planners-als-runtime-refed-056caca-d60da24-20260801-v1/planners/Heuristic/cells/015-c48be26ccae2/response.json
workers=1|planner=Heuristic|workload=als|profile=lan,1,Heuristic,als,lan,170.743444727,191.312341145,1,True,False,db57c59a637a7890cf9e221eb070650eb4eacd3c7c51df3b61de39ee2da19f89,failed-campaign-success-prefix,/home/mchoi/g007-all-planners-als-runtime-refed-056caca-d60da24-20260801-v1,/home/mchoi/g007-fedall-als-runtime-refed-stage-056caca-20260801-v1/g007-stage-8a3e65e41136663149dce515d4e31ffc75f986ed1ed241cac3a75b3989cd16b8,056caca33fb4466df0770fd9944e9fa6b433d9ae,6cddc0e300b432ad07ac653bfa282ac9d8d332cef1cd722bd78dd94f43de83cc,/home/mchoi/g007-all-planners-als-runtime-refed-056caca-d60da24-20260801-v1/planners/Heuristic/cells/016-a3178fa5f456/response.json
workers=1|planner=Heuristic|workload=als|profile=wan_light,1,Heuristic,als,wan_light,171.609741649,192.154018226,1,True,False,cdff9848fd00fd6e1e92bc8c278c040f5f81d54a3394a4fbb0ed72e0561b8206,failed-campaign-success-prefix,/home/mchoi/g007-all-planners-als-runtime-refed-056caca-d60da24-20260801-v1,/home/mchoi/g007-fedall-als-runtime-refed-stage-056caca-20260801-v1/g007-stage-8a3e65e41136663149dce515d4e31ffc75f986ed1ed241cac3a75b3989cd16b8,056caca33fb4466df0770fd9944e9fa6b433d9ae,6cddc0e300b432ad07ac653bfa282ac9d8d332cef1cd722bd78dd94f43de83cc,/home/mchoi/g007-all-planners-als-runtime-refed-056caca-d60da24-20260801-v1/planners/Heuristic/cells/017-e1e74d83285c/response.json
workers=1|planner=Heuristic|workload=als|profile=wan_mid,1,Heuristic,als,wan_mid,180.992015047,201.47894104,1,True,False,1c22e1cc6df9512c030d2f1b5891f961aee003bda4f2aba8ce4af5692048a01d,failed-campaign-success-prefix,/home/mchoi/g007-all-planners-als-runtime-refed-056caca-d60da24-20260801-v1,/home/mchoi/g007-fedall-als-runtime-refed-stage-056caca-20260801-v1/g007-stage-8a3e65e41136663149dce515d4e31ffc75f986ed1ed241cac3a75b3989cd16b8,056caca33fb4466df0770fd9944e9fa6b433d9ae,6cddc0e300b432ad07ac653bfa282ac9d8d332cef1cd722bd78dd94f43de83cc,/home/mchoi/g007-all-planners-als-runtime-refed-056caca-d60da24-20260801-v1/planners/Heuristic/cells/018-958029693752/response.json
workers=1|planner=Heuristic|workload=steplm|profile=lan,1,Heuristic,steplm,lan,54.864765304,75.424596517,1,True,False,ea321c9a26ae9e4f274fd04fc95308e326f1e4b6f215d0961bcb59f58a24a566,failed-campaign-success-prefix,/home/mchoi/g007-all-planners-als-runtime-refed-056caca-d60da24-20260801-v1,/home/mchoi/g007-fedall-als-runtime-refed-stage-056caca-20260801-v1/g007-stage-8a3e65e41136663149dce515d4e31ffc75f986ed1ed241cac3a75b3989cd16b8,056caca33fb4466df0770fd9944e9fa6b433d9ae,6cddc0e300b432ad07ac653bfa282ac9d8d332cef1cd722bd78dd94f43de83cc,/home/mchoi/g007-all-planners-als-runtime-refed-056caca-d60da24-20260801-v1/planners/Heuristic/cells/019-c7cc72ab9457/response.json
workers=1|planner=Heuristic|workload=steplm|profile=wan_light,1,Heuristic,steplm,wan_light,347.698815442,368.310450469,1,True,False,45f943e7ec1f911c74b9aa67b0024dd5af17a08ce21e2bf918d5d2f23390f660,failed-campaign-success-prefix,/home/mchoi/g007-all-planners-als-runtime-refed-056caca-d60da24-20260801-v1,/home/mchoi/g007-fedall-als-runtime-refed-stage-056caca-20260801-v1/g007-stage-8a3e65e41136663149dce515d4e31ffc75f986ed1ed241cac3a75b3989cd16b8,056caca33fb4466df0770fd9944e9fa6b433d9ae,6cddc0e300b432ad07ac653bfa282ac9d8d332cef1cd722bd78dd94f43de83cc,/home/mchoi/g007-all-planners-als-runtime-refed-056caca-d60da24-20260801-v1/planners/Heuristic/cells/020-a05f5a0f8084/response.json
workers=1|planner=Heuristic|workload=steplm|profile=wan_mid,1,Heuristic,steplm,wan_mid,1258.159985095,1278.798671375,1,True,False,9fc5619c52fda9eca0dbcdb8d56c147d5154c6581223a84ee7a56e4e11a31ea9,failed-campaign-success-prefix,/home/mchoi/g007-all-planners-als-runtime-refed-056caca-d60da24-20260801-v1,/home/mchoi/g007-fedall-als-runtime-refed-stage-056caca-20260801-v1/g007-stage-8a3e65e41136663149dce515d4e31ffc75f986ed1ed241cac3a75b3989cd16b8,056caca33fb4466df0770fd9944e9fa6b433d9ae,6cddc0e300b432ad07ac653bfa282ac9d8d332cef1cd722bd78dd94f43de83cc,/home/mchoi/g007-all-planners-als-runtime-refed-056caca-d60da24-20260801-v1/planners/Heuristic/cells/021-209fcf65c519/response.json
workers=2|planner=Heuristic|workload=kmeans|profile=lan,2,Heuristic,kmeans,lan,45.449671074,68.764446671,1,True,False,5f05603a4548c38c2887f33aeb211e72eb6b790b109faf700ac6985ab2f01640,failed-campaign-success-prefix,/home/mchoi/g007-all-planners-als-runtime-refed-056caca-d60da24-20260801-v1,/home/mchoi/g007-fedall-als-runtime-refed-stage-056caca-20260801-v1/g007-stage-8a3e65e41136663149dce515d4e31ffc75f986ed1ed241cac3a75b3989cd16b8,056caca33fb4466df0770fd9944e9fa6b433d9ae,6cddc0e300b432ad07ac653bfa282ac9d8d332cef1cd722bd78dd94f43de83cc,/home/mchoi/g007-all-planners-als-runtime-refed-056caca-d60da24-20260801-v1/planners/Heuristic/cells/022-22e39ecb5ec1/response.json
workers=2|planner=Heuristic|workload=kmeans|profile=wan_light,2,Heuristic,kmeans,wan_light,60.145773651,87.546320914,1,True,False,dbb768a9bb0e2441233558e97aec8922829a6f9f4508a32de4d540ce85635f1c,failed-campaign-success-prefix,/home/mchoi/g007-all-planners-als-runtime-refed-056caca-d60da24-20260801-v1,/home/mchoi/g007-fedall-als-runtime-refed-stage-056caca-20260801-v1/g007-stage-8a3e65e41136663149dce515d4e31ffc75f986ed1ed241cac3a75b3989cd16b8,056caca33fb4466df0770fd9944e9fa6b433d9ae,6cddc0e300b432ad07ac653bfa282ac9d8d332cef1cd722bd78dd94f43de83cc,/home/mchoi/g007-all-planners-als-runtime-refed-056caca-d60da24-20260801-v1/planners/Heuristic/cells/023-7a7afdb79a3f/response.json
workers=2|planner=Heuristic|workload=kmeans|profile=wan_mid,2,Heuristic,kmeans,wan_mid,101.702584267,124.965399366,1,True,False,7fa224e7a3f30e9531d32062c2b4292e30be9c1b65d0ad11f3fb0283d7ac51a8,failed-campaign-success-prefix,/home/mchoi/g007-all-planners-als-runtime-refed-056caca-d60da24-20260801-v1,/home/mchoi/g007-fedall-als-runtime-refed-stage-056caca-20260801-v1/g007-stage-8a3e65e41136663149dce515d4e31ffc75f986ed1ed241cac3a75b3989cd16b8,056caca33fb4466df0770fd9944e9fa6b433d9ae,6cddc0e300b432ad07ac653bfa282ac9d8d332cef1cd722bd78dd94f43de83cc,/home/mchoi/g007-all-planners-als-runtime-refed-056caca-d60da24-20260801-v1/planners/Heuristic/cells/024-e2113ab3e495/response.json
workers=2|planner=Heuristic|workload=pca|profile=lan,2,Heuristic,pca,lan,153.999969654,181.36490296,1,True,False,c12b46635b8acf62894df9bbd2712563a8c51b9292b31b4e0290134fc411c08e,failed-campaign-success-prefix,/home/mchoi/g007-all-planners-als-runtime-refed-056caca-d60da24-20260801-v1,/home/mchoi/g007-fedall-als-runtime-refed-stage-056caca-20260801-v1/g007-stage-8a3e65e41136663149dce515d4e31ffc75f986ed1ed241cac3a75b3989cd16b8,056caca33fb4466df0770fd9944e9fa6b433d9ae,6cddc0e300b432ad07ac653bfa282ac9d8d332cef1cd722bd78dd94f43de83cc,/home/mchoi/g007-all-planners-als-runtime-refed-056caca-d60da24-20260801-v1/planners/Heuristic/cells/025-f2042ee228f3/response.json
workers=2|planner=Heuristic|workload=pca|profile=wan_light,2,Heuristic,pca,wan_light,156.789259747,184.154410489,1,True,False,f978c3a6e005d50eccca4b0f2be3b5b8293e3d3d1e6a552a25dae2d32992bc38,failed-campaign-success-prefix,/home/mchoi/g007-all-planners-als-runtime-refed-056caca-d60da24-20260801-v1,/home/mchoi/g007-fedall-als-runtime-refed-stage-056caca-20260801-v1/g007-stage-8a3e65e41136663149dce515d4e31ffc75f986ed1ed241cac3a75b3989cd16b8,056caca33fb4466df0770fd9944e9fa6b433d9ae,6cddc0e300b432ad07ac653bfa282ac9d8d332cef1cd722bd78dd94f43de83cc,/home/mchoi/g007-all-planners-als-runtime-refed-056caca-d60da24-20260801-v1/planners/Heuristic/cells/026-40c49812b698/response.json
workers=2|planner=Heuristic|workload=pca|profile=wan_mid,2,Heuristic,pca,wan_mid,168.845467955,196.20125521,1,True,False,162c2860042056b54a0ce026310204c72547d10252901b6b8223962a78abf966,failed-campaign-success-prefix,/home/mchoi/g007-all-planners-als-runtime-refed-056caca-d60da24-20260801-v1,/home/mchoi/g007-fedall-als-runtime-refed-stage-056caca-20260801-v1/g007-stage-8a3e65e41136663149dce515d4e31ffc75f986ed1ed241cac3a75b3989cd16b8,056caca33fb4466df0770fd9944e9fa6b433d9ae,6cddc0e300b432ad07ac653bfa282ac9d8d332cef1cd722bd78dd94f43de83cc,/home/mchoi/g007-all-planners-als-runtime-refed-056caca-d60da24-20260801-v1/planners/Heuristic/cells/027-b77713f03e2f/response.json
workers=2|planner=Heuristic|workload=lm|profile=lan,2,Heuristic,lm,lan,112.441972074,135.602050556,1,True,False,65e9b9dcc9283056ca74cc8090e624ecfb1149d4127033572298db06ca8130cb,validated_heuristic_lm_fix_canary,/home/mchoi/g007-heuristic-lm-relocation-canary-61a907f-d60da24-20260802-v1,/home/mchoi/g007-heuristic-lm-relocation-stage-61a907f-20260802-v3/g007-stage-acb0f61eb4be3aabfd68f617ad6631c683a24a72c4950fa89dbf7026688c4ce0,61a907f07ff727c1438e07199f443db7f1e16032,d4b5308325f6f885b294e30e9645f973e34b5bbaf8a885f249f01c0e111832c5,/home/mchoi/g007-heuristic-lm-relocation-canary-61a907f-d60da24-20260802-v1/response.json
workers=2|planner=Heuristic|workload=lm|profile=wan_light,2,Heuristic,lm,wan_light,119.37420213,142.45469329,1,True,False,1ee8f1e1b58494aad6bb9d3288e04d3a2d41e6a5e51e230744e428a94a00ba9e,failed-campaign-success-prefix,/home/mchoi/g007-all-planners-heuristic-lm-relocation-61a907f-d60da24-20260802-v1,/home/mchoi/g007-heuristic-lm-relocation-stage-61a907f-20260802-v3/g007-stage-acb0f61eb4be3aabfd68f617ad6631c683a24a72c4950fa89dbf7026688c4ce0,61a907f07ff727c1438e07199f443db7f1e16032,d4b5308325f6f885b294e30e9645f973e34b5bbaf8a885f249f01c0e111832c5,/home/mchoi/g007-all-planners-heuristic-lm-relocation-61a907f-d60da24-20260802-v1/planners/Heuristic/cells/029-a51a431eb602/response.json
workers=2|planner=Heuristic|workload=lm|profile=wan_mid,2,Heuristic,lm,wan_mid,125.294540035,148.367909197,1,True,False,ddec0e386994b50af5711603339b503c014c18bc8216bf153cce97c7c0a71678,failed-campaign-success-prefix,/home/mchoi/g007-all-planners-heuristic-lm-relocation-61a907f-d60da24-20260802-v1,/home/mchoi/g007-heuristic-lm-relocation-stage-61a907f-20260802-v3/g007-stage-acb0f61eb4be3aabfd68f617ad6631c683a24a72c4950fa89dbf7026688c4ce0,61a907f07ff727c1438e07199f443db7f1e16032,d4b5308325f6f885b294e30e9645f973e34b5bbaf8a885f249f01c0e111832c5,/home/mchoi/g007-all-planners-heuristic-lm-relocation-61a907f-d60da24-20260802-v1/planners/Heuristic/cells/030-e0e5eb18d62c/response.json
workers=2|planner=Heuristic|workload=l2svm|profile=lan,2,Heuristic,l2svm,lan,43.015791462,66.331404337,1,True,False,d70f32fbe8ece4c4ae7b8744ebcd24336bfac8d2153b0af847230c131af61603,failed-campaign-success-prefix,/home/mchoi/g007-all-planners-heuristic-lm-relocation-61a907f-d60da24-20260802-v1,/home/mchoi/g007-heuristic-lm-relocation-stage-61a907f-20260802-v3/g007-stage-acb0f61eb4be3aabfd68f617ad6631c683a24a72c4950fa89dbf7026688c4ce0,61a907f07ff727c1438e07199f443db7f1e16032,d4b5308325f6f885b294e30e9645f973e34b5bbaf8a885f249f01c0e111832c5,/home/mchoi/g007-all-planners-heuristic-lm-relocation-61a907f-d60da24-20260802-v1/planners/Heuristic/cells/031-68422d548006/response.json
workers=2|planner=Heuristic|workload=l2svm|profile=wan_light,2,Heuristic,l2svm,wan_light,160.706449236,188.165314401,1,True,False,ee9028a8b3479fbe236c7dde7f61cbc91a8dc6d044e8df5d9e99355d885582d7,failed-campaign-success-prefix,/home/mchoi/g007-all-planners-heuristic-lm-relocation-61a907f-d60da24-20260802-v1,/home/mchoi/g007-heuristic-lm-relocation-stage-61a907f-20260802-v3/g007-stage-acb0f61eb4be3aabfd68f617ad6631c683a24a72c4950fa89dbf7026688c4ce0,61a907f07ff727c1438e07199f443db7f1e16032,d4b5308325f6f885b294e30e9645f973e34b5bbaf8a885f249f01c0e111832c5,/home/mchoi/g007-all-planners-heuristic-lm-relocation-61a907f-d60da24-20260802-v1/planners/Heuristic/cells/032-e640a2d540c0/response.json
workers=2|planner=Heuristic|workload=l2svm|profile=wan_mid,2,Heuristic,l2svm,wan_mid,526.420653061,553.88575639,1,True,False,ce325ea15e8ff30597f9d1d25891fee422ed46fb4fbd5f09edc5440e4271e6a7,failed-campaign-success-prefix,/home/mchoi/g007-all-planners-heuristic-lm-relocation-61a907f-d60da24-20260802-v1,/home/mchoi/g007-heuristic-lm-relocation-stage-61a907f-20260802-v3/g007-stage-acb0f61eb4be3aabfd68f617ad6631c683a24a72c4950fa89dbf7026688c4ce0,61a907f07ff727c1438e07199f443db7f1e16032,d4b5308325f6f885b294e30e9645f973e34b5bbaf8a885f249f01c0e111832c5,/home/mchoi/g007-all-planners-heuristic-lm-relocation-61a907f-d60da24-20260802-v1/planners/Heuristic/cells/033-3c9e4a9b5161/response.json
workers=2|planner=Heuristic|workload=logreg|profile=lan,2,Heuristic,logreg,lan,35.187311398,62.353593429,1,True,False,116c490cd9f86ef31e86e48d2e58b36e185ef068423389b7607763dba538afa1,failed-campaign-success-prefix,/home/mchoi/g007-all-planners-heuristic-lm-relocation-61a907f-d60da24-20260802-v1,/home/mchoi/g007-heuristic-lm-relocation-stage-61a907f-20260802-v3/g007-stage-acb0f61eb4be3aabfd68f617ad6631c683a24a72c4950fa89dbf7026688c4ce0,61a907f07ff727c1438e07199f443db7f1e16032,d4b5308325f6f885b294e30e9645f973e34b5bbaf8a885f249f01c0e111832c5,/home/mchoi/g007-all-planners-heuristic-lm-relocation-61a907f-d60da24-20260802-v1/planners/Heuristic/cells/034-04594ac297c5/response.json
workers=2|planner=Heuristic|workload=logreg|profile=wan_light,2,Heuristic,logreg,wan_light,75.847372781,103.010419213,1,True,False,854a3bab39e5ce74f545d01c11cde824fe25b3a8bfc7821905675a5544498c1e,failed-campaign-success-prefix,/home/mchoi/g007-all-planners-heuristic-lm-relocation-61a907f-d60da24-20260802-v1,/home/mchoi/g007-heuristic-lm-relocation-stage-61a907f-20260802-v3/g007-stage-acb0f61eb4be3aabfd68f617ad6631c683a24a72c4950fa89dbf7026688c4ce0,61a907f07ff727c1438e07199f443db7f1e16032,d4b5308325f6f885b294e30e9645f973e34b5bbaf8a885f249f01c0e111832c5,/home/mchoi/g007-all-planners-heuristic-lm-relocation-61a907f-d60da24-20260802-v1/planners/Heuristic/cells/035-2776c53300c9/response.json
workers=2|planner=Heuristic|workload=logreg|profile=wan_mid,2,Heuristic,logreg,wan_mid,198.092289445,225.423537121,1,True,False,2583e04acc50c7b5f62a1f74e49667cb98bbc1ff745489be0873ae0108090ff2,failed-campaign-success-prefix,/home/mchoi/g007-all-planners-heuristic-lm-relocation-61a907f-d60da24-20260802-v1,/home/mchoi/g007-heuristic-lm-relocation-stage-61a907f-20260802-v3/g007-stage-acb0f61eb4be3aabfd68f617ad6631c683a24a72c4950fa89dbf7026688c4ce0,61a907f07ff727c1438e07199f443db7f1e16032,d4b5308325f6f885b294e30e9645f973e34b5bbaf8a885f249f01c0e111832c5,/home/mchoi/g007-all-planners-heuristic-lm-relocation-61a907f-d60da24-20260802-v1/planners/Heuristic/cells/036-2d2fa7446815/response.json
workers=2|planner=Heuristic|workload=als|profile=lan,2,Heuristic,als,lan,78.712952842,105.915963837,1,True,False,c17ffe130fbaa267954a7e8c58a7bc5f6242e14465389dea961038f185b1b4cf,failed-campaign-success-prefix,/home/mchoi/g007-all-planners-heuristic-lm-relocation-61a907f-d60da24-20260802-v1,/home/mchoi/g007-heuristic-lm-relocation-stage-61a907f-20260802-v3/g007-stage-acb0f61eb4be3aabfd68f617ad6631c683a24a72c4950fa89dbf7026688c4ce0,61a907f07ff727c1438e07199f443db7f1e16032,d4b5308325f6f885b294e30e9645f973e34b5bbaf8a885f249f01c0e111832c5,/home/mchoi/g007-all-planners-heuristic-lm-relocation-61a907f-d60da24-20260802-v1/planners/Heuristic/cells/037-3bc9f2011650/response.json
workers=2|planner=Heuristic|workload=als|profile=wan_light,2,Heuristic,als,wan_light,97.499619961,124.654155528,1,True,False,4c54fd8212669b25b4d08b54a5d90ac5a5babb95eb5969de8f8095baa9d799c9,failed-campaign-success-prefix,/home/mchoi/g007-all-planners-heuristic-lm-relocation-61a907f-d60da24-20260802-v1,/home/mchoi/g007-heuristic-lm-relocation-stage-61a907f-20260802-v3/g007-stage-acb0f61eb4be3aabfd68f617ad6631c683a24a72c4950fa89dbf7026688c4ce0,61a907f07ff727c1438e07199f443db7f1e16032,d4b5308325f6f885b294e30e9645f973e34b5bbaf8a885f249f01c0e111832c5,/home/mchoi/g007-all-planners-heuristic-lm-relocation-61a907f-d60da24-20260802-v1/planners/Heuristic/cells/038-86d6269bfb84/response.json
workers=2|planner=Heuristic|workload=als|profile=wan_mid,2,Heuristic,als,wan_mid,142.422020156,169.723207342,1,True,False,a966d8ac42282ac39dc4ab710082186999866d1fa389b98335b257825ec699be,failed-campaign-success-prefix,/home/mchoi/g007-all-planners-heuristic-lm-relocation-61a907f-d60da24-20260802-v1,/home/mchoi/g007-heuristic-lm-relocation-stage-61a907f-20260802-v3/g007-stage-acb0f61eb4be3aabfd68f617ad6631c683a24a72c4950fa89dbf7026688c4ce0,61a907f07ff727c1438e07199f443db7f1e16032,d4b5308325f6f885b294e30e9645f973e34b5bbaf8a885f249f01c0e111832c5,/home/mchoi/g007-all-planners-heuristic-lm-relocation-61a907f-d60da24-20260802-v1/planners/Heuristic/cells/039-13bf11885bd7/response.json
workers=2|planner=Heuristic|workload=steplm|profile=lan,2,Heuristic,steplm,lan,62.203861838,89.362392094,1,True,False,27e9fd78417ecef947fe4957057a575d3493cc6f6370d83a969de31d6bd8433f,failed-campaign-success-prefix,/home/mchoi/g007-all-planners-heuristic-lm-relocation-61a907f-d60da24-20260802-v1,/home/mchoi/g007-heuristic-lm-relocation-stage-61a907f-20260802-v3/g007-stage-acb0f61eb4be3aabfd68f617ad6631c683a24a72c4950fa89dbf7026688c4ce0,61a907f07ff727c1438e07199f443db7f1e16032,d4b5308325f6f885b294e30e9645f973e34b5bbaf8a885f249f01c0e111832c5,/home/mchoi/g007-all-planners-heuristic-lm-relocation-61a907f-d60da24-20260802-v1/planners/Heuristic/cells/040-136346f8112e/response.json
workers=2|planner=Heuristic|workload=steplm|profile=wan_light,2,Heuristic,steplm,wan_light,393.26271997,420.43542584,1,True,False,b1fc729a0d839524da3a6cc33bba9f3233ed5354630dcf2152ce76449db3f50e,failed-campaign-success-prefix,/home/mchoi/g007-all-planners-heuristic-lm-relocation-61a907f-d60da24-20260802-v1,/home/mchoi/g007-heuristic-lm-relocation-stage-61a907f-20260802-v3/g007-stage-acb0f61eb4be3aabfd68f617ad6631c683a24a72c4950fa89dbf7026688c4ce0,61a907f07ff727c1438e07199f443db7f1e16032,d4b5308325f6f885b294e30e9645f973e34b5bbaf8a885f249f01c0e111832c5,/home/mchoi/g007-all-planners-heuristic-lm-relocation-61a907f-d60da24-20260802-v1/planners/Heuristic/cells/041-db710640eb1e/response.json
workers=2|planner=Heuristic|workload=steplm|profile=wan_mid,2,Heuristic,steplm,wan_mid,1431.188723143,1454.367816572,1,True,False,4937502fcc882defe998d4b76dacfd95074467953b6ed9110ef0bf257dca0288,failed-campaign-success-prefix,/home/mchoi/g007-all-planners-heuristic-lm-relocation-61a907f-d60da24-20260802-v1,/home/mchoi/g007-heuristic-lm-relocation-stage-61a907f-20260802-v3/g007-stage-acb0f61eb4be3aabfd68f617ad6631c683a24a72c4950fa89dbf7026688c4ce0,61a907f07ff727c1438e07199f443db7f1e16032,d4b5308325f6f885b294e30e9645f973e34b5bbaf8a885f249f01c0e111832c5,/home/mchoi/g007-all-planners-heuristic-lm-relocation-61a907f-d60da24-20260802-v1/planners/Heuristic/cells/042-893f49383ad1/response.json
workers=3|planner=Heuristic|workload=kmeans|profile=lan,3,Heuristic,kmeans,lan,148.840187115,174.500481689,1,True,False,670c2990afa1cbf79497d73ec4eda4987bf12dea89a0e41dd98833ce8ef311d8,failed-campaign-success-prefix,/home/mchoi/g007-all-planners-heuristic-lm-relocation-61a907f-d60da24-20260802-v1,/home/mchoi/g007-heuristic-lm-relocation-stage-61a907f-20260802-v3/g007-stage-acb0f61eb4be3aabfd68f617ad6631c683a24a72c4950fa89dbf7026688c4ce0,61a907f07ff727c1438e07199f443db7f1e16032,d4b5308325f6f885b294e30e9645f973e34b5bbaf8a885f249f01c0e111832c5,/home/mchoi/g007-all-planners-heuristic-lm-relocation-61a907f-d60da24-20260802-v1/planners/Heuristic/cells/043-a12563ed7fc8/response.json
workers=3|planner=Heuristic|workload=kmeans|profile=wan_light,3,Heuristic,kmeans,wan_light,164.619217919,190.124352302,1,True,False,b45949a33ed38fe5ccac36c48e11470417dc28f85a683349dcc451ab81045e33,failed-campaign-success-prefix,/home/mchoi/g007-all-planners-heuristic-lm-relocation-61a907f-d60da24-20260802-v1,/home/mchoi/g007-heuristic-lm-relocation-stage-61a907f-20260802-v3/g007-stage-acb0f61eb4be3aabfd68f617ad6631c683a24a72c4950fa89dbf7026688c4ce0,61a907f07ff727c1438e07199f443db7f1e16032,d4b5308325f6f885b294e30e9645f973e34b5bbaf8a885f249f01c0e111832c5,/home/mchoi/g007-all-planners-heuristic-lm-relocation-61a907f-d60da24-20260802-v1/planners/Heuristic/cells/044-52c079d6b967/response.json
workers=3|planner=Heuristic|workload=kmeans|profile=wan_mid,3,Heuristic,kmeans,wan_mid,205.870840819,231.384152969,1,True,False,495e21e621a54dffd5c718aa050f8f0c3ea9a007fe50004d78174b72492c8101,failed-campaign-success-prefix,/home/mchoi/g007-all-planners-heuristic-lm-relocation-61a907f-d60da24-20260802-v1,/home/mchoi/g007-heuristic-lm-relocation-stage-61a907f-20260802-v3/g007-stage-acb0f61eb4be3aabfd68f617ad6631c683a24a72c4950fa89dbf7026688c4ce0,61a907f07ff727c1438e07199f443db7f1e16032,d4b5308325f6f885b294e30e9645f973e34b5bbaf8a885f249f01c0e111832c5,/home/mchoi/g007-all-planners-heuristic-lm-relocation-61a907f-d60da24-20260802-v1/planners/Heuristic/cells/045-ed7c5f55be5c/response.json
workers=3|planner=Heuristic|workload=pca|profile=lan,3,Heuristic,pca,lan,147.939654519,181.64642312,1,True,False,5c61303c74a7acb9bdf2ca3e14eb8cc1e71910424a2a6a34132f595f308cc706,failed-campaign-success-prefix,/home/mchoi/g007-all-planners-heuristic-lm-relocation-61a907f-d60da24-20260802-v1,/home/mchoi/g007-heuristic-lm-relocation-stage-61a907f-20260802-v3/g007-stage-acb0f61eb4be3aabfd68f617ad6631c683a24a72c4950fa89dbf7026688c4ce0,61a907f07ff727c1438e07199f443db7f1e16032,d4b5308325f6f885b294e30e9645f973e34b5bbaf8a885f249f01c0e111832c5,/home/mchoi/g007-all-planners-heuristic-lm-relocation-61a907f-d60da24-20260802-v1/planners/Heuristic/cells/046-62d310b9c812/response.json
workers=3|planner=Heuristic|workload=pca|profile=wan_light,3,Heuristic,pca,wan_light,150.675293667,184.389343693,1,True,False,7d8ef5df14969940008ebc42504bf924008937f511489c3d88d3e4e308927d7f,failed-campaign-success-prefix,/home/mchoi/g007-all-planners-heuristic-lm-relocation-61a907f-d60da24-20260802-v1,/home/mchoi/g007-heuristic-lm-relocation-stage-61a907f-20260802-v3/g007-stage-acb0f61eb4be3aabfd68f617ad6631c683a24a72c4950fa89dbf7026688c4ce0,61a907f07ff727c1438e07199f443db7f1e16032,d4b5308325f6f885b294e30e9645f973e34b5bbaf8a885f249f01c0e111832c5,/home/mchoi/g007-all-planners-heuristic-lm-relocation-61a907f-d60da24-20260802-v1/planners/Heuristic/cells/047-efc8351d52b6/response.json
workers=3|planner=Heuristic|workload=pca|profile=wan_mid,3,Heuristic,pca,wan_mid,160.316251404,194.028732972,1,True,False,e24b318783a7af7202802a9173f3e1505516c39cd97b79e517150ac27adafab7,failed-campaign-success-prefix,/home/mchoi/g007-all-planners-heuristic-lm-relocation-61a907f-d60da24-20260802-v1,/home/mchoi/g007-heuristic-lm-relocation-stage-61a907f-20260802-v3/g007-stage-acb0f61eb4be3aabfd68f617ad6631c683a24a72c4950fa89dbf7026688c4ce0,61a907f07ff727c1438e07199f443db7f1e16032,d4b5308325f6f885b294e30e9645f973e34b5bbaf8a885f249f01c0e111832c5,/home/mchoi/g007-all-planners-heuristic-lm-relocation-61a907f-d60da24-20260802-v1/planners/Heuristic/cells/048-e4e0dbdb3fd9/response.json
workers=3|planner=Heuristic|workload=lm|profile=lan,3,Heuristic,lm,lan,37.044211602,66.587613447,1,True,False,98715b391c26f1e59625dc9e2e90c6a8645198262a5db43820fe23dd1b32133a,failed-campaign-success-prefix,/home/mchoi/g007-all-planners-heuristic-lm-relocation-61a907f-d60da24-20260802-v1,/home/mchoi/g007-heuristic-lm-relocation-stage-61a907f-20260802-v3/g007-stage-acb0f61eb4be3aabfd68f617ad6631c683a24a72c4950fa89dbf7026688c4ce0,61a907f07ff727c1438e07199f443db7f1e16032,d4b5308325f6f885b294e30e9645f973e34b5bbaf8a885f249f01c0e111832c5,/home/mchoi/g007-all-planners-heuristic-lm-relocation-61a907f-d60da24-20260802-v1/planners/Heuristic/cells/049-4095ed53cafb/response.json
workers=3|planner=Heuristic|workload=lm|profile=wan_light,3,Heuristic,lm,wan_light,39.374367688,73.02047072,1,True,False,67c39c87bada598f26b8663a2ac477bbd5abd1fdfb1575b6cf9d5482e353bf1e,failed-campaign-success-prefix,/home/mchoi/g007-all-planners-heuristic-lm-relocation-61a907f-d60da24-20260802-v1,/home/mchoi/g007-heuristic-lm-relocation-stage-61a907f-20260802-v3/g007-stage-acb0f61eb4be3aabfd68f617ad6631c683a24a72c4950fa89dbf7026688c4ce0,61a907f07ff727c1438e07199f443db7f1e16032,d4b5308325f6f885b294e30e9645f973e34b5bbaf8a885f249f01c0e111832c5,/home/mchoi/g007-all-planners-heuristic-lm-relocation-61a907f-d60da24-20260802-v1/planners/Heuristic/cells/050-e796022890fa/response.json
workers=3|planner=Heuristic|workload=lm|profile=wan_mid,3,Heuristic,lm,wan_mid,43.871926468,77.456049198,1,True,False,e8d46a0730843081102210c6e9753d47053ea13977fdc1baac868024b56816dd,failed-campaign-success-prefix,/home/mchoi/g007-all-planners-heuristic-lm-relocation-61a907f-d60da24-20260802-v1,/home/mchoi/g007-heuristic-lm-relocation-stage-61a907f-20260802-v3/g007-stage-acb0f61eb4be3aabfd68f617ad6631c683a24a72c4950fa89dbf7026688c4ce0,61a907f07ff727c1438e07199f443db7f1e16032,d4b5308325f6f885b294e30e9645f973e34b5bbaf8a885f249f01c0e111832c5,/home/mchoi/g007-all-planners-heuristic-lm-relocation-61a907f-d60da24-20260802-v1/planners/Heuristic/cells/051-ceefbb4b00f9/response.json
workers=3|planner=Heuristic|workload=l2svm|profile=lan,3,Heuristic,l2svm,lan,45.216405985,78.983852124,1,True,False,193c9013a06fc36f643a378f7bf7f45e70374603afab253cedde635243f149f8,failed-campaign-success-prefix,/home/mchoi/g007-all-planners-heuristic-lm-relocation-61a907f-d60da24-20260802-v1,/home/mchoi/g007-heuristic-lm-relocation-stage-61a907f-20260802-v3/g007-stage-acb0f61eb4be3aabfd68f617ad6631c683a24a72c4950fa89dbf7026688c4ce0,61a907f07ff727c1438e07199f443db7f1e16032,d4b5308325f6f885b294e30e9645f973e34b5bbaf8a885f249f01c0e111832c5,/home/mchoi/g007-all-planners-heuristic-lm-relocation-61a907f-d60da24-20260802-v1/planners/Heuristic/cells/052-835213d95f25/response.json
workers=3|planner=Heuristic|workload=l2svm|profile=wan_light,3,Heuristic,l2svm,wan_light,161.07391314,191.011457831,1,True,False,fe57325f671c5f66b927d08b61e7590c8defeff585196771c6f4074d3ac5847d,failed-campaign-success-prefix,/home/mchoi/g007-all-planners-heuristic-lm-relocation-61a907f-d60da24-20260802-v1,/home/mchoi/g007-heuristic-lm-relocation-stage-61a907f-20260802-v3/g007-stage-acb0f61eb4be3aabfd68f617ad6631c683a24a72c4950fa89dbf7026688c4ce0,61a907f07ff727c1438e07199f443db7f1e16032,d4b5308325f6f885b294e30e9645f973e34b5bbaf8a885f249f01c0e111832c5,/home/mchoi/g007-all-planners-heuristic-lm-relocation-61a907f-d60da24-20260802-v1/planners/Heuristic/cells/053-01226454452d/response.json
workers=3|planner=Heuristic|workload=l2svm|profile=wan_mid,3,Heuristic,l2svm,wan_mid,522.914277131,556.985024346,1,True,False,57d0fac37bf1c5b37a1c4777ef5c5c1b52a6d51a4e029d73f4a6a4ceb85feb47,failed-campaign-success-prefix,/home/mchoi/g007-all-planners-heuristic-lm-relocation-61a907f-d60da24-20260802-v1,/home/mchoi/g007-heuristic-lm-relocation-stage-61a907f-20260802-v3/g007-stage-acb0f61eb4be3aabfd68f617ad6631c683a24a72c4950fa89dbf7026688c4ce0,61a907f07ff727c1438e07199f443db7f1e16032,d4b5308325f6f885b294e30e9645f973e34b5bbaf8a885f249f01c0e111832c5,/home/mchoi/g007-all-planners-heuristic-lm-relocation-61a907f-d60da24-20260802-v1/planners/Heuristic/cells/054-720cd3c788d5/response.json
workers=3|planner=Heuristic|workload=logreg|profile=lan,3,Heuristic,logreg,lan,36.960220258,70.551026503,1,True,False,744913f4a7a007bdab00f3bd5dad7d70d22a460f2bc95612ba0eadb31049956a,failed-campaign-success-prefix,/home/mchoi/g007-all-planners-heuristic-lm-relocation-61a907f-d60da24-20260802-v1,/home/mchoi/g007-heuristic-lm-relocation-stage-61a907f-20260802-v3/g007-stage-acb0f61eb4be3aabfd68f617ad6631c683a24a72c4950fa89dbf7026688c4ce0,61a907f07ff727c1438e07199f443db7f1e16032,d4b5308325f6f885b294e30e9645f973e34b5bbaf8a885f249f01c0e111832c5,/home/mchoi/g007-all-planners-heuristic-lm-relocation-61a907f-d60da24-20260802-v1/planners/Heuristic/cells/055-cc14bcfc7c2e/response.json
workers=3|planner=Heuristic|workload=logreg|profile=wan_light,3,Heuristic,logreg,wan_light,76.886506146,110.467042621,1,True,False,f8531a524ece0651b8488c0c6e02c89df40931962b05cc28170eb82abfb760c3,failed-campaign-success-prefix,/home/mchoi/g007-all-planners-heuristic-lm-relocation-61a907f-d60da24-20260802-v1,/home/mchoi/g007-heuristic-lm-relocation-stage-61a907f-20260802-v3/g007-stage-acb0f61eb4be3aabfd68f617ad6631c683a24a72c4950fa89dbf7026688c4ce0,61a907f07ff727c1438e07199f443db7f1e16032,d4b5308325f6f885b294e30e9645f973e34b5bbaf8a885f249f01c0e111832c5,/home/mchoi/g007-all-planners-heuristic-lm-relocation-61a907f-d60da24-20260802-v1/planners/Heuristic/cells/056-f19f4a790969/response.json
workers=3|planner=Heuristic|workload=logreg|profile=wan_mid,3,Heuristic,logreg,wan_mid,200.054809751,233.65724435,1,True,False,852cfe33a767cb18a4388b8e1c884ae4d4193ea73c821c903fad895319d16851,failed-campaign-success-prefix,/home/mchoi/g007-all-planners-heuristic-lm-relocation-61a907f-d60da24-20260802-v1,/home/mchoi/g007-heuristic-lm-relocation-stage-61a907f-20260802-v3/g007-stage-acb0f61eb4be3aabfd68f617ad6631c683a24a72c4950fa89dbf7026688c4ce0,61a907f07ff727c1438e07199f443db7f1e16032,d4b5308325f6f885b294e30e9645f973e34b5bbaf8a885f249f01c0e111832c5,/home/mchoi/g007-all-planners-heuristic-lm-relocation-61a907f-d60da24-20260802-v1/planners/Heuristic/cells/057-a18c35208524/response.json
workers=3|planner=Heuristic|workload=als|profile=lan,3,Heuristic,als,lan,72.819033586,106.523157475,1,True,False,fb4343b2b19bb6f34d9da90b575a373d3c21afa961aa32c7518c5e433328e708,failed-campaign-success-prefix,/home/mchoi/g007-all-planners-heuristic-lm-relocation-61a907f-d60da24-20260802-v1,/home/mchoi/g007-heuristic-lm-relocation-stage-61a907f-20260802-v3/g007-stage-acb0f61eb4be3aabfd68f617ad6631c683a24a72c4950fa89dbf7026688c4ce0,61a907f07ff727c1438e07199f443db7f1e16032,d4b5308325f6f885b294e30e9645f973e34b5bbaf8a885f249f01c0e111832c5,/home/mchoi/g007-all-planners-heuristic-lm-relocation-61a907f-d60da24-20260802-v1/planners/Heuristic/cells/058-63c0f1628564/response.json
workers=3|planner=Heuristic|workload=als|profile=wan_light,3,Heuristic,als,wan_light,89.135336188,122.642751514,1,True,False,62f35179022f3fd77d42826bf3c35786de119a0a75932cdc344fce8587cc8fe1,failed-campaign-success-prefix,/home/mchoi/g007-all-planners-heuristic-lm-relocation-61a907f-d60da24-20260802-v1,/home/mchoi/g007-heuristic-lm-relocation-stage-61a907f-20260802-v3/g007-stage-acb0f61eb4be3aabfd68f617ad6631c683a24a72c4950fa89dbf7026688c4ce0,61a907f07ff727c1438e07199f443db7f1e16032,d4b5308325f6f885b294e30e9645f973e34b5bbaf8a885f249f01c0e111832c5,/home/mchoi/g007-all-planners-heuristic-lm-relocation-61a907f-d60da24-20260802-v1/planners/Heuristic/cells/059-0ae43b4cd8dc/response.json
workers=3|planner=Heuristic|workload=als|profile=wan_mid,3,Heuristic,als,wan_mid,134.085196545,167.683763468,1,True,False,c5526e12580d0d2ae155e9eff2202a0358ea76d0f606a6c2267f6fe2bc18189f,failed-campaign-success-prefix,/home/mchoi/g007-all-planners-heuristic-lm-relocation-61a907f-d60da24-20260802-v1,/home/mchoi/g007-heuristic-lm-relocation-stage-61a907f-20260802-v3/g007-stage-acb0f61eb4be3aabfd68f617ad6631c683a24a72c4950fa89dbf7026688c4ce0,61a907f07ff727c1438e07199f443db7f1e16032,d4b5308325f6f885b294e30e9645f973e34b5bbaf8a885f249f01c0e111832c5,/home/mchoi/g007-all-planners-heuristic-lm-relocation-61a907f-d60da24-20260802-v1/planners/Heuristic/cells/060-663800a3efb4/response.json
workers=3|planner=Heuristic|workload=steplm|profile=lan,3,Heuristic,steplm,lan,64.920221653,98.783214234,1,True,False,f31e310241eac0c876cd5cbe72fd962ac7b64dc47d6c2fdf53664a8f215c373a,failed-campaign-success-prefix,/home/mchoi/g007-all-planners-heuristic-lm-relocation-61a907f-d60da24-20260802-v1,/home/mchoi/g007-heuristic-lm-relocation-stage-61a907f-20260802-v3/g007-stage-acb0f61eb4be3aabfd68f617ad6631c683a24a72c4950fa89dbf7026688c4ce0,61a907f07ff727c1438e07199f443db7f1e16032,d4b5308325f6f885b294e30e9645f973e34b5bbaf8a885f249f01c0e111832c5,/home/mchoi/g007-all-planners-heuristic-lm-relocation-61a907f-d60da24-20260802-v1/planners/Heuristic/cells/061-9fc60a0fa4df/response.json
workers=3|planner=Heuristic|workload=steplm|profile=wan_light,3,Heuristic,steplm,wan_light,392.359318786,425.847715852,1,True,False,acadf79e4db10aace1d4b9c28b1d6291190e7ae9fbec19334ff9f616bd3cf329,failed-campaign-success-prefix,/home/mchoi/g007-all-planners-heuristic-lm-relocation-61a907f-d60da24-20260802-v1,/home/mchoi/g007-heuristic-lm-relocation-stage-61a907f-20260802-v3/g007-stage-acb0f61eb4be3aabfd68f617ad6631c683a24a72c4950fa89dbf7026688c4ce0,61a907f07ff727c1438e07199f443db7f1e16032,d4b5308325f6f885b294e30e9645f973e34b5bbaf8a885f249f01c0e111832c5,/home/mchoi/g007-all-planners-heuristic-lm-relocation-61a907f-d60da24-20260802-v1/planners/Heuristic/cells/062-4cde488026d5/response.json
workers=3|planner=Heuristic|workload=steplm|profile=wan_mid,3,Heuristic,steplm,wan_mid,1419.9549772,1453.580069058,1,True,False,ee716ae8a4da661dd5b585dd774789bffcd3a7f38a1eb751c3b56c69471ed1a2,failed-campaign-success-prefix,/home/mchoi/g007-all-planners-heuristic-lm-relocation-61a907f-d60da24-20260802-v1,/home/mchoi/g007-heuristic-lm-relocation-stage-61a907f-20260802-v3/g007-stage-acb0f61eb4be3aabfd68f617ad6631c683a24a72c4950fa89dbf7026688c4ce0,61a907f07ff727c1438e07199f443db7f1e16032,d4b5308325f6f885b294e30e9645f973e34b5bbaf8a885f249f01c0e111832c5,/home/mchoi/g007-all-planners-heuristic-lm-relocation-61a907f-d60da24-20260802-v1/planners/Heuristic/cells/063-13c66cc375f8/response.json
workers=4|planner=Heuristic|workload=kmeans|profile=lan,4,Heuristic,kmeans,lan,178.153643262,206.082526551,1,True,False,538b5c842b6ed3a0f9d4fc0f6d6e9b7475804670ff161e7cccd7e01915ee7b25,failed-campaign-success-prefix,/home/mchoi/g007-all-planners-heuristic-lm-relocation-61a907f-d60da24-20260802-v1,/home/mchoi/g007-heuristic-lm-relocation-stage-61a907f-20260802-v3/g007-stage-acb0f61eb4be3aabfd68f617ad6631c683a24a72c4950fa89dbf7026688c4ce0,61a907f07ff727c1438e07199f443db7f1e16032,d4b5308325f6f885b294e30e9645f973e34b5bbaf8a885f249f01c0e111832c5,/home/mchoi/g007-all-planners-heuristic-lm-relocation-61a907f-d60da24-20260802-v1/planners/Heuristic/cells/064-7203fb84ae7d/response.json
workers=4|planner=Heuristic|workload=kmeans|profile=wan_light,4,Heuristic,kmeans,wan_light,192.875168634,220.817843808,1,True,False,278a4eb47c9048b631a23a29c2d0c75dca9a4dc42bfc2fd00f6a2aa65a062ad5,failed-campaign-success-prefix,/home/mchoi/g007-all-planners-heuristic-lm-relocation-61a907f-d60da24-20260802-v1,/home/mchoi/g007-heuristic-lm-relocation-stage-61a907f-20260802-v3/g007-stage-acb0f61eb4be3aabfd68f617ad6631c683a24a72c4950fa89dbf7026688c4ce0,61a907f07ff727c1438e07199f443db7f1e16032,d4b5308325f6f885b294e30e9645f973e34b5bbaf8a885f249f01c0e111832c5,/home/mchoi/g007-all-planners-heuristic-lm-relocation-61a907f-d60da24-20260802-v1/planners/Heuristic/cells/065-b26f66fa2cf9/response.json
workers=4|planner=Heuristic|workload=kmeans|profile=wan_mid,4,Heuristic,kmeans,wan_mid,236.924937834,264.887612785,1,True,False,03f7fb3e439a9db871a12cd9a7f5067c07578cb18da9646176d73e455b7f6700,failed-campaign-success-prefix,/home/mchoi/g007-all-planners-heuristic-lm-relocation-61a907f-d60da24-20260802-v1,/home/mchoi/g007-heuristic-lm-relocation-stage-61a907f-20260802-v3/g007-stage-acb0f61eb4be3aabfd68f617ad6631c683a24a72c4950fa89dbf7026688c4ce0,61a907f07ff727c1438e07199f443db7f1e16032,d4b5308325f6f885b294e30e9645f973e34b5bbaf8a885f249f01c0e111832c5,/home/mchoi/g007-all-planners-heuristic-lm-relocation-61a907f-d60da24-20260802-v1/planners/Heuristic/cells/066-eb7754fb1b66/response.json
workers=4|planner=Heuristic|workload=pca|profile=lan,4,Heuristic,pca,lan,144.52726564,184.790996172,1,True,False,6ea67055f0303ad8c7e686d25b6d29191cebde45ce637bcad8cba8e5a718efab,failed-campaign-success-prefix,/home/mchoi/g007-all-planners-heuristic-lm-relocation-61a907f-d60da24-20260802-v1,/home/mchoi/g007-heuristic-lm-relocation-stage-61a907f-20260802-v3/g007-stage-acb0f61eb4be3aabfd68f617ad6631c683a24a72c4950fa89dbf7026688c4ce0,61a907f07ff727c1438e07199f443db7f1e16032,d4b5308325f6f885b294e30e9645f973e34b5bbaf8a885f249f01c0e111832c5,/home/mchoi/g007-all-planners-heuristic-lm-relocation-61a907f-d60da24-20260802-v1/planners/Heuristic/cells/067-b63b09063ed3/response.json
workers=4|planner=Heuristic|workload=pca|profile=wan_light,4,Heuristic,pca,wan_light,154.122922896,186.299169043,1,True,False,9ddb67fa117384eaf0c0dc308a74de9e695313e644e7e124e7b7c612fa5950df,failed-campaign-success-prefix,/home/mchoi/g007-all-planners-heuristic-lm-relocation-61a907f-d60da24-20260802-v1,/home/mchoi/g007-heuristic-lm-relocation-stage-61a907f-20260802-v3/g007-stage-acb0f61eb4be3aabfd68f617ad6631c683a24a72c4950fa89dbf7026688c4ce0,61a907f07ff727c1438e07199f443db7f1e16032,d4b5308325f6f885b294e30e9645f973e34b5bbaf8a885f249f01c0e111832c5,/home/mchoi/g007-all-planners-heuristic-lm-relocation-61a907f-d60da24-20260802-v1/planners/Heuristic/cells/068-fae1c90b5884/response.json
workers=4|planner=Heuristic|workload=pca|profile=wan_mid,4,Heuristic,pca,wan_mid,159.303811183,195.525975938,1,True,False,7944a12cf06bf23e895de56ead99ae7c0ba29ca54f6a839c186c3cb8f8b85c02,failed-campaign-success-prefix,/home/mchoi/g007-all-planners-heuristic-lm-relocation-61a907f-d60da24-20260802-v1,/home/mchoi/g007-heuristic-lm-relocation-stage-61a907f-20260802-v3/g007-stage-acb0f61eb4be3aabfd68f617ad6631c683a24a72c4950fa89dbf7026688c4ce0,61a907f07ff727c1438e07199f443db7f1e16032,d4b5308325f6f885b294e30e9645f973e34b5bbaf8a885f249f01c0e111832c5,/home/mchoi/g007-all-planners-heuristic-lm-relocation-61a907f-d60da24-20260802-v1/planners/Heuristic/cells/069-b005201d194c/response.json
workers=4|planner=Heuristic|workload=lm|profile=lan,4,Heuristic,lm,lan,35.047000983,71.126078337,1,True,False,5e3f9aead4ed953748fccf08fbd5238dc7e99c649e6c0472592906b08e5773f6,failed-campaign-success-prefix,/home/mchoi/g007-all-planners-heuristic-lm-relocation-61a907f-d60da24-20260802-v1,/home/mchoi/g007-heuristic-lm-relocation-stage-61a907f-20260802-v3/g007-stage-acb0f61eb4be3aabfd68f617ad6631c683a24a72c4950fa89dbf7026688c4ce0,61a907f07ff727c1438e07199f443db7f1e16032,d4b5308325f6f885b294e30e9645f973e34b5bbaf8a885f249f01c0e111832c5,/home/mchoi/g007-all-planners-heuristic-lm-relocation-61a907f-d60da24-20260802-v1/planners/Heuristic/cells/070-4182dd88aa76/response.json
workers=4|planner=Heuristic|workload=lm|profile=wan_light,4,Heuristic,lm,wan_light,36.873822956,76.926847791,1,True,False,ffe6cb7d052655ce2f4337450c27978d25ec234ecb4c09e9b46322a757d79def,failed-campaign-success-prefix,/home/mchoi/g007-all-planners-heuristic-lm-relocation-61a907f-d60da24-20260802-v1,/home/mchoi/g007-heuristic-lm-relocation-stage-61a907f-20260802-v3/g007-stage-acb0f61eb4be3aabfd68f617ad6631c683a24a72c4950fa89dbf7026688c4ce0,61a907f07ff727c1438e07199f443db7f1e16032,d4b5308325f6f885b294e30e9645f973e34b5bbaf8a885f249f01c0e111832c5,/home/mchoi/g007-all-planners-heuristic-lm-relocation-61a907f-d60da24-20260802-v1/planners/Heuristic/cells/071-453b09e559bb/response.json
workers=4|planner=Heuristic|workload=lm|profile=wan_mid,4,Heuristic,lm,wan_mid,42.008703534,77.982908504,1,True,False,071ce4935f6fcac36811fca1cf625bdaec24e59e523b565405b864c7131d91d4,failed-campaign-success-prefix,/home/mchoi/g007-all-planners-heuristic-lm-relocation-61a907f-d60da24-20260802-v1,/home/mchoi/g007-heuristic-lm-relocation-stage-61a907f-20260802-v3/g007-stage-acb0f61eb4be3aabfd68f617ad6631c683a24a72c4950fa89dbf7026688c4ce0,61a907f07ff727c1438e07199f443db7f1e16032,d4b5308325f6f885b294e30e9645f973e34b5bbaf8a885f249f01c0e111832c5,/home/mchoi/g007-all-planners-heuristic-lm-relocation-61a907f-d60da24-20260802-v1/planners/Heuristic/cells/072-c2474f7c81c4/response.json
workers=4|planner=Heuristic|workload=l2svm|profile=lan,4,Heuristic,l2svm,lan,46.226394752,86.625121257,1,True,False,c0fb2a2ca75101ef4ba4d5a4a72f610698ba81ed5b61f9afaeb1d2e1c6e4704d,failed-campaign-success-prefix,/home/mchoi/g007-all-planners-heuristic-lm-relocation-61a907f-d60da24-20260802-v1,/home/mchoi/g007-heuristic-lm-relocation-stage-61a907f-20260802-v3/g007-stage-acb0f61eb4be3aabfd68f617ad6631c683a24a72c4950fa89dbf7026688c4ce0,61a907f07ff727c1438e07199f443db7f1e16032,d4b5308325f6f885b294e30e9645f973e34b5bbaf8a885f249f01c0e111832c5,/home/mchoi/g007-all-planners-heuristic-lm-relocation-61a907f-d60da24-20260802-v1/planners/Heuristic/cells/073-38a3ff153d23/response.json
workers=4|planner=Heuristic|workload=l2svm|profile=wan_light,4,Heuristic,l2svm,wan_light,162.87299497,203.824783029,1,True,False,ccc336ceb6812255994b5096c7938a2f70ebb341d4c1addb83b49e7b0d35f7ca,failed-campaign-success-prefix,/home/mchoi/g007-all-planners-heuristic-lm-relocation-61a907f-d60da24-20260802-v1,/home/mchoi/g007-heuristic-lm-relocation-stage-61a907f-20260802-v3/g007-stage-acb0f61eb4be3aabfd68f617ad6631c683a24a72c4950fa89dbf7026688c4ce0,61a907f07ff727c1438e07199f443db7f1e16032,d4b5308325f6f885b294e30e9645f973e34b5bbaf8a885f249f01c0e111832c5,/home/mchoi/g007-all-planners-heuristic-lm-relocation-61a907f-d60da24-20260802-v1/planners/Heuristic/cells/074-9828fb419c6a/response.json
workers=4|planner=Heuristic|workload=l2svm|profile=wan_mid,4,Heuristic,l2svm,wan_mid,540.751979513,581.190415652,1,True,False,41ef801197f0a32ed616d70dbb048e61be5ccc925f7537f46f10da7494642daf,failed-campaign-success-prefix,/home/mchoi/g007-all-planners-heuristic-lm-relocation-61a907f-d60da24-20260802-v1,/home/mchoi/g007-heuristic-lm-relocation-stage-61a907f-20260802-v3/g007-stage-acb0f61eb4be3aabfd68f617ad6631c683a24a72c4950fa89dbf7026688c4ce0,61a907f07ff727c1438e07199f443db7f1e16032,d4b5308325f6f885b294e30e9645f973e34b5bbaf8a885f249f01c0e111832c5,/home/mchoi/g007-all-planners-heuristic-lm-relocation-61a907f-d60da24-20260802-v1/planners/Heuristic/cells/075-9578fa244db9/response.json
workers=4|planner=Heuristic|workload=logreg|profile=lan,4,Heuristic,logreg,lan,38.033758794,74.203192456,1,True,False,06743481cad673aecb71b2d189636092e9fcd924c044f2782d528a945a8e6dfe,failed-campaign-success-prefix,/home/mchoi/g007-all-planners-heuristic-lm-relocation-61a907f-d60da24-20260802-v1,/home/mchoi/g007-heuristic-lm-relocation-stage-61a907f-20260802-v3/g007-stage-acb0f61eb4be3aabfd68f617ad6631c683a24a72c4950fa89dbf7026688c4ce0,61a907f07ff727c1438e07199f443db7f1e16032,d4b5308325f6f885b294e30e9645f973e34b5bbaf8a885f249f01c0e111832c5,/home/mchoi/g007-all-planners-heuristic-lm-relocation-61a907f-d60da24-20260802-v1/planners/Heuristic/cells/076-65919bde3c01/response.json
workers=4|planner=Heuristic|workload=logreg|profile=wan_light,4,Heuristic,logreg,wan_light,77.964941862,114.074890711,1,True,False,f058e79c389b0431d0d5aa8cceaf3d9040c9531e3759333f5a596b99aad86f02,failed-campaign-success-prefix,/home/mchoi/g007-all-planners-heuristic-lm-relocation-61a907f-d60da24-20260802-v1,/home/mchoi/g007-heuristic-lm-relocation-stage-61a907f-20260802-v3/g007-stage-acb0f61eb4be3aabfd68f617ad6631c683a24a72c4950fa89dbf7026688c4ce0,61a907f07ff727c1438e07199f443db7f1e16032,d4b5308325f6f885b294e30e9645f973e34b5bbaf8a885f249f01c0e111832c5,/home/mchoi/g007-all-planners-heuristic-lm-relocation-61a907f-d60da24-20260802-v1/planners/Heuristic/cells/077-35d547e6977e/response.json
workers=4|planner=Heuristic|workload=logreg|profile=wan_mid,4,Heuristic,logreg,wan_mid,200.504630195,240.770967966,1,True,False,3215368dfd5c484bbba584da0a42437299c65e4f149fa103fc437e1254fc8d0c,failed-campaign-success-prefix,/home/mchoi/g007-all-planners-heuristic-lm-relocation-61a907f-d60da24-20260802-v1,/home/mchoi/g007-heuristic-lm-relocation-stage-61a907f-20260802-v3/g007-stage-acb0f61eb4be3aabfd68f617ad6631c683a24a72c4950fa89dbf7026688c4ce0,61a907f07ff727c1438e07199f443db7f1e16032,d4b5308325f6f885b294e30e9645f973e34b5bbaf8a885f249f01c0e111832c5,/home/mchoi/g007-all-planners-heuristic-lm-relocation-61a907f-d60da24-20260802-v1/planners/Heuristic/cells/078-3c59561ab488/response.json
workers=4|planner=Heuristic|workload=als|profile=lan,4,Heuristic,als,lan,72.693796131,112.826115311,1,True,False,0076a3c717fe5ca2151101801a147f53bd9cea9d34f63053f2a898f5d38e9e29,failed-campaign-success-prefix,/home/mchoi/g007-all-planners-heuristic-lm-relocation-61a907f-d60da24-20260802-v1,/home/mchoi/g007-heuristic-lm-relocation-stage-61a907f-20260802-v3/g007-stage-acb0f61eb4be3aabfd68f617ad6631c683a24a72c4950fa89dbf7026688c4ce0,61a907f07ff727c1438e07199f443db7f1e16032,d4b5308325f6f885b294e30e9645f973e34b5bbaf8a885f249f01c0e111832c5,/home/mchoi/g007-all-planners-heuristic-lm-relocation-61a907f-d60da24-20260802-v1/planners/Heuristic/cells/079-110df3da56bf/response.json
workers=4|planner=Heuristic|workload=als|profile=wan_light,4,Heuristic,als,wan_light,88.513072147,128.649160375,1,True,False,c0c8044d729dd69a89ff8a0bd26e9ce1c833b51c545b320b02c5e2b529a59c00,failed-campaign-success-prefix,/home/mchoi/g007-all-planners-heuristic-lm-relocation-61a907f-d60da24-20260802-v1,/home/mchoi/g007-heuristic-lm-relocation-stage-61a907f-20260802-v3/g007-stage-acb0f61eb4be3aabfd68f617ad6631c683a24a72c4950fa89dbf7026688c4ce0,61a907f07ff727c1438e07199f443db7f1e16032,d4b5308325f6f885b294e30e9645f973e34b5bbaf8a885f249f01c0e111832c5,/home/mchoi/g007-all-planners-heuristic-lm-relocation-61a907f-d60da24-20260802-v1/planners/Heuristic/cells/080-4509594a003c/response.json
workers=4|planner=Heuristic|workload=als|profile=wan_mid,4,Heuristic,als,wan_mid,130.995575285,170.974714174,1,True,False,b28a5cabfa9b04c663f23a731e9998d135f7e87c2e437fe21416162abbbe364c,failed-campaign-success-prefix,/home/mchoi/g007-all-planners-heuristic-lm-relocation-61a907f-d60da24-20260802-v1,/home/mchoi/g007-heuristic-lm-relocation-stage-61a907f-20260802-v3/g007-stage-acb0f61eb4be3aabfd68f617ad6631c683a24a72c4950fa89dbf7026688c4ce0,61a907f07ff727c1438e07199f443db7f1e16032,d4b5308325f6f885b294e30e9645f973e34b5bbaf8a885f249f01c0e111832c5,/home/mchoi/g007-all-planners-heuristic-lm-relocation-61a907f-d60da24-20260802-v1/planners/Heuristic/cells/081-d00d22d56069/response.json
workers=4|planner=Heuristic|workload=steplm|profile=lan,4,Heuristic,steplm,lan,65.12625126,105.298589713,1,True,False,0f84bc89342c6b5bcead663c66ed2d1d41171550333bd1e56a33173b21b5d6ff,failed-campaign-success-prefix,/home/mchoi/g007-all-planners-heuristic-lm-relocation-61a907f-d60da24-20260802-v1,/home/mchoi/g007-heuristic-lm-relocation-stage-61a907f-20260802-v3/g007-stage-acb0f61eb4be3aabfd68f617ad6631c683a24a72c4950fa89dbf7026688c4ce0,61a907f07ff727c1438e07199f443db7f1e16032,d4b5308325f6f885b294e30e9645f973e34b5bbaf8a885f249f01c0e111832c5,/home/mchoi/g007-all-planners-heuristic-lm-relocation-61a907f-d60da24-20260802-v1/planners/Heuristic/cells/082-ca88d00364f1/response.json
workers=4|planner=Heuristic|workload=steplm|profile=wan_light,4,Heuristic,steplm,wan_light,393.555875018,433.711505934,1,True,False,df186f593cfca3fe738d0735742cd1c93f1973b92de3370d3ba4482e0fc587ba,failed-campaign-success-prefix,/home/mchoi/g007-all-planners-heuristic-lm-relocation-61a907f-d60da24-20260802-v1,/home/mchoi/g007-heuristic-lm-relocation-stage-61a907f-20260802-v3/g007-stage-acb0f61eb4be3aabfd68f617ad6631c683a24a72c4950fa89dbf7026688c4ce0,61a907f07ff727c1438e07199f443db7f1e16032,d4b5308325f6f885b294e30e9645f973e34b5bbaf8a885f249f01c0e111832c5,/home/mchoi/g007-all-planners-heuristic-lm-relocation-61a907f-d60da24-20260802-v1/planners/Heuristic/cells/083-ffe5988eea5c/response.json
workers=4|planner=Heuristic|workload=steplm|profile=wan_mid,4,Heuristic,steplm,wan_mid,1416.791608458,1452.9432962,1,True,False,b08a14012a477cda66efaebe0caec1daa7fd72a3bb658620fb30af3fd2358aa2,failed-campaign-success-prefix,/home/mchoi/g007-all-planners-heuristic-lm-relocation-61a907f-d60da24-20260802-v1,/home/mchoi/g007-heuristic-lm-relocation-stage-61a907f-20260802-v3/g007-stage-acb0f61eb4be3aabfd68f617ad6631c683a24a72c4950fa89dbf7026688c4ce0,61a907f07ff727c1438e07199f443db7f1e16032,d4b5308325f6f885b294e30e9645f973e34b5bbaf8a885f249f01c0e111832c5,/home/mchoi/g007-all-planners-heuristic-lm-relocation-61a907f-d60da24-20260802-v1/planners/Heuristic/cells/084-630ad69b4f89/response.json
workers=1|planner=MinST|workload=kmeans|profile=lan,1,MinST,kmeans,lan,91.307109031,111.870029328,1,True,False,1e4125af24a82337f144b0d39bd5d90a3e966b534510817dce3993cc9a211c7a,failed-campaign-success-prefix,/home/mchoi/g007-all-planners-heuristic-lm-relocation-61a907f-d60da24-20260802-v1,/home/mchoi/g007-heuristic-lm-relocation-stage-61a907f-20260802-v3/g007-stage-acb0f61eb4be3aabfd68f617ad6631c683a24a72c4950fa89dbf7026688c4ce0,61a907f07ff727c1438e07199f443db7f1e16032,d4b5308325f6f885b294e30e9645f973e34b5bbaf8a885f249f01c0e111832c5,/home/mchoi/g007-all-planners-heuristic-lm-relocation-61a907f-d60da24-20260802-v1/planners/MinST/cells/001-65a55cadb404/response.json
workers=1|planner=MinST|workload=kmeans|profile=wan_light,1,MinST,kmeans,wan_light,104.525131719,125.180405134,1,True,False,819c00331b708c4f92e7978d900aec8d439ccadbbaa229810c71b37e3aedec76,failed-campaign-success-prefix,/home/mchoi/g007-all-planners-heuristic-lm-relocation-61a907f-d60da24-20260802-v1,/home/mchoi/g007-heuristic-lm-relocation-stage-61a907f-20260802-v3/g007-stage-acb0f61eb4be3aabfd68f617ad6631c683a24a72c4950fa89dbf7026688c4ce0,61a907f07ff727c1438e07199f443db7f1e16032,d4b5308325f6f885b294e30e9645f973e34b5bbaf8a885f249f01c0e111832c5,/home/mchoi/g007-all-planners-heuristic-lm-relocation-61a907f-d60da24-20260802-v1/planners/MinST/cells/002-34c16bf0f605/response.json
workers=1|planner=MinST|workload=kmeans|profile=wan_mid,1,MinST,kmeans,wan_mid,161.94559127,182.496751479,1,True,False,27c30c8d438179f2b23acd4f2cd5422a2d68a99bce092b1311177a25cc2136ae,failed-campaign-success-prefix,/home/mchoi/g007-all-planners-heuristic-lm-relocation-61a907f-d60da24-20260802-v1,/home/mchoi/g007-heuristic-lm-relocation-stage-61a907f-20260802-v3/g007-stage-acb0f61eb4be3aabfd68f617ad6631c683a24a72c4950fa89dbf7026688c4ce0,61a907f07ff727c1438e07199f443db7f1e16032,d4b5308325f6f885b294e30e9645f973e34b5bbaf8a885f249f01c0e111832c5,/home/mchoi/g007-all-planners-heuristic-lm-relocation-61a907f-d60da24-20260802-v1/planners/MinST/cells/003-f7ff73257a8e/response.json
workers=1|planner=MinST|workload=pca|profile=lan,1,MinST,pca,lan,194.197030914,214.821493895,1,True,False,c09490109bedcc27da419908486d1ff580735d2e5f356ad55cb060292d652565,validated_minst_pca_upload_state_fix_canary,/home/mchoi/g007-minst-pca-upload-state-canary-005c16e-d60da24-20260802-v1,/home/mchoi/g007-minst-pca-upload-state-stage-005c16e-20260802-v1/g007-stage-2a711c5b306044a2879d039a64ca6f41c8a2d29a3bb00dcbec9d0e878451a86e,005c16e54341734ee6cfffffcdf5912d7020bd97,54a82575b5611b469048999cfeaa61f912f81306a045f88544e9a548a39da5a6,/home/mchoi/g007-minst-pca-upload-state-canary-005c16e-d60da24-20260802-v1/response.json
workers=1|planner=MinST|workload=pca|profile=wan_light,1,MinST,pca,wan_light,195.060929483,215.581001042,1,True,False,c6bf3a61c922fc02fe65620eaf1b13e3dc6612ce650d87c8a0e4e85ac00b8358,failed-campaign-success-prefix-before-minst-lm,/home/mchoi/g007-all-planners-minst-pca-upload-state-005c16e-d60da24-20260802-v1,/home/mchoi/g007-minst-pca-upload-state-stage-005c16e-20260802-v1/g007-stage-2a711c5b306044a2879d039a64ca6f41c8a2d29a3bb00dcbec9d0e878451a86e,005c16e54341734ee6cfffffcdf5912d7020bd97,54a82575b5611b469048999cfeaa61f912f81306a045f88544e9a548a39da5a6,/home/mchoi/g007-all-planners-minst-pca-upload-state-005c16e-d60da24-20260802-v1/planners/MinST/cells/005-ce492e271b49/response.json
workers=1|planner=MinST|workload=pca|profile=wan_mid,1,MinST,pca,wan_mid,202.334250429,222.91962825,1,True,False,8cd1a3d3e3de77d2a6136d67fce8135a28327be95a0ca22c5e7d7f02415f097f,failed-campaign-success-prefix-before-minst-lm,/home/mchoi/g007-all-planners-minst-pca-upload-state-005c16e-d60da24-20260802-v1,/home/mchoi/g007-minst-pca-upload-state-stage-005c16e-20260802-v1/g007-stage-2a711c5b306044a2879d039a64ca6f41c8a2d29a3bb00dcbec9d0e878451a86e,005c16e54341734ee6cfffffcdf5912d7020bd97,54a82575b5611b469048999cfeaa61f912f81306a045f88544e9a548a39da5a6,/home/mchoi/g007-all-planners-minst-pca-upload-state-005c16e-d60da24-20260802-v1/planners/MinST/cells/006-e71c9131c33e/response.json
workers=1|planner=MinST|workload=lm|profile=lan,1,MinST,lm,lan,129.321465679,149.862389625,1,True,False,89860fc19874cf1d11f3f21d87bdb075db2a174cd6ae27eb9cfc8dd93ae7d13e,validated_minst_lm_derived_fout_fix_canary,/home/mchoi/g007-minst-lm-derived-fout-canary-823bc4b-d60da24-20260802-v1,/home/mchoi/g007-minst-lm-derived-fout-stage-823bc4b-20260802-v1/g007-stage-c9a1d7ac6078c4617ef82fc872f99e160b6e7d11e3e27a4abd0d1d9a47ea56e3,823bc4bd3d7a0849610fd05b89b0ca4e6141b7c0,21edc924705f2ce81fd7d91a2ce945d2ffa339c540fa5aa3d30d8c14fb80d544,/home/mchoi/g007-minst-lm-derived-fout-canary-823bc4b-d60da24-20260802-v1/response.json
workers=1|planner=MinST|workload=lm|profile=wan_light,1,MinST,lm,wan_light,129.498448019,150.074615674,1,True,False,5604e2f1f1b20ad07de7372e9bd8cc1c6333457592937941dac57ba4f8107480,failed-campaign-success-prefix-before-minst-l2svm,/home/mchoi/g007-all-planners-minst-lm-derived-fout-823bc4b-d60da24-20260802-v1,/home/mchoi/g007-minst-lm-derived-fout-stage-823bc4b-20260802-v1/g007-stage-c9a1d7ac6078c4617ef82fc872f99e160b6e7d11e3e27a4abd0d1d9a47ea56e3,823bc4bd3d7a0849610fd05b89b0ca4e6141b7c0,21edc924705f2ce81fd7d91a2ce945d2ffa339c540fa5aa3d30d8c14fb80d544,/home/mchoi/g007-all-planners-minst-lm-derived-fout-823bc4b-d60da24-20260802-v1/planners/MinST/cells/008-489515d815d5/response.json
workers=1|planner=MinST|workload=lm|profile=wan_mid,1,MinST,lm,wan_mid,136.061533315,156.615867709,1,True,False,3613586358215f532a0716083d9b710b1093a145655d47469ff0ffa5653abcb0,failed-campaign-success-prefix-before-minst-l2svm,/home/mchoi/g007-all-planners-minst-lm-derived-fout-823bc4b-d60da24-20260802-v1,/home/mchoi/g007-minst-lm-derived-fout-stage-823bc4b-20260802-v1/g007-stage-c9a1d7ac6078c4617ef82fc872f99e160b6e7d11e3e27a4abd0d1d9a47ea56e3,823bc4bd3d7a0849610fd05b89b0ca4e6141b7c0,21edc924705f2ce81fd7d91a2ce945d2ffa339c540fa5aa3d30d8c14fb80d544,/home/mchoi/g007-all-planners-minst-lm-derived-fout-823bc4b-d60da24-20260802-v1/planners/MinST/cells/009-a84c5184c56c/response.json
workers=1|planner=MinST|workload=l2svm|profile=lan,1,MinST,l2svm,lan,71.020771038,91.536015399,1,True,False,88878ed4409e3e80b4037232900664a6d766f6deb51120a93f61a4a65b78e452,validated_minst_l2svm_worker_pool_fix_canary,/home/mchoi/g007-minst-l2svm-worker-pool-canary-5126afc-d60da24-20260802-v1,/home/mchoi/g007-minst-l2svm-worker-pool-stage-5126afc-20260802-v1/g007-stage-dc67db84ab37461fa33200541bde7e48625bf1d83662ab23b562a1484f34cee8,5126afca83ca6bfa972755fa22f2ba5e8ebeab50,0865b63ffc59969e3fe2d8ed394f4ddbafa77d44dd7fd05c1f2a005564116531,/home/mchoi/g007-minst-l2svm-worker-pool-canary-5126afc-d60da24-20260802-v1/response.json
workers=1|planner=MinST|workload=l2svm|profile=wan_light,1,MinST,l2svm,wan_light,74.701532117,95.265407001,1,True,False,21e5e2927459dfff2ee51cd342b1de35c74b23c7560b30fab04eebbecdfd81ae,failed-campaign-success-prefix-before-minst-steplm,/home/mchoi/g007-all-planners-minst-l2svm-worker-pool-5126afc-d60da24-20260802-v1,/home/mchoi/g007-minst-l2svm-worker-pool-stage-5126afc-20260802-v1/g007-stage-dc67db84ab37461fa33200541bde7e48625bf1d83662ab23b562a1484f34cee8,5126afca83ca6bfa972755fa22f2ba5e8ebeab50,0865b63ffc59969e3fe2d8ed394f4ddbafa77d44dd7fd05c1f2a005564116531,/home/mchoi/g007-all-planners-minst-l2svm-worker-pool-5126afc-d60da24-20260802-v1/planners/MinST/cells/011-d988f7142cf0/response.json
workers=1|planner=MinST|workload=l2svm|profile=wan_mid,1,MinST,l2svm,wan_mid,86.166833881,106.668235005,1,True,False,9706c41b3be51733ed0ea62cd000c286a034ddffed4dfeb385bccebea872820f,failed-campaign-success-prefix-before-minst-steplm,/home/mchoi/g007-all-planners-minst-l2svm-worker-pool-5126afc-d60da24-20260802-v1,/home/mchoi/g007-minst-l2svm-worker-pool-stage-5126afc-20260802-v1/g007-stage-dc67db84ab37461fa33200541bde7e48625bf1d83662ab23b562a1484f34cee8,5126afca83ca6bfa972755fa22f2ba5e8ebeab50,0865b63ffc59969e3fe2d8ed394f4ddbafa77d44dd7fd05c1f2a005564116531,/home/mchoi/g007-all-planners-minst-l2svm-worker-pool-5126afc-d60da24-20260802-v1/planners/MinST/cells/012-ef06cac38742/response.json
workers=1|planner=MinST|workload=logreg|profile=lan,1,MinST,logreg,lan,83.998903605,104.486331093,1,True,False,bbc9fb54e34c45328fbdcc0476b420dcc2f7082e28213da66eadea927825a251,failed-campaign-success-prefix-before-minst-steplm,/home/mchoi/g007-all-planners-minst-l2svm-worker-pool-5126afc-d60da24-20260802-v1,/home/mchoi/g007-minst-l2svm-worker-pool-stage-5126afc-20260802-v1/g007-stage-dc67db84ab37461fa33200541bde7e48625bf1d83662ab23b562a1484f34cee8,5126afca83ca6bfa972755fa22f2ba5e8ebeab50,0865b63ffc59969e3fe2d8ed394f4ddbafa77d44dd7fd05c1f2a005564116531,/home/mchoi/g007-all-planners-minst-l2svm-worker-pool-5126afc-d60da24-20260802-v1/planners/MinST/cells/013-9fd919dd4076/response.json
workers=1|planner=MinST|workload=logreg|profile=wan_light,1,MinST,logreg,wan_light,91.149825834,111.71445389,1,True,False,7865f2a560b2b5613e8fd4f07f2d687b4f508540bf9d97031a0ccf7559162302,failed-campaign-success-prefix-before-minst-steplm,/home/mchoi/g007-all-planners-minst-l2svm-worker-pool-5126afc-d60da24-20260802-v1,/home/mchoi/g007-minst-l2svm-worker-pool-stage-5126afc-20260802-v1/g007-stage-dc67db84ab37461fa33200541bde7e48625bf1d83662ab23b562a1484f34cee8,5126afca83ca6bfa972755fa22f2ba5e8ebeab50,0865b63ffc59969e3fe2d8ed394f4ddbafa77d44dd7fd05c1f2a005564116531,/home/mchoi/g007-all-planners-minst-l2svm-worker-pool-5126afc-d60da24-20260802-v1/planners/MinST/cells/014-5c8cee138b05/response.json
workers=1|planner=MinST|workload=logreg|profile=wan_mid,1,MinST,logreg,wan_mid,93.35214893,113.955818346,1,True,False,b95a4817408e063715e7ceb78b83acee01fa228e8eed9c2651c1c0023d184f30,failed-campaign-success-prefix-before-minst-steplm,/home/mchoi/g007-all-planners-minst-l2svm-worker-pool-5126afc-d60da24-20260802-v1,/home/mchoi/g007-minst-l2svm-worker-pool-stage-5126afc-20260802-v1/g007-stage-dc67db84ab37461fa33200541bde7e48625bf1d83662ab23b562a1484f34cee8,5126afca83ca6bfa972755fa22f2ba5e8ebeab50,0865b63ffc59969e3fe2d8ed394f4ddbafa77d44dd7fd05c1f2a005564116531,/home/mchoi/g007-all-planners-minst-l2svm-worker-pool-5126afc-d60da24-20260802-v1/planners/MinST/cells/015-1988402d5053/response.json
workers=1|planner=MinST|workload=als|profile=lan,1,MinST,als,lan,173.0509933,193.615567591,1,True,False,15701c860442cc1cab134fc690360b4f814b7007d0bccaadef364fd730fce413,failed-campaign-success-prefix-before-minst-steplm,/home/mchoi/g007-all-planners-minst-l2svm-worker-pool-5126afc-d60da24-20260802-v1,/home/mchoi/g007-minst-l2svm-worker-pool-stage-5126afc-20260802-v1/g007-stage-dc67db84ab37461fa33200541bde7e48625bf1d83662ab23b562a1484f34cee8,5126afca83ca6bfa972755fa22f2ba5e8ebeab50,0865b63ffc59969e3fe2d8ed394f4ddbafa77d44dd7fd05c1f2a005564116531,/home/mchoi/g007-all-planners-minst-l2svm-worker-pool-5126afc-d60da24-20260802-v1/planners/MinST/cells/016-afcccf9337a9/response.json
workers=1|planner=MinST|workload=als|profile=wan_light,1,MinST,als,wan_light,178.676807044,199.203079486,1,True,False,3b71a827cbce238173d005bdf89bfbb08984c060a8a99dd114be6358791e71ce,failed-campaign-success-prefix-before-minst-steplm,/home/mchoi/g007-all-planners-minst-l2svm-worker-pool-5126afc-d60da24-20260802-v1,/home/mchoi/g007-minst-l2svm-worker-pool-stage-5126afc-20260802-v1/g007-stage-dc67db84ab37461fa33200541bde7e48625bf1d83662ab23b562a1484f34cee8,5126afca83ca6bfa972755fa22f2ba5e8ebeab50,0865b63ffc59969e3fe2d8ed394f4ddbafa77d44dd7fd05c1f2a005564116531,/home/mchoi/g007-all-planners-minst-l2svm-worker-pool-5126afc-d60da24-20260802-v1/planners/MinST/cells/017-ba137724f34d/response.json
workers=1|planner=MinST|workload=als|profile=wan_mid,1,MinST,als,wan_mid,179.492364365,200.057387483,1,True,False,d5c96af7b1ca63d18cbef190be93aecfdb47dc514534f9ba6ec76bceadfe7490,failed-campaign-success-prefix-before-minst-steplm,/home/mchoi/g007-all-planners-minst-l2svm-worker-pool-5126afc-d60da24-20260802-v1,/home/mchoi/g007-minst-l2svm-worker-pool-stage-5126afc-20260802-v1/g007-stage-dc67db84ab37461fa33200541bde7e48625bf1d83662ab23b562a1484f34cee8,5126afca83ca6bfa972755fa22f2ba5e8ebeab50,0865b63ffc59969e3fe2d8ed394f4ddbafa77d44dd7fd05c1f2a005564116531,/home/mchoi/g007-all-planners-minst-l2svm-worker-pool-5126afc-d60da24-20260802-v1/planners/MinST/cells/018-49219ed6bda7/response.json
workers=1|planner=MinST|workload=steplm|profile=lan,1,MinST,steplm,lan,132.666106535,153.313938249,1,True,False,8febe37018e046d870d649a41e7558bf445cbd416838934adfa8e6f5cbe9315d,validated_minst_steplm_layout_fix_canary,/home/mchoi/g007-minst-steplm-layout-canary-e36339d-d60da24-20260802-v1,/home/mchoi/g007-minst-steplm-layout-stage-e36339d-20260802-v1/g007-stage-8aeaee8a7175bfc81535f41d19209f9dc70d1d1978b6642534badcf256bca66c,e36339d3b7cfb01afce099bb32127e033504db29,3eca30ec8cd1a4ab7193a107c3a242b4e9ce56fd0ab5554c723eebdbfe455b19,/home/mchoi/g007-minst-steplm-layout-canary-e36339d-d60da24-20260802-v1/response.json
workers=1|planner=MinST|workload=steplm|profile=wan_light,1,MinST,steplm,wan_light,136.103405979,156.700388743,1,True,False,ab233475d64dd90cc952212e412295d8c6445dd77f6b408929418afa46ce51f0,failed-campaign-success-prefix-before-minst-kmeans,/home/mchoi/g007-all-planners-minst-steplm-layout-e36339d-d60da24-20260802-v1,/home/mchoi/g007-minst-steplm-layout-stage-e36339d-20260802-v1/g007-stage-8aeaee8a7175bfc81535f41d19209f9dc70d1d1978b6642534badcf256bca66c,e36339d3b7cfb01afce099bb32127e033504db29,3eca30ec8cd1a4ab7193a107c3a242b4e9ce56fd0ab5554c723eebdbfe455b19,/home/mchoi/g007-all-planners-minst-steplm-layout-e36339d-d60da24-20260802-v1/planners/MinST/cells/020-ca228fb605c9/response.json
workers=1|planner=MinST|workload=steplm|profile=wan_mid,1,MinST,steplm,wan_mid,137.478390446,158.083885087,1,True,False,76b910601601529c4672aec5d3ab43d7dc7f89cc27da82f7cc02b456aeb501b2,failed-campaign-success-prefix-before-minst-kmeans,/home/mchoi/g007-all-planners-minst-steplm-layout-e36339d-d60da24-20260802-v1,/home/mchoi/g007-minst-steplm-layout-stage-e36339d-20260802-v1/g007-stage-8aeaee8a7175bfc81535f41d19209f9dc70d1d1978b6642534badcf256bca66c,e36339d3b7cfb01afce099bb32127e033504db29,3eca30ec8cd1a4ab7193a107c3a242b4e9ce56fd0ab5554c723eebdbfe455b19,/home/mchoi/g007-all-planners-minst-steplm-layout-e36339d-d60da24-20260802-v1/planners/MinST/cells/021-17bffc17a8c4/response.json
workers=2|planner=MinST|workload=kmeans|profile=lan,2,MinST,kmeans,lan,121.080435112,144.39978494,1,True,False,0616c3220170a6222e0275cc2dab38149c08742e4c44d1e76c52c6ad6c28375f,validated_minst_kmeans_derived_anchor_fix_canary,/home/mchoi/g007-minst-kmeans-derived-anchor-canary-e4f6bad-d60da24-20260802-v1,/home/mchoi/g007-minst-kmeans-derived-anchor-stage-e4f6bad-20260802-v1/g007-stage-9c6ac9593edd9ab30074778b7d990750ff2f6e8a925fb6a284bb80689c28854f,e4f6bad51de3212ac4641e97df33cf0a63a6f2fd,2f01c8511e4ac51d4d9475c367bbb3c0b766fd7b0d83ba8baf9ccbcb7613ff31,/home/mchoi/g007-minst-kmeans-derived-anchor-canary-e4f6bad-d60da24-20260802-v1/response.json
workers=2|planner=MinST|workload=kmeans|profile=wan_light,2,MinST,kmeans,wan_light,131.896404603,155.12977342,1,True,False,201f3dc762e742a0fd9e87e1171d9ec04c214e065e3a6085d8d7f248ea495520,failed-campaign-success-prefix-before-minst-native-local-fix,/home/mchoi/g007-all-planners-minst-kmeans-derived-anchor-e4f6bad-d60da24-20260802-v1,/home/mchoi/g007-minst-kmeans-derived-anchor-stage-e4f6bad-20260802-v1/g007-stage-9c6ac9593edd9ab30074778b7d990750ff2f6e8a925fb6a284bb80689c28854f,e4f6bad51de3212ac4641e97df33cf0a63a6f2fd,2f01c8511e4ac51d4d9475c367bbb3c0b766fd7b0d83ba8baf9ccbcb7613ff31,/home/mchoi/g007-all-planners-minst-kmeans-derived-anchor-e4f6bad-d60da24-20260802-v1/planners/MinST/cells/023-a79965a6418b/response.json
workers=2|planner=MinST|workload=kmeans|profile=wan_mid,2,MinST,kmeans,wan_mid,171.577080023,194.752535365,1,True,False,8497a4139d221722e4fa394a9f4ec19cfe7159a8af9a7a01cb9c1f2e3a1a56a1,failed-campaign-success-prefix-before-minst-native-local-fix,/home/mchoi/g007-all-planners-minst-kmeans-derived-anchor-e4f6bad-d60da24-20260802-v1,/home/mchoi/g007-minst-kmeans-derived-anchor-stage-e4f6bad-20260802-v1/g007-stage-9c6ac9593edd9ab30074778b7d990750ff2f6e8a925fb6a284bb80689c28854f,e4f6bad51de3212ac4641e97df33cf0a63a6f2fd,2f01c8511e4ac51d4d9475c367bbb3c0b766fd7b0d83ba8baf9ccbcb7613ff31,/home/mchoi/g007-all-planners-minst-kmeans-derived-anchor-e4f6bad-d60da24-20260802-v1/planners/MinST/cells/024-7474c7a7bba3/response.json
workers=2|planner=MinST|workload=pca|profile=lan,2,MinST,pca,lan,96.730809777,123.97448851,1,True,False,f2410df98a4585b62d48f609fc3e552b81306dcd58c6e0d9836d58d103aa6d9f,failed-campaign-success-prefix-before-minst-native-local-fix,/home/mchoi/g007-all-planners-minst-kmeans-derived-anchor-e4f6bad-d60da24-20260802-v1,/home/mchoi/g007-minst-kmeans-derived-anchor-stage-e4f6bad-20260802-v1/g007-stage-9c6ac9593edd9ab30074778b7d990750ff2f6e8a925fb6a284bb80689c28854f,e4f6bad51de3212ac4641e97df33cf0a63a6f2fd,2f01c8511e4ac51d4d9475c367bbb3c0b766fd7b0d83ba8baf9ccbcb7613ff31,/home/mchoi/g007-all-planners-minst-kmeans-derived-anchor-e4f6bad-d60da24-20260802-v1/planners/MinST/cells/025-d0de3daec14c/response.json
workers=2|planner=MinST|workload=pca|profile=wan_light,2,MinST,pca,wan_light,94.889466657,122.096292247,1,True,False,6b69c4d4a87a53bdbba7ab4c4d3e656711146b527388160519284892b93c04bf,failed-campaign-success-prefix-before-minst-native-local-fix,/home/mchoi/g007-all-planners-minst-kmeans-derived-anchor-e4f6bad-d60da24-20260802-v1,/home/mchoi/g007-minst-kmeans-derived-anchor-stage-e4f6bad-20260802-v1/g007-stage-9c6ac9593edd9ab30074778b7d990750ff2f6e8a925fb6a284bb80689c28854f,e4f6bad51de3212ac4641e97df33cf0a63a6f2fd,2f01c8511e4ac51d4d9475c367bbb3c0b766fd7b0d83ba8baf9ccbcb7613ff31,/home/mchoi/g007-all-planners-minst-kmeans-derived-anchor-e4f6bad-d60da24-20260802-v1/planners/MinST/cells/026-d024203f14fe/response.json
workers=2|planner=MinST|workload=pca|profile=wan_mid,2,MinST,pca,wan_mid,97.006561199,124.07273093,1,True,False,1da4bb12a70c08ef84d1673975e630747bb9d0d6a1a41fde7cbff1ad3bc8ebd4,failed-campaign-success-prefix-before-minst-native-local-fix,/home/mchoi/g007-all-planners-minst-kmeans-derived-anchor-e4f6bad-d60da24-20260802-v1,/home/mchoi/g007-minst-kmeans-derived-anchor-stage-e4f6bad-20260802-v1/g007-stage-9c6ac9593edd9ab30074778b7d990750ff2f6e8a925fb6a284bb80689c28854f,e4f6bad51de3212ac4641e97df33cf0a63a6f2fd,2f01c8511e4ac51d4d9475c367bbb3c0b766fd7b0d83ba8baf9ccbcb7613ff31,/home/mchoi/g007-all-planners-minst-kmeans-derived-anchor-e4f6bad-d60da24-20260802-v1/planners/MinST/cells/027-39166cb7ea92/response.json
workers=2|planner=MinST|workload=lm|profile=lan,2,MinST,lm,lan,45.216280075,72.39150077,1,True,False,4506bd9fe90c81df98c83d53c4f5993d48201c27c754f952c815c67fa47d8b36,failed-campaign-success-prefix-before-minst-native-local-fix,/home/mchoi/g007-all-planners-minst-kmeans-derived-anchor-e4f6bad-d60da24-20260802-v1,/home/mchoi/g007-minst-kmeans-derived-anchor-stage-e4f6bad-20260802-v1/g007-stage-9c6ac9593edd9ab30074778b7d990750ff2f6e8a925fb6a284bb80689c28854f,e4f6bad51de3212ac4641e97df33cf0a63a6f2fd,2f01c8511e4ac51d4d9475c367bbb3c0b766fd7b0d83ba8baf9ccbcb7613ff31,/home/mchoi/g007-all-planners-minst-kmeans-derived-anchor-e4f6bad-d60da24-20260802-v1/planners/MinST/cells/028-c1abfd71d216/response.json
workers=2|planner=MinST|workload=lm|profile=wan_light,2,MinST,lm,wan_light,46.524619715,73.604938614,1,True,False,7efe5c841563744ad7bc901b3d0a3dbe85d6b109d11e52ed0d70922f813f74dc,failed-campaign-success-prefix-before-minst-native-local-fix,/home/mchoi/g007-all-planners-minst-kmeans-derived-anchor-e4f6bad-d60da24-20260802-v1,/home/mchoi/g007-minst-kmeans-derived-anchor-stage-e4f6bad-20260802-v1/g007-stage-9c6ac9593edd9ab30074778b7d990750ff2f6e8a925fb6a284bb80689c28854f,e4f6bad51de3212ac4641e97df33cf0a63a6f2fd,2f01c8511e4ac51d4d9475c367bbb3c0b766fd7b0d83ba8baf9ccbcb7613ff31,/home/mchoi/g007-all-planners-minst-kmeans-derived-anchor-e4f6bad-d60da24-20260802-v1/planners/MinST/cells/029-4cd706108a7d/response.json
workers=2|planner=MinST|workload=lm|profile=wan_mid,2,MinST,lm,wan_mid,62.809879014,89.885560519,1,True,False,8d371bde3c0492ba584507fc84bbd298436eb3f8fc0f31ac94baf6c28f032b63,failed-campaign-success-prefix-before-minst-native-local-fix,/home/mchoi/g007-all-planners-minst-kmeans-derived-anchor-e4f6bad-d60da24-20260802-v1,/home/mchoi/g007-minst-kmeans-derived-anchor-stage-e4f6bad-20260802-v1/g007-stage-9c6ac9593edd9ab30074778b7d990750ff2f6e8a925fb6a284bb80689c28854f,e4f6bad51de3212ac4641e97df33cf0a63a6f2fd,2f01c8511e4ac51d4d9475c367bbb3c0b766fd7b0d83ba8baf9ccbcb7613ff31,/home/mchoi/g007-all-planners-minst-kmeans-derived-anchor-e4f6bad-d60da24-20260802-v1/planners/MinST/cells/030-4aa43a1f37f9/response.json
workers=2|planner=MinST|workload=l2svm|profile=lan,2,MinST,l2svm,lan,29.532813713,56.813738703,1,True,False,93957a489ab3ce5b613e809d0f9933cfe556f6ccaf1fb4deb80f59dabd4a9a9c,validated_minst_native_mixed_local_fix_canary,/home/mchoi/g007-minst-native-local-canary-e18d326-d60da24-20260802-v2,/home/mchoi/g007-minst-native-local-stage-e18d326-20260802-v1/g007-stage-43b9a97018e920b103c0e9b5f884208186b71ea6de1711ca81b98043df3433c8,e18d326b3f091fdf3433e5347001f580077e6d79,ed315ef65656861a6d8e2b8b2ccd83895120e3ac0f9091beb7ff17ccc6ab123f,/home/mchoi/g007-minst-native-local-canary-e18d326-d60da24-20260802-v2/response.json
workers=2|planner=MinST|workload=l2svm|profile=wan_light,2,MinST,l2svm,wan_light,107.052651636,130.112862449,1,True,False,0a63e70685104a417213c457bbccfa89b399b5cd5ef7bdd796581620e9b6e6ca,e18d326-unfinished-only-continuation-success-prefix,/home/mchoi/g007-all-planners-minst-native-local-e18d326-d60da24-20260802-v1,/home/mchoi/g007-minst-native-local-stage-e18d326-20260802-v1/g007-stage-43b9a97018e920b103c0e9b5f884208186b71ea6de1711ca81b98043df3433c8,e18d326b3f091fdf3433e5347001f580077e6d79,ed315ef65656861a6d8e2b8b2ccd83895120e3ac0f9091beb7ff17ccc6ab123f,/home/mchoi/g007-all-planners-minst-native-local-e18d326-d60da24-20260802-v1/planners/MinST/cells/032-eaf07badd862/response.json
